COD_ZONA,EMPREGO_POR_SETOR_ATIVIDADE,QTD
1,Secundário,1025.4766386901622
1,Terciário,70826.83689312116
1,Outros,0
2,Secundário,2415.0304778390782
2,Terciário,49438.706833511824
2,Outros,0
3,Secundário,852.2265081906643
3,Terciário,17695.12032531207
3,Outros,0
4,Secundário,1422.5368146627407
4,Terciário,20983.01854988919
4,Outros,148.38523906723205
5,Secundário,1780.840670362682
5,Terciário,87705.8148243477
5,Outros,0
6,Secundário,1785.7835524301502
6,Terciário,36586.13871973246
6,Outros,0
7,Secundário,5571.342557158149
7,Terciário,29476.568402873996
7,Outros,0
8,Secundário,3955.7430356601712
8,Terciário,11124.41415379066
8,Outros,0
9,Secundário,3238.9050738405394
9,Terciário,13253.476528881476
9,Outros,0
10,Secundário,1412.6825473635477
10,Terciário,5300.082299945853
10,Outros,0
11,Secundário,1595.9817813333339
11,Terciário,2305.4287972635275
11,Outros,0
12,Secundário,3142.8809612438217
12,Terciário,17925.078411080816
12,Outros,0
13,Secundário,1641.6690032132274
13,Terciário,7639.709681559022
13,Outros,0
14,Secundário,7231.072757370577
14,Terciário,20707.59103221942
14,Outros,0
15,Secundário,3801.7072930529584
15,Terciário,10369.637956550938
15,Outros,0
16,Secundário,1933.7348620835282
16,Terciário,16550.5729992849
16,Outros,0
17,Secundário,131.2500828745294
17,Terciário,9229.566123783054
17,Outros,0
18,Secundário,7757.614064623462
18,Terciário,16331.91013297599
18,Outros,0
19,Secundário,578.3031898656491
19,Terciário,15869.561958000006
19,Outros,0
20,Secundário,115.6840312779305
20,Terciário,8043.240047703419
20,Outros,0
21,Secundário,255.1236427571921
21,Terciário,9429.922266503636
21,Outros,0
22,Secundário,154.06112377500006
22,Terciário,8270.644953429735
22,Outros,0
23,Secundário,0
23,Terciário,17914.649866048523
23,Outros,0
24,Secundário,524.5538236427318
24,Terciário,17471.496142868466
24,Outros,0
25,Secundário,1644.1243489547549
25,Terciário,10497.768419971479
25,Outros,0
26,Secundário,535.0285454438574
26,Terciário,12885.417725476269
26,Outros,0
27,Secundário,795.5571603254402
27,Terciário,44059.664706508775
27,Outros,0
28,Secundário,1018.1557755586903
28,Terciário,27414.346075858393
28,Outros,0
29,Secundário,2531.3904505242144
29,Terciário,42879.387101093336
29,Outros,0
30,Secundário,475.4011361751052
30,Terciário,18107.415512958843
30,Outros,0
31,Secundário,749.4646639870018
31,Terciário,26352.806579971944
31,Outros,0
32,Secundário,3254.407445987038
32,Terciário,44982.41478908699
32,Outros,0
33,Secundário,502.48412379939737
33,Terciário,2623.9719670512886
33,Outros,0
34,Secundário,54.57754661478617
34,Terciário,9910.288354244487
34,Outros,0
35,Secundário,1159.2879388471622
35,Terciário,34634.154198886594
35,Outros,0
36,Secundário,1853.8265677996292
36,Terciário,31279.512865168388
36,Outros,0
37,Secundário,1374.9944605398014
37,Terciário,17644.628828979192
37,Outros,0
38,Secundário,2112.6354830964465
38,Terciário,3017.4112049450296
38,Outros,0
39,Secundário,1388.3060403614995
39,Terciário,7563.203252396563
39,Outros,0
40,Secundário,1291.1016954590896
40,Terciário,16363.382496858188
40,Outros,0
41,Secundário,5916.1933808798285
41,Terciário,18492.23496685867
41,Outros,0
42,Secundário,3774.551696799296
42,Terciário,4970.015936693849
42,Outros,0
43,Secundário,715.1556790878498
43,Terciário,22976.80127487661
43,Outros,0
44,Secundário,2004.891819453494
44,Terciário,16037.500742265436
44,Outros,0
45,Secundário,8079.702709997273
45,Terciário,25402.060604978044
45,Outros,0
46,Secundário,3689.440233460083
46,Terciário,12892.472628206622
46,Outros,0
47,Secundário,2636.5604824280013
47,Terciário,9340.009052192552
47,Outros,0
48,Secundário,1566.5033378525707
48,Terciário,13300.733340601666
48,Outros,0
49,Secundário,245.96676309241178
49,Terciário,19763.18505483875
49,Outros,0
50,Secundário,23.06458483333333
50,Terciário,1822.0857697256524
50,Outros,0
51,Secundário,142.5104116084047
51,Terciário,7022.565500487302
51,Outros,0
52,Secundário,760.558774647887
52,Terciário,13975.640604432716
52,Outros,0
53,Secundário,210.1855586590908
53,Terciário,22841.6499980257
53,Outros,0
54,Secundário,589.7407571528815
54,Terciário,29134.76077269263
54,Outros,0
55,Secundário,1082.2896219675263
55,Terciário,14595.281598819496
55,Outros,0
56,Secundário,252.92453890246946
56,Terciário,21889.7762089005
56,Outros,0
57,Secundário,2331.5208350086014
57,Terciário,42813.854888742055
57,Outros,0
58,Secundário,1417.4167688519665
58,Terciário,15010.366111323809
58,Outros,0
59,Secundário,3742.5028567264926
59,Terciário,27908.702124715528
59,Outros,0
60,Secundário,2363.1410898749587
60,Terciário,13024.699404845349
60,Outros,0
61,Secundário,287.12191196018944
61,Terciário,18447.537495462537
61,Outros,0
62,Secundário,1309.243309246729
62,Terciário,18685.31386502491
62,Outros,0
63,Secundário,159.83234726322615
63,Terciário,12489.989224327348
63,Outros,0
64,Secundário,1480.2523899092612
64,Terciário,39791.53946836199
64,Outros,0
65,Secundário,290.40171004551564
65,Terciário,17265.32032088214
65,Outros,0
66,Secundário,2075.975440166397
66,Terciário,20451.376894953166
66,Outros,0
67,Secundário,154.31082397587045
67,Terciário,8610.586530579407
67,Outros,0
68,Secundário,5516.774941468926
68,Terciário,67889.0150127448
68,Outros,159.74749134042554
69,Secundário,2250.558068568776
69,Terciário,21212.091849916113
69,Outros,0
70,Secundário,1764.1566800496475
70,Terciário,18559.821472124662
70,Outros,0
71,Secundário,2260.7588836703726
71,Terciário,18354.716788977457
71,Outros,0
72,Secundário,6148.649782464642
72,Terciário,18300.928827142096
72,Outros,0
73,Secundário,14386.118245935448
73,Terciário,82824.1141879495
73,Outros,522.3549702674194
74,Secundário,2566.665818102858
74,Terciário,33580.240148752826
74,Outros,86.53547491719773
75,Secundário,95.27942333679268
75,Terciário,12468.909071371025
75,Outros,0
76,Secundário,1549.9592840388943
76,Terciário,22128.67126793378
76,Outros,0
77,Secundário,2421.0910713181884
77,Terciário,36529.14515029426
77,Outros,0
78,Secundário,2175.0405241374356
78,Terciário,22756.99265679142
78,Outros,0
79,Secundário,814.467817621074
79,Terciário,45379.63295006875
79,Outros,0
80,Secundário,1633.2922817651922
80,Terciário,25919.325086521705
80,Outros,0
81,Secundário,3899.0857912290585
81,Terciário,37741.76735931236
81,Outros,0
82,Secundário,7464.099965828185
82,Terciário,67473.99296271938
82,Outros,135.7269894611743
83,Secundário,2548.5412063204403
83,Terciário,25190.997833868896
83,Outros,60.98706891167391
84,Secundário,1146.9257917530963
84,Terciário,11616.085750372433
84,Outros,0
85,Secundário,9.876248909722232
85,Terciário,3249.269244521325
85,Outros,0
86,Secundário,207.7550812638039
86,Terciário,3695.2650532021876
86,Outros,0
87,Secundário,2489.0438630169647
87,Terciário,8325.431984078163
87,Outros,29.54725694295326
88,Secundário,958.2408810030513
88,Terciário,23154.64582601535
88,Outros,0
89,Secundário,782.0756433988108
89,Terciário,4660.326194204299
89,Outros,0
90,Secundário,794.3788307739596
90,Terciário,8946.709180097185
90,Outros,0
91,Secundário,4359.534306121833
91,Terciário,20036.593389940477
91,Outros,0
92,Secundário,1705.0760201669561
92,Terciário,11219.714084876787
92,Outros,0
93,Secundário,2751.641775621767
93,Terciário,27743.11914643192
93,Outros,0
94,Secundário,992.8764667938843
94,Terciário,18568.403146770954
94,Outros,0
95,Secundário,589.0953747064948
95,Terciário,9059.474213475889
95,Outros,0
96,Secundário,1828.3655630596704
96,Terciário,10150.371211219244
96,Outros,0
97,Secundário,415.6512263349017
97,Terciário,13523.174772144337
97,Outros,0
98,Secundário,2555.304982921214
98,Terciário,5945.140093926816
98,Outros,0
99,Secundário,7212.7642384201445
99,Terciário,15723.459024470445
99,Outros,0
100,Secundário,2553.8993736437624
100,Terciário,37863.22522885136
100,Outros,0
101,Secundário,587.577414178813
101,Terciário,10403.256985805172
101,Outros,0
102,Secundário,630.9429740050871
102,Terciário,7545.18065774412
102,Outros,0
103,Secundário,40.02741765188834
103,Terciário,2881.926266472703
103,Outros,0
104,Secundário,301.43625894333195
104,Terciário,3315.464777691265
104,Outros,0
105,Secundário,20.90386647222224
105,Terciário,16491.80560601285
105,Outros,0
106,Secundário,1646.3724472393465
106,Terciário,19307.327573214818
106,Outros,0
107,Secundário,284.83021009286625
107,Terciário,12560.467639714556
107,Outros,0
108,Secundário,501.60652423744966
108,Terciário,14748.907857995546
108,Outros,293.90493817582364
109,Secundário,7447.943168495742
109,Terciário,26937.169264319247
109,Outros,0
110,Secundário,2394.569853194741
110,Terciário,14726.041136232847
110,Outros,0
111,Secundário,1278.8855426883158
111,Terciário,16447.98224519731
111,Outros,0
112,Secundário,3653.838759555665
112,Terciário,10230.387124250812
112,Outros,0
113,Secundário,5744.549163415594
113,Terciário,12627.267591216734
113,Outros,0
114,Secundário,0
114,Terciário,210.67466585714286
114,Outros,0
115,Secundário,2273.2335040593252
115,Terciário,10511.584985813184
115,Outros,0
116,Secundário,5213.427745434959
116,Terciário,26969.954267791243
116,Outros,0
117,Secundário,3908.829002656169
117,Terciário,12629.493883161338
117,Outros,0
118,Secundário,1424.8914816932124
118,Terciário,2581.847023776109
118,Outros,0
119,Secundário,3190.974740610956
119,Terciário,10777.803029324074
119,Outros,0
120,Secundário,0
120,Terciário,0
120,Outros,0
121,Secundário,3134.634894536475
121,Terciário,12555.909336434224
121,Outros,0
122,Secundário,1404.4109749344611
122,Terciário,8205.108334343004
122,Outros,0
123,Secundário,1225.4784610666654
123,Terciário,8382.421490561017
123,Outros,0
124,Secundário,3440.453072702636
124,Terciário,14218.044109603383
124,Outros,0
125,Secundário,2145.3396567149944
125,Terciário,10224.43488207722
125,Outros,0
126,Secundário,752.3298662033303
126,Terciário,11277.223116786658
126,Outros,0
127,Secundário,5391.127093970653
127,Terciário,14497.88998580717
127,Outros,0
128,Secundário,934.3085069444455
128,Terciário,12757.924231169594
128,Outros,0
129,Secundário,1147.8982209862693
129,Terciário,13310.37643373172
129,Outros,0
130,Secundário,12.314929714285729
130,Terciário,3846.4566760614234
130,Outros,0
131,Secundário,63.85240301459227
131,Terciário,10843.47260339293
131,Outros,0
132,Secundário,0
132,Terciário,3871.103424496129
132,Outros,0
133,Secundário,273.96546019894583
133,Terciário,20091.945767282337
133,Outros,0
134,Secundário,1694.0342116910003
134,Terciário,13011.948250179124
134,Outros,0
135,Secundário,918.457587530134
135,Terciário,16526.318451178035
135,Outros,0
136,Secundário,3686.356422990541
136,Terciário,19784.344085563833
136,Outros,0
137,Secundário,5128.664712943785
137,Terciário,15758.599260925132
137,Outros,0
138,Secundário,2364.781588176492
138,Terciário,9692.06952142856
138,Outros,0
139,Secundário,4667.9473635000195
139,Terciário,9499.620924798493
139,Outros,0
140,Secundário,3894.343692412507
140,Terciário,12342.29312604486
140,Outros,0
141,Secundário,1527.5573366457074
141,Terciário,20325.3481079318
141,Outros,0
142,Secundário,1772.1920436277787
142,Terciário,15902.003453406727
142,Outros,0
143,Secundário,0
143,Terciário,0
143,Outros,0
144,Secundário,2590.8260302887848
144,Terciário,27499.085404722642
144,Outros,0
145,Secundário,346.5535313106236
145,Terciário,2045.8709043661129
145,Outros,0
146,Secundário,0
146,Terciário,0
146,Outros,0
147,Secundário,1191.3633625
147,Terciário,12119.14324588923
147,Outros,0
148,Secundário,936.6975200400002
148,Terciário,6899.251282221889
148,Outros,0
149,Secundário,68.44721766666667
149,Terciário,0
149,Outros,0
150,Secundário,5425.3531113670015
150,Terciário,4844.063764255378
150,Outros,0
151,Secundário,6581.924895655653
151,Terciário,14428.614481979577
151,Outros,0
152,Secundário,1880.5265169862932
152,Terciário,12692.187611401514
152,Outros,0
153,Secundário,215.54954658690008
153,Terciário,10549.601191970442
153,Outros,0
154,Secundário,5305.673135984004
154,Terciário,11856.111135548937
154,Outros,0
155,Secundário,911.6796328617772
155,Terciário,5408.354484055273
155,Outros,0
156,Secundário,2511.2386073004627
156,Terciário,15099.812317348636
156,Outros,0
157,Secundário,1368.8917716410251
157,Terciário,5616.4553782491985
157,Outros,0
158,Secundário,1200.2399311371255
158,Terciário,6727.525275607777
158,Outros,0
159,Secundário,7631.467346063018
159,Terciário,21571.323092002538
159,Outros,0
160,Secundário,1432.7516461017722
160,Terciário,11263.846049327209
160,Outros,0
161,Secundário,4976.675029861425
161,Terciário,28228.916711528098
161,Outros,0
162,Secundário,5719.898583291339
162,Terciário,12103.217358612586
162,Outros,0
163,Secundário,2025.5477370889428
163,Terciário,15293.943131598666
163,Outros,0
164,Secundário,2104.5018372592203
164,Terciário,8401.515974513693
164,Outros,0
165,Secundário,166.00896750502739
165,Terciário,14166.501575692964
165,Outros,0
166,Secundário,1546.4813858952084
166,Terciário,28806.38768866438
166,Outros,0
167,Secundário,2565.317186460316
167,Terciário,34928.14517340149
167,Outros,0
168,Secundário,2019.6911663271999
168,Terciário,20138.82341778464
168,Outros,0
169,Secundário,2295.9992228073215
169,Terciário,16731.914005025486
169,Outros,0
170,Secundário,3513.2276980239485
170,Terciário,16354.217524910255
170,Outros,0
171,Secundário,940.6537088228869
171,Terciário,13869.734908831557
171,Outros,0
172,Secundário,2517.2353189391506
172,Terciário,8890.611644462317
172,Outros,0
173,Secundário,3795.1824795314724
173,Terciário,5225.699260729078
173,Outros,0
174,Secundário,3241.8937462860167
174,Terciário,6864.0769095367305
174,Outros,0
175,Secundário,3183.7258241175596
175,Terciário,6891.4894477290945
175,Outros,0
176,Secundário,6997.802736580703
176,Terciário,11679.532536040095
176,Outros,0
177,Secundário,536.7402759908214
177,Terciário,1357.7163810606849
177,Outros,0
178,Secundário,0
178,Terciário,1288.6441311551255
178,Outros,0
179,Secundário,0
179,Terciário,0
179,Outros,0
180,Secundário,3949.178338553297
180,Terciário,10495.970758132258
180,Outros,0
181,Secundário,639.0321410798845
181,Terciário,12079.747860483669
181,Outros,0
182,Secundário,2230.1274164866863
182,Terciário,14823.958056129286
182,Outros,0
183,Secundário,359.67648132857136
183,Terciário,7448.554899417621
183,Outros,0
184,Secundário,1123.652387919426
184,Terciário,3853.230579662014
184,Outros,0
185,Secundário,703.5489815386645
185,Terciário,4311.766435508769
185,Outros,0
186,Secundário,0
186,Terciário,2653.808416473284
186,Outros,0
187,Secundário,3526.0415818823285
187,Terciário,6432.534321620179
187,Outros,0
188,Secundário,1683.5036059651302
188,Terciário,6615.508281853292
188,Outros,0
189,Secundário,691.1092574829546
189,Terciário,10003.058187234245
189,Outros,0
190,Secundário,3155.1805805640347
190,Terciário,12234.355937694687
190,Outros,0
191,Secundário,49.55608317730481
191,Terciário,8637.243244422789
191,Outros,0
192,Secundário,669.3091480863401
192,Terciário,8708.786625885388
192,Outros,0
193,Secundário,416.5092675087476
193,Terciário,6168.983160665413
193,Outros,0
194,Secundário,231.8776862989368
194,Terciário,4620.469439737915
194,Outros,0
195,Secundário,1161.0855544871424
195,Terciário,5094.118940157171
195,Outros,0
196,Secundário,1173.8222316783565
196,Terciário,7165.447976558391
196,Outros,0
197,Secundário,768.8245159487183
197,Terciário,6994.204146574246
197,Outros,0
198,Secundário,1045.978081204211
198,Terciário,22887.6790311713
198,Outros,0
199,Secundário,5859.42503708899
199,Terciário,14809.845837824823
199,Outros,0
200,Secundário,1651.2698057005623
200,Terciário,7511.145451451395
200,Outros,0
201,Secundário,2330.5518642748157
201,Terciário,14288.81488943328
201,Outros,0
202,Secundário,665.0850502307692
202,Terciário,10805.790369070108
202,Outros,0
203,Secundário,2708.9376127968762
203,Terciário,6130.841736091627
203,Outros,0
204,Secundário,3023.269661382426
204,Terciário,19857.11819434829
204,Outros,0
205,Secundário,2914.9541732752505
205,Terciário,19358.505405941538
205,Outros,0
206,Secundário,2974.14141369115
206,Terciário,12924.323369712778
206,Outros,0
207,Secundário,4869.854216383013
207,Terciário,11138.146950778904
207,Outros,0
208,Secundário,5375.132821870159
208,Terciário,23466.409867397095
208,Outros,0
209,Secundário,4981.513535281026
209,Terciário,7938.724505598698
209,Outros,0
210,Secundário,1285.2072342874644
210,Terciário,19276.25736398035
210,Outros,0
211,Secundário,4133.136555272301
211,Terciário,16362.697874488013
211,Outros,0
212,Secundário,2356.036168316356
212,Terciário,6393.48724490989
212,Outros,0
213,Secundário,5444.008395670229
213,Terciário,16401.27750882123
213,Outros,0
214,Secundário,2222.1345991577737
214,Terciário,10167.859800366243
214,Outros,0
215,Secundário,1662.8963995952943
215,Terciário,16509.131787646853
215,Outros,0
216,Secundário,2982.057338081947
216,Terciário,9435.236876663224
216,Outros,0
217,Secundário,2243.5668390106807
217,Terciário,8588.403730381218
217,Outros,0
218,Secundário,3952.866295177554
218,Terciário,14670.715782278188
218,Outros,0
219,Secundário,5750.090261302077
219,Terciário,11425.342936641495
219,Outros,0
220,Secundário,1931.8467793575758
220,Terciário,8800.373809433784
220,Outros,0
221,Secundário,3405.856921921767
221,Terciário,14362.84533091346
221,Outros,0
222,Secundário,3205.7917702936666
222,Terciário,13558.02971636521
222,Outros,0
223,Secundário,2865.3229225739396
223,Terciário,7886.273232265934
223,Outros,0
224,Secundário,506.13378487580684
224,Terciário,1311.9830505822397
224,Outros,0
225,Secundário,3479.1954014801927
225,Terciário,8511.9223581119
225,Outros,0
226,Secundário,2024.8836293280515
226,Terciário,18645.50335043664
226,Outros,0
227,Secundário,3354.201611307567
227,Terciário,12439.226885668271
227,Outros,0
228,Secundário,2038.6143256230139
228,Terciário,6775.366434967589
228,Outros,0
229,Secundário,5803.186476243314
229,Terciário,26089.644570443917
229,Outros,0
230,Secundário,2609.039201099999
230,Terciário,11343.156643968949
230,Outros,0
231,Secundário,1328.1324810458857
231,Terciário,6929.64674601675
231,Outros,0
232,Secundário,2698.263228818955
232,Terciário,6857.546739270089
232,Outros,0
233,Secundário,1941.210317794873
233,Terciário,14715.885910984933
233,Outros,0
234,Secundário,4314.187974678528
234,Terciário,12826.086882960946
234,Outros,0
235,Secundário,4679.466174799089
235,Terciário,17735.85400222562
235,Outros,1407.318938882353
236,Secundário,3063.190679118239
236,Terciário,7857.346795410941
236,Outros,0
237,Secundário,1572.4404108659187
237,Terciário,10189.017560892164
237,Outros,0
238,Secundário,578.159149635207
238,Terciário,10734.456942091008
238,Outros,0
239,Secundário,2589.6710844933245
239,Terciário,14967.546216610433
239,Outros,0
240,Secundário,2301.629070134297
240,Terciário,16735.202520903196
240,Outros,0
241,Secundário,4960.894324007837
241,Terciário,7408.605452762031
241,Outros,0
242,Secundário,6777.208116449857
242,Terciário,5757.313797673936
242,Outros,0
243,Secundário,3234.18293157722
243,Terciário,16978.346942034805
243,Outros,0
244,Secundário,2175.010320845387
244,Terciário,8257.618976340209
244,Outros,0
245,Secundário,2731.475644336803
245,Terciário,3999.1714212212805
245,Outros,0
246,Secundário,1283.8893108128575
246,Terciário,5914.909055862063
246,Outros,0
247,Secundário,4776.517931044712
247,Terciário,16274.309026618812
247,Outros,0
248,Secundário,368.7956392808196
248,Terciário,1763.6141107634153
248,Outros,0
249,Secundário,3996.4810102778247
249,Terciário,10684.794050642564
249,Outros,0
250,Secundário,286.20812980519486
250,Terciário,12814.46828998733
250,Outros,0
251,Secundário,471.2890666346152
251,Terciário,11181.305711317309
251,Outros,0
252,Secundário,592.2863667827587
252,Terciário,11068.23331831128
252,Outros,0
253,Secundário,2541.3631690931907
253,Terciário,4413.2502366686795
253,Outros,0
254,Secundário,2349.962303226805
254,Terciário,19766.990763320617
254,Outros,0
255,Secundário,5050.885377646235
255,Terciário,15969.003242088176
255,Outros,0
256,Secundário,2600.264173556066
256,Terciário,6868.78853942865
256,Outros,0
257,Secundário,1920.0904123474274
257,Terciário,6232.962837669489
257,Outros,0
258,Secundário,3755.499162416814
258,Terciário,12230.339965818297
258,Outros,0
259,Secundário,2921.5738608245047
259,Terciário,7835.954030817496
259,Outros,0
260,Secundário,1842.0661880560842
260,Terciário,7061.100297833272
260,Outros,0
261,Secundário,2190.79429537671
261,Terciário,9827.558374711125
261,Outros,0
262,Secundário,3029.433650811006
262,Terciário,16262.436342368583
262,Outros,0
263,Secundário,1384.1295838596493
263,Terciário,13987.899582568043
263,Outros,0
264,Secundário,3071.4469530453507
264,Terciário,18666.207603158044
264,Outros,0
265,Secundário,2698.485257576925
265,Terciário,13157.898960808954
265,Outros,0
266,Secundário,1979.422941241792
266,Terciário,4425.306673373183
266,Outros,0
267,Secundário,2301.321507111683
267,Terciário,7948.204148667803
267,Outros,0
268,Secundário,842.2777370872932
268,Terciário,10224.487890730197
268,Outros,0
269,Secundário,2529.0896889715655
269,Terciário,15824.531082355552
269,Outros,0
270,Secundário,255.985429950869
270,Terciário,9555.879556089494
270,Outros,0
271,Secundário,37.87422973126172
271,Terciário,12718.870328291516
271,Outros,669.3503703599995
272,Secundário,1177.8676604818695
272,Terciário,11849.91976436095
272,Outros,0
273,Secundário,5189.238527611269
273,Terciário,21888.41258411198
273,Outros,0
274,Secundário,3851.0343120645202
274,Terciário,30538.305965038922
274,Outros,0
275,Secundário,6184.8840680621925
275,Terciário,18202.868725243912
275,Outros,0
276,Secundário,4889.202109210223
276,Terciário,18329.45914505119
276,Outros,172.4679161904762
277,Secundário,3525.345820546927
277,Terciário,22764.00087538381
277,Outros,0
278,Secundário,4830.704157201538
278,Terciário,16835.663333980025
278,Outros,0
279,Secundário,2050.0909451969064
279,Terciário,15788.89116348772
279,Outros,0
280,Secundário,9567.92522717994
280,Terciário,18599.538091175396
280,Outros,0
281,Secundário,2445.1573564326773
281,Terciário,17025.177288379895
281,Outros,0
282,Secundário,3383.2843613635623
282,Terciário,19419.21474362891
282,Outros,0
283,Secundário,430.814418646994
283,Terciário,3258.2730232096073
283,Outros,0
284,Secundário,2618.675592145054
284,Terciário,10398.174568997358
284,Outros,0
285,Secundário,3971.3910511589943
285,Terciário,23414.462378547018
285,Outros,0
286,Secundário,6785.861261483172
286,Terciário,12555.317440938683
286,Outros,0
287,Secundário,2960.3919259563013
287,Terciário,11771.38957805073
287,Outros,0
288,Secundário,979.6352741463414
288,Terciário,7870.21047081649
288,Outros,0
289,Secundário,3171.441804693646
289,Terciário,17893.836187894463
289,Outros,0
290,Secundário,1025.6117499117652
290,Terciário,8689.773861726215
290,Outros,0
291,Secundário,2777.4088258609663
291,Terciário,15292.910629826638
291,Outros,0
292,Secundário,2685.4846753861466
292,Terciário,7961.452035185432
292,Outros,0
293,Secundário,637.5112503178234
293,Terciário,26541.927923093524
293,Outros,0
294,Secundário,507.1912736209251
294,Terciário,14552.62534584584
294,Outros,0
295,Secundário,3845.2703376010336
295,Terciário,15739.257452333546
295,Outros,0
296,Secundário,822.9206576548679
296,Terciário,643.6092828066335
296,Outros,130.89281848548387
297,Secundário,260.96603477084483
297,Terciário,497.9125690304967
297,Outros,39.62092420612417
298,Secundário,5727.02697422467
298,Terciário,21469.94282643673
298,Outros,471.1395443458659
299,Secundário,395.56730588485607
299,Terciário,1790.2595282308343
299,Outros,0
300,Secundário,9917.163517402943
300,Terciário,91125.24671604662
300,Outros,0
301,Secundário,657.6071921662217
301,Terciário,17506.58027819526
301,Outros,69.49873535294097
302,Secundário,1300.6252524562399
302,Terciário,28400.885200497854
302,Outros,0
303,Secundário,2415.0054660291175
303,Terciário,26281.85821522388
303,Outros,0
304,Secundário,3771.013859623868
304,Terciário,31059.14557075541
304,Outros,0
305,Secundário,3486.6467559453317
305,Terciário,22796.017453410772
305,Outros,0
306,Secundário,5513.1901089253
306,Terciário,13774.529139717462
306,Outros,0
307,Secundário,4858.494074685839
307,Terciário,19287.6915070214
307,Outros,0
308,Secundário,1822.021368792245
308,Terciário,6462.998225484528
308,Outros,0
309,Secundário,2487.0653018996395
309,Terciário,9929.449091271243
309,Outros,0
310,Secundário,580.9764625520841
310,Terciário,7708.732620024576
310,Outros,0
311,Secundário,2245.680637166956
311,Terciário,14318.819784345207
311,Outros,0
312,Secundário,1324.5209416912232
312,Terciário,13403.28450810237
312,Outros,0
313,Secundário,791.9083431298883
313,Terciário,4274.782903078099
313,Outros,0
314,Secundário,1631.5358685148499
314,Terciário,26145.052991936787
314,Outros,0
315,Secundário,6809.306716428491
315,Terciário,24292.902903945935
315,Outros,0
316,Secundário,859.2312836978372
316,Terciário,13058.495858528537
316,Outros,0
317,Secundário,786.9367157052288
317,Terciário,6924.258180945057
317,Outros,6.603856336231852
318,Secundário,295.2434389658293
318,Terciário,12751.118235856715
318,Outros,0
319,Secundário,792.3130711244777
319,Terciário,19611.32590998961
319,Outros,0
320,Secundário,1917.103031414958
320,Terciário,10185.17528734612
320,Outros,0
321,Secundário,1118.6544824891826
321,Terciário,22226.07812786924
321,Outros,0
322,Secundário,2913.665020447699
322,Terciário,17861.100969475152
322,Outros,0
323,Secundário,1766.0214251873172
323,Terciário,9221.932323319643
323,Outros,0
324,Secundário,2951.629432719811
324,Terciário,19588.387994602766
324,Outros,0
325,Secundário,679.9682896800007
325,Terciário,10608.859125396119
325,Outros,0
326,Secundário,3557.925672869271
326,Terciário,7838.4870378672895
326,Outros,0
327,Secundário,630.0303554459609
327,Terciário,5904.772811187284
327,Outros,0
328,Secundário,1282.090918191813
328,Terciário,13953.242179382329
328,Outros,0
329,Secundário,3304.091626706938
329,Terciário,18032.28137018079
329,Outros,0
330,Secundário,2118.6866737100486
330,Terciário,11770.49750368832
330,Outros,0
331,Secundário,3308.799360336437
331,Terciário,9858.55422967494
331,Outros,0
332,Secundário,3666.401381498019
332,Terciário,9637.43251139563
332,Outros,0
333,Secundário,2728.7745752300166
333,Terciário,5851.500078509811
333,Outros,0
334,Secundário,2989.9001934477014
334,Terciário,12390.859358310285
334,Outros,0
335,Secundário,780.9888129400535
335,Terciário,9333.11393348254
335,Outros,0
336,Secundário,1014.6118031444473
336,Terciário,9302.171799173278
336,Outros,0
337,Secundário,1123.4324273680622
337,Terciário,14131.941433556152
337,Outros,0
338,Secundário,4759.738379043107
338,Terciário,16946.80967441654
338,Outros,0
339,Secundário,502.50341789296647
339,Terciário,26382.22212243302
339,Outros,0
340,Secundário,1939.0997380164881
340,Terciário,11664.061901280698
340,Outros,0
341,Secundário,578.6429725131837
341,Terciário,8211.473120815397
341,Outros,0
342,Secundário,2291.9090545025647
342,Terciário,12575.32865171809
342,Outros,0
343,Secundário,121.43854315789477
343,Terciário,453.36687625730997
343,Outros,0
344,Secundário,8361.37428963228
344,Terciário,19484.06995190434
344,Outros,159.19114736065575
345,Secundário,2743.5923348119372
345,Terciário,7096.835705702208
345,Outros,0
346,Secundário,378.6496233742135
346,Terciário,0
346,Outros,0
347,Secundário,11592.798044037176
347,Terciário,16348.17398241884
347,Outros,0
348,Secundário,713.2493013168553
348,Terciário,2081.312027254481
348,Outros,0
349,Secundário,0
349,Terciário,257.9665313511863
349,Outros,0
350,Secundário,2943.457988513765
350,Terciário,6883.758559278887
350,Outros,0
351,Secundário,1785.0839745703875
351,Terciário,13440.87285117451
351,Outros,0
352,Secundário,823.9950459669582
352,Terciário,4108.910160840555
352,Outros,0
353,Secundário,0
353,Terciário,476.2325470772809
353,Outros,0
354,Secundário,0
354,Terciário,434.72078670769264
354,Outros,0
355,Secundário,2104.9728032315043
355,Terciário,15510.770413155997
355,Outros,0
356,Secundário,2673.8853558758365
356,Terciário,11637.093071658208
356,Outros,0
357,Secundário,493.00857379970154
357,Terciário,298.1500899999998
357,Outros,0
358,Secundário,4658.238650492612
358,Terciário,9517.52303230048
358,Outros,182.56976735294117
359,Secundário,2781.760644018357
359,Terciário,5469.154507054168
359,Outros,0
360,Secundário,3461.097758169508
360,Terciário,6460.92370568699
360,Outros,0
361,Secundário,1631.980613652171
361,Terciário,3202.9036392861444
361,Outros,0
362,Secundário,2099.903077585636
362,Terciário,28164.26387940385
362,Outros,0
363,Secundário,3746.118998882679
363,Terciário,31039.353286362813
363,Outros,0
364,Secundário,16368.70325469238
364,Terciário,10696.353200348447
364,Outros,0
365,Secundário,7427.050887173007
365,Terciário,9025.797995689241
365,Outros,0
366,Secundário,9710.369239946083
366,Terciário,27938.178218005647
366,Outros,0
367,Secundário,981.7737330255103
367,Terciário,10409.118689320745
367,Outros,0
368,Secundário,1971.6063760396664
368,Terciário,18853.77560453281
368,Outros,0
369,Secundário,5004.582499770968
369,Terciário,16180.15347418268
369,Outros,0
370,Secundário,4741.158050806311
370,Terciário,27719.996958501833
370,Outros,0
371,Secundário,2331.674641908336
371,Terciário,7645.051106013623
371,Outros,0
372,Secundário,1720.0610193796397
372,Terciário,12196.013893250678
372,Outros,0
373,Secundário,4407.108466541705
373,Terciário,16179.635546859528
373,Outros,0
374,Secundário,291.56686889281417
374,Terciário,17494.227676974464
374,Outros,0
375,Secundário,10692.604243953981
375,Terciário,21087.036931132243
375,Outros,0
376,Secundário,7113.614699925627
376,Terciário,12704.825705996982
376,Outros,0
377,Secundário,19031.921991871895
377,Terciário,37954.471679857495
377,Outros,0
378,Secundário,13538.153570285704
378,Terciário,25130.006600107896
378,Outros,0
379,Secundário,1528.8018980942802
379,Terciário,11707.537478469998
379,Outros,0
380,Secundário,3178.773318837209
380,Terciário,14308.3413472582
380,Outros,0
381,Secundário,0
381,Terciário,0
381,Outros,0
382,Secundário,3091.2101020553127
382,Terciário,15453.386555335597
382,Outros,0
383,Secundário,3476.8600850657967
383,Terciário,11281.017892021648
383,Outros,0
384,Secundário,3400.5703685921007
384,Terciário,5637.223294785551
384,Outros,0
385,Secundário,0
385,Terciário,452.0472590649344
385,Outros,0
386,Secundário,2256.9622759861822
386,Terciário,1004.5459757568497
386,Outros,897.2855657857134
387,Secundário,10870.518922172365
387,Terciário,19671.71612686876
387,Outros,0
388,Secundário,1643.2123608712304
388,Terciário,1537.5015823405486
388,Outros,0
389,Secundário,1996.4110476277974
389,Terciário,14835.999981014214
389,Outros,73.83891499999994
390,Secundário,630.6333475392995
390,Terciário,1543.9602944277494
390,Outros,545.6683800611012
391,Secundário,4773.882478111522
391,Terciário,14333.083628535747
391,Outros,0
392,Secundário,0
392,Terciário,485.3672969497492
392,Outros,0
393,Secundário,9778.118834295576
393,Terciário,15004.028010123151
393,Outros,0
394,Secundário,1180.897320473949
394,Terciário,2838.4465855354047
394,Outros,0
395,Secundário,6516.551284618708
395,Terciário,23974.763137427843
395,Outros,0
396,Secundário,10744.042445053701
396,Terciário,18712.913500864295
396,Outros,0
397,Secundário,9897.503231594706
397,Terciário,14261.984968013803
397,Outros,0
398,Secundário,10376.93770289679
398,Terciário,13038.226657693467
398,Outros,0
399,Secundário,3925.917970107288
399,Terciário,7077.91223676363
399,Outros,845.4340802447392
400,Secundário,12191.624801898799
400,Terciário,19558.635017559234
400,Outros,0
401,Secundário,12335.488701099497
401,Terciário,41454.17031118541
401,Outros,925.6245980000008
402,Secundário,1147.000424604262
402,Terciário,4133.840443921224
402,Outros,99.44425972868198
403,Secundário,2305.7701314010033
403,Terciário,1449.514738155693
403,Outros,152.9860097245515
404,Secundário,4256.663084995882
404,Terciário,46476.61555193448
404,Outros,0
405,Secundário,2626.0205173323757
405,Terciário,16553.694231416834
405,Outros,0
406,Secundário,2542.1628966580292
406,Terciário,19908.53110812672
406,Outros,0
407,Secundário,8808.410092190166
407,Terciário,19948.01546767564
407,Outros,0
408,Secundário,3018.972851761735
408,Terciário,12112.858842170883
408,Outros,1145.6106791891043
409,Secundário,925.2622525181996
409,Terciário,2975.9774731641137
409,Outros,80.04400340120691
410,Secundário,4250.868554952777
410,Terciário,1177.70917902789
410,Outros,880.1924565174028
411,Secundário,2513.6671319909497
411,Terciário,2363.8945157059256
411,Outros,388.9074483491071
412,Secundário,3325.732969250106
412,Terciário,7887.96084051648
412,Outros,0
413,Secundário,1963.6207730680972
413,Terciário,3941.963861344443
413,Outros,263.75099327500004
414,Secundário,885.2980473701205
414,Terciário,7484.734401638624
414,Outros,822.5214420631588
415,Secundário,171.76706399999995
415,Terciário,3107.249921273574
415,Outros,520.5710417454546
416,Secundário,2280.7982830170986
416,Terciário,7476.900765316509
416,Outros,443.02904103225796
417,Secundário,2981.1159325349936
417,Terciário,21248.00475596712
417,Outros,0
418,Secundário,1638.065332302187
418,Terciário,12539.83336258508
418,Outros,0
419,Secundário,3038.4372462331135
419,Terciário,14876.494268568873
419,Outros,0
420,Secundário,1663.7841619891149
420,Terciário,7442.10573090504
420,Outros,0
421,Secundário,13330.949103100236
421,Terciário,26074.77240560982
421,Outros,0
422,Secundário,8038.878415648331
422,Terciário,74653.51066491137
422,Outros,0
423,Secundário,870.472143678161
423,Terciário,8820.012613537543
423,Outros,0
424,Secundário,861.1875273795921
424,Terciário,10039.405889654969
424,Outros,0
425,Secundário,2441.034594960751
425,Terciário,4439.882774449839
425,Outros,0
426,Secundário,1806.4427791797027
426,Terciário,14383.430652272531
426,Outros,0
427,Secundário,3936.7655198222437
427,Terciário,12573.766487267809
427,Outros,0
428,Secundário,1903.6772317891505
428,Terciário,10271.153365181648
428,Outros,0
429,Secundário,3722.6021457186043
429,Terciário,12335.928621951007
429,Outros,0
430,Secundário,3435.951114065529
430,Terciário,9092.651536714027
430,Outros,0
431,Secundário,11034.242533736047
431,Terciário,21466.39164797922
431,Outros,0
432,Secundário,6301.910816968528
432,Terciário,29461.71030713985
432,Outros,0
433,Secundário,5936.231808885256
433,Terciário,14011.693382838539
433,Outros,0
434,Secundário,727.4124776906793
434,Terciário,566.2318899494811
434,Outros,0
435,Secundário,22178.187477466927
435,Terciário,10605.794050036824
435,Outros,0
436,Secundário,7741.087935304769
436,Terciário,48990.11923432616
436,Outros,402.8996836885256
437,Secundário,7480.581261284023
437,Terciário,29690.41887808029
437,Outros,0
438,Secundário,5053.244814846782
438,Terciário,15308.661154019177
438,Outros,0
439,Secundário,753.8780206578949
439,Terciário,1688.9461185084856
439,Outros,449.00740359705844
440,Secundário,8573.0073197617
440,Terciário,23577.22955092622
440,Outros,0
441,Secundário,685.7594361216833
441,Terciário,2697.880150977241
441,Outros,0
442,Secundário,1174.7736542213331
442,Terciário,2440.9365799998877
442,Outros,64.643949760000055
443,Secundário,1268.8651850314836
443,Terciário,1523.759976560004
443,Outros,55.883827409638556
444,Secundário,1204.4484022040626
444,Terciário,4426.491163663745
444,Outros,0
445,Secundário,15902.215128070717
445,Terciário,21755.57779309601
445,Outros,0
446,Secundário,18569.139328043177
446,Terciário,18206.73684080254
446,Outros,0
447,Secundário,4536.256024552653
447,Terciário,20527.580336413568
447,Outros,0
448,Secundário,2351.305591471614
448,Terciário,29135.233932914118
448,Outros,0
449,Secundário,10186.81825170791
449,Terciário,61473.76294598637
449,Outros,0
450,Secundário,6367.157783682581
450,Terciário,36169.00947400536
450,Outros,0
451,Secundário,11756.28112739953
451,Terciário,28367.391261727964
451,Outros,0
452,Secundário,4343.866196974495
452,Terciário,7017.541152549704
452,Outros,0
453,Secundário,305.07770673316884
453,Terciário,5984.301975494207
453,Outros,0
454,Secundário,17690.333514527294
454,Terciário,29438.891294257788
454,Outros,0
455,Secundário,9989.152056594705
455,Terciário,35441.35525682739
455,Outros,0
456,Secundário,10425.23162686565
456,Terciário,21522.53351801961
456,Outros,0
457,Secundário,26049.2602617613
457,Terciário,24599.457120406358
457,Outros,0
458,Secundário,7575.467215299719
458,Terciário,11851.445079753435
458,Outros,0
459,Secundário,2412.4200300815137
459,Terciário,10688.300012876167
459,Outros,0
460,Secundário,2844.947297384845
460,Terciário,30506.070503190353
460,Outros,0
461,Secundário,4241.611486999143
461,Terciário,10647.29314272585
461,Outros,0
462,Secundário,3871.580546323571
462,Terciário,13921.52455889493
462,Outros,0
463,Secundário,3103.4230387259895
463,Terciário,15288.77280921561
463,Outros,0
464,Secundário,3492.986265930918
464,Terciário,13013.740487776999
464,Outros,0
465,Secundário,4088.0597753984853
465,Terciário,12073.799464313766
465,Outros,0
466,Secundário,13427.831673457145
466,Terciário,25004.513598824873
466,Outros,50.462955560975615
467,Secundário,3102.7591958755374
467,Terciário,7375.895411555068
467,Outros,308.2778552355555
468,Secundário,12949.680965092582
468,Terciário,34851.487729703695
468,Outros,0
469,Secundário,170.82180340517735
469,Terciário,1114.9850785013462
469,Outros,66.91006308453096
470,Secundário,1471.8710924619381
470,Terciário,3328.3907133638772
470,Outros,193.73363923809507
471,Secundário,1521.7714661414107
471,Terciário,3674.0894661086577
471,Outros,170.88779752173895
472,Secundário,5675.880283121852
472,Terciário,8333.549246455335
472,Outros,0
473,Secundário,1096.7167012621715
473,Terciário,2744.866616278846
473,Outros,0
474,Secundário,943.2609938461251
474,Terciário,1196.1237500236366
474,Outros,153.8993869740854
475,Secundário,2368.9199537099557
475,Terciário,7051.290607414715
475,Outros,0
476,Secundário,10139.61354765221
476,Terciário,39575.19522594285
476,Outros,0
477,Secundário,3738.9453388043007
477,Terciário,27086.575813732274
477,Outros,0
478,Secundário,16415.506469392843
478,Terciário,67353.90173096642
478,Outros,0
479,Secundário,1308.673331745213
479,Terciário,5439.945739486761
479,Outros,0
480,Secundário,1296.7125443644381
480,Terciário,7232.657791619906
480,Outros,0
481,Secundário,2158.868337970254
481,Terciário,17459.846051578515
481,Outros,0
482,Secundário,5378.705561514151
482,Terciário,5634.967586511752
482,Outros,124.14583846153852
483,Secundário,1042.753940629512
483,Terciário,4436.87882869024
483,Outros,0
484,Secundário,3808.114080132545
484,Terciário,15726.26214868524
484,Outros,195.56906147368412
485,Secundário,4331.456801389015
485,Terciário,21955.91331155307
485,Outros,0
486,Secundário,3274.2518004021963
486,Terciário,15677.476153569743
486,Outros,0
487,Secundário,2049.15700569637
487,Terciário,5800.089360411156
487,Outros,0
488,Secundário,1793.6376624917566
488,Terciário,6739.132367008722
488,Outros,0
489,Secundário,2344.9729901619617
489,Terciário,21429.1822771937
489,Outros,0
490,Secundário,1336.9479565037716
490,Terciário,25451.14754820018
490,Outros,0
491,Secundário,1257.9242230523103
491,Terciário,14622.62302123056
491,Outros,0
492,Secundário,1617.0832033192387
492,Terciário,33445.15958646696
492,Outros,0
493,Secundário,1245.5825989772738
493,Terciário,4345.15300401394
493,Outros,0
494,Secundário,2048.320805740667
494,Terciário,6235.881450294495
494,Outros,0
495,Secundário,5700.057554911206
495,Terciário,19215.43428523782
495,Outros,0
496,Secundário,1595.0708337184858
496,Terciário,14306.973391769438
496,Outros,0
497,Secundário,1857.4031389171437
497,Terciário,3003.0875284029044
497,Outros,0
498,Secundário,1734.8786754205535
498,Terciário,15580.352188379591
498,Outros,0
499,Secundário,2744.081916276745
499,Terciário,18132.220030976423
499,Outros,0
500,Secundário,2182.670814346412
500,Terciário,13845.45887098289
500,Outros,0
501,Secundário,2115.1698762096134
501,Terciário,12254.488874363862
501,Outros,0
502,Secundário,4852.046260960462
502,Terciário,17094.25160801471
502,Outros,0
503,Secundário,4754.831472991534
503,Terciário,4964.720916604393
503,Outros,0
504,Secundário,3256.113977827939
504,Terciário,18880.37489029371
504,Outros,0
505,Secundário,134.18949876767675
505,Terciário,1228.5852276459893
505,Outros,0
506,Secundário,8319.89839783408
506,Terciário,20209.46662737347
506,Outros,0
507,Secundário,11335.909417913745
507,Terciário,14676.697036636415
507,Outros,0
508,Secundário,12270.683740307864
508,Terciário,35240.30580463102
508,Outros,0
509,Secundário,423.1098911014491
509,Terciário,1189.5548617116788
509,Outros,0
510,Secundário,0
510,Terciário,52.08861421739127
510,Outros,0
511,Secundário,2462.1466405682395
511,Terciário,8710.615999690704
511,Outros,0
512,Secundário,6894.494004646469
512,Terciário,9953.446765867131
512,Outros,958.7036632392852
513,Secundário,69.84817711475407
513,Terciário,464.4374966353701
513,Outros,0
514,Secundário,7638.072557036502
514,Terciário,18836.87560960437
514,Outros,29.859499754386007
515,Secundário,8041.119712665823
515,Terciário,17120.833887853587
515,Outros,0
516,Secundário,11270.590045568752
516,Terciário,36977.1408589124
516,Outros,0
517,Secundário,971.8551748214288
517,Terciário,4170.834611809491
517,Outros,0
