COD_ZONA,NUMERO_AUTOMOVEIS,QTD
1,Nenhum Automóvel,832.8141025641028
1,1 Automóvel,318.18589743589746
1,2 Automóveis,0
1,3 Automóveis ou Mais,0
1,...6,1151.0000000000002
2,Nenhum Automóvel,1471.4047619047622
2,1 Automóvel,870.595238095238
2,2 Automóveis,0
2,3 Automóveis ou Mais,0
2,...6,2342
3,Nenhum Automóvel,6017.573235896374
3,1 Automóvel,943.096369984355
3,2 Automóveis,139.33039411927115
3,3 Automóveis ou Mais,0
3,...6,7100
4,Nenhum Automóvel,9211.942174606425
4,1 Automóvel,3376.057825393577
4,2 Automóveis,0
4,3 Automóveis ou Mais,0
4,...6,12588.000000000002
5,Nenhum Automóvel,6442.385477267828
5,1 Automóvel,1562.4002370178846
5,2 Automóveis,0
5,3 Automóveis ou Mais,45.214285714285715
5,...6,8049.999999999997
6,Nenhum Automóvel,7998.501960784315
6,1 Automóvel,1412.4980392156863
6,2 Automóveis,0
6,3 Automóveis ou Mais,0
6,...6,9411.000000000002
7,Nenhum Automóvel,3750.0612446302093
7,1 Automóvel,2591.9387553697898
7,2 Automóveis,0
7,3 Automóveis ou Mais,0
7,...6,6341.999999999999
8,Nenhum Automóvel,2642.0324675324673
8,1 Automóvel,1228.9139610389614
8,2 Automóveis,239.75243506493507
8,3 Automóveis ou Mais,0
8,...6,4110.698863636364
9,Nenhum Automóvel,1815.8982335695243
9,1 Automóvel,372.2775025544788
9,2 Automóveis,78.82426387599591
9,3 Automóveis ou Mais,0
9,...6,2266.999999999999
10,Nenhum Automóvel,335.99411764705866
10,1 Automóvel,131.00588235294123
10,2 Automóveis,0
10,3 Automóveis ou Mais,0
10,...6,466.9999999999999
11,Nenhum Automóvel,442.23068513665294
11,1 Automóvel,468.9240584050918
11,2 Automóveis,0
11,3 Automóveis ou Mais,20.84525645825533
11,...6,932
12,Nenhum Automóvel,2954.117424242425
12,1 Automóvel,1536.0113636363635
12,2 Automóveis,250.87121212121212
12,3 Automóveis ou Mais,0
12,...6,4741
13,Nenhum Automóvel,316.0217607313194
13,1 Automóvel,106.97823926868045
13,2 Automóveis,0
13,3 Automóveis ou Mais,0
13,...6,422.99999999999983
14,Nenhum Automóvel,772.5920938604092
14,1 Automóvel,331.40790613959064
14,2 Automóveis,0
14,3 Automóveis ou Mais,0
14,...6,1104
15,Nenhum Automóvel,2442.516187036604
15,1 Automóvel,654.8656586351526
15,2 Automóveis,99.87876955216193
15,3 Automóveis ou Mais,49.93938477608096
15,...6,3247.2
16,Nenhum Automóvel,2432.6768115183454
16,1 Automóvel,2081.9366346041575
16,2 Automóveis,74.38655387749678
16,3 Automóveis ou Mais,0
16,...6,4589
17,Nenhum Automóvel,1801.310467666857
17,1 Automóvel,628.758025483827
17,2 Automóveis,0
17,3 Automóveis ou Mais,0
17,...6,2430.068493150684
18,Nenhum Automóvel,3765.8909238909223
18,1 Automóvel,2171.8868538868533
18,2 Automóveis,545.1851851851852
18,3 Automóveis ou Mais,109.03703703703704
18,...6,6591.999999999998
19,Nenhum Automóvel,2752.84972560235
19,1 Automóvel,3789.9007145729215
19,2 Automóveis,636.2245106609558
19,3 Automóveis ou Mais,311.02504916376984
19,...6,7489.999999999998
20,Nenhum Automóvel,3371.7220588235296
20,1 Automóvel,4699.013235294117
20,2 Automóveis,905.3235294117649
20,3 Automóveis ou Mais,65.94117647058823
20,...6,9042
21,Nenhum Automóvel,2913.313725490195
21,1 Automóvel,3664.3921568627434
21,2 Automóveis,751.1764705882354
21,3 Automóveis ou Mais,75.11764705882354
21,...6,7403.999999999997
22,Nenhum Automóvel,3173.5141793546945
22,1 Automóvel,2542.074820858672
22,2 Automóveis,171.48771773721268
22,3 Automóveis ou Mais,108.9232820494196
22,...6,5995.999999999999
23,Nenhum Automóvel,1350.646569646569
23,1 Automóvel,1154.8939708939708
23,2 Automóveis,47.45945945945946
23,3 Automóveis ou Mais,0
23,...6,2552.9999999999995
24,Nenhum Automóvel,3666.818181818182
24,1 Automóvel,1625.4545454545455
24,2 Automóveis,71.72727272727273
24,3 Automóveis ou Mais,0
24,...6,5364.000000000001
25,Nenhum Automóvel,5831.977272727276
25,1 Automóvel,1804.1079545454547
25,2 Automóveis,359.91477272727275
25,3 Automóveis ou Mais,0
25,...6,7996.000000000004
26,Nenhum Automóvel,4114.887688985718
26,1 Automóvel,2204.7549811667877
26,2 Automóveis,174.13510762527233
26,3 Automóveis ou Mais,0
26,...6,6493.777777777778
27,Nenhum Automóvel,2665.4009125991693
27,1 Automóvel,3526.833975481065
27,2 Automóveis,1346.943381950506
27,3 Automóveis ou Mais,96.82172996925443
27,...6,7635.9999999999945
28,Nenhum Automóvel,1948.3148148148136
28,1 Automóvel,2276.277777777776
28,2 Automóveis,159.77777777777777
28,3 Automóveis ou Mais,26.62962962962963
28,...6,4410.999999999996
29,Nenhum Automóvel,4643.599923529132
29,1 Automóvel,1948.438708804401
29,2 Automóveis,496.96136766646777
29,3 Automóveis ou Mais,0
29,...6,7089.000000000001
30,Nenhum Automóvel,3008.9506487442914
30,1 Automóvel,4739.823158471711
30,2 Automóveis,1287.3793412413281
30,3 Automóveis ou Mais,160.54250371657648
30,...6,9196.695652173908
31,Nenhum Automóvel,6802.070444752856
31,1 Automóvel,4127.410936345835
31,2 Automóveis,203.8882190711413
31,3 Automóveis ou Mais,125.63039983017036
31,...6,11259.000000000002
32,Nenhum Automóvel,2257.093635318507
32,1 Automóvel,2068.296463070621
32,2 Automóveis,264.60990161087835
32,3 Automóveis ou Mais,0
32,...6,4590.000000000006
33,Nenhum Automóvel,89.54237288135593
33,1 Automóvel,228.8305084745762
33,2 Automóveis,198.98305084745758
33,3 Automóveis ou Mais,69.64406779661016
33,...6,586.9999999999998
34,Nenhum Automóvel,654.5641025641025
34,1 Automóvel,1690.9572649572674
34,2 Automóveis,709.1111111111111
34,3 Automóveis ou Mais,136.36752136752136
34,...6,3191.0000000000027
35,Nenhum Automóvel,13620.890740740731
35,1 Automóvel,4633.812962962963
35,2 Automóveis,850.2962962962963
35,3 Automóveis ou Mais,0
35,...6,19104.99999999999
36,Nenhum Automóvel,8922.621040186117
36,1 Automóvel,8555.393922427791
36,2 Automóveis,1522.5799740949565
36,3 Automóveis ou Mais,0
36,...6,19000.594936708865
37,Nenhum Automóvel,507.1629629629628
37,1 Automóvel,941.9111111111118
37,2 Automóveis,75.92592592592592
37,3 Automóveis ou Mais,0
37,...6,1525.0000000000005
38,Nenhum Automóvel,537.0000000000001
38,1 Automóvel,408.12000000000006
38,2 Automóveis,128.88
38,3 Automóveis ou Mais,21.48
38,...6,1095.48
39,Nenhum Automóvel,1335.3277335691125
39,1 Automóvel,1510.473327438844
39,2 Automóveis,241.19893899204243
39,3 Automóveis ou Mais,0
39,...6,3086.9999999999986
40,Nenhum Automóvel,1319.0573531084913
40,1 Automóvel,1138.5985282405682
40,2 Automóveis,135.34411865094214
40,3 Automóveis ou Mais,0
40,...6,2593.0000000000014
41,Nenhum Automóvel,4076.7940579792476
41,1 Automóvel,2756.3096258657197
41,2 Automóveis,427.9926126048353
41,3 Automóveis ou Mais,191.348147994648
41,...6,7452.44444444445
42,Nenhum Automóvel,1115.9893048128342
42,1 Automóvel,421.0106951871657
42,2 Automóveis,0
42,3 Automóveis ou Mais,0
42,...6,1537
43,Nenhum Automóvel,2781.7982214980443
43,1 Automóvel,5301.379977027443
43,2 Automóveis,1882.9682678802135
43,3 Automóveis ou Mais,135.85353359429192
43,...6,10101.999999999993
44,Nenhum Automóvel,2353.2377625507884
44,1 Automóvel,3865.8974640176293
44,2 Automóveis,363.86477343158185
44,3 Automóveis ou Mais,0
44,...6,6583
45,Nenhum Automóvel,3629.9181251615555
45,1 Automóvel,4600.404296514072
45,2 Automóveis,3315.3138557805414
45,3 Automóveis ou Mais,433.36372254383025
45,...6,11979
46,Nenhum Automóvel,6670.135235732012
46,1 Automóvel,5133.71836228288
46,2 Automóveis,923.516129032258
46,3 Automóveis ou Mais,155.30769230769232
46,...6,12882.67741935484
47,Nenhum Automóvel,2276.6538421728537
47,1 Automóvel,3824.306435887113
47,2 Automóveis,1255.823833164018
47,3 Automóveis ou Mais,837.2158887760121
47,...6,8193.999999999996
48,Nenhum Automóvel,3382.861573357116
48,1 Automóvel,4202.216689294453
48,2 Automóveis,859.1233148507375
48,3 Automóveis ou Mais,79.79842249768866
48,...6,8523.999999999995
49,Nenhum Automóvel,2659.279608364872
49,1 Automóvel,2464.4068251979493
49,2 Automóveis,752.3135664371798
49,3 Automóveis ou Mais,0
49,...6,5876.000000000002
50,Nenhum Automóvel,525.3545454545455
50,1 Automóvel,2076.386363636365
50,2 Automóveis,606.1090909090909
50,3 Automóveis ou Mais,68.15
50,...6,3276.0000000000014
51,Nenhum Automóvel,1539.8568368949577
51,1 Automóvel,3195.857304182655
51,2 Automóveis,973.285742100457
51,3 Automóveis ou Mais,414.000116821924
51,...6,6122.9999999999945
52,Nenhum Automóvel,842.5927750410509
52,1 Automóvel,3007.3349753694583
52,2 Automóveis,615.2446633825944
52,3 Automóveis ou Mais,110.82758620689656
52,...6,4576
53,Nenhum Automóvel,884.3462586564666
53,1 Automóvel,2666.9942248556194
53,2 Automóveis,1523.9966999174976
53,3 Automóveis ou Mais,64.66281657041426
53,...6,5139.999999999997
54,Nenhum Automóvel,1605.0365621528956
54,1 Automóvel,1881.80731243058
54,2 Automóveis,359.80197536098956
54,3 Automóveis ou Mais,55.35415005553686
54,...6,3902.0000000000023
55,Nenhum Automóvel,1277.8313354890738
55,1 Automóvel,4154.241009700836
55,2 Automóveis,845.0119870655569
55,3 Automóveis ou Mais,106.91566774453693
55,...6,6384.000000000005
56,Nenhum Automóvel,4985.233333333332
56,1 Automóvel,4047.499999999999
56,2 Automóveis,862.8999999999999
56,3 Automóveis ou Mais,0
56,...6,9895.63333333333
57,Nenhum Automóvel,3058.9964138362448
57,1 Automóvel,5480.371743666718
57,2 Automóveis,1826.790581222239
57,3 Automóveis ou Mais,95.84126127479766
57,...6,10462
58,Nenhum Automóvel,2885.836274509803
58,1 Automóvel,7128.9709150326935
58,2 Automóveis,1436.957516339869
58,3 Automóveis ou Mais,642.2352941176471
58,...6,12094.000000000013
59,Nenhum Automóvel,9816.91955749
59,1 Automóvel,8821.25149378505
59,2 Automóveis,1820.3095104688223
59,3 Automóveis ou Mais,259.5194382561376
59,...6,20718.00000000001
60,Nenhum Automóvel,2430.806932066425
60,1 Automóvel,4017.390126946786
60,2 Automóveis,1579.0658380985728
60,3 Automóveis ou Mais,288.925269177144
60,...6,8316.18816628893
61,Nenhum Automóvel,4101.004926108375
61,1 Automóvel,6101.152709359603
61,2 Automóveis,1700.3596059113304
61,3 Automóveis ou Mais,162.48275862068965
61,...6,12064.999999999998
62,Nenhum Automóvel,320.91135809162375
62,1 Automóvel,1205.0923827595564
62,2 Automóveis,402.813987530496
62,3 Automóveis ou Mais,64.18227161832475
62,...6,1993.0000000000007
63,Nenhum Automóvel,44.8235294117647
63,1 Automóvel,313.7647058823531
63,2 Automóveis,246.52941176470586
63,3 Automóveis ou Mais,29.88235294117647
63,...6,635.0000000000002
64,Nenhum Automóvel,3110.2272727272725
64,1 Automóvel,8248.863636363649
64,2 Automóveis,3245.454545454545
64,3 Automóveis ou Mais,270.45454545454544
64,...6,14875.000000000013
65,Nenhum Automóvel,1497.4999999999998
65,1 Automóvel,6289.499999999996
65,2 Automóveis,3793.6666666666683
65,3 Automóveis ou Mais,399.3333333333333
65,...6,11979.999999999998
66,Nenhum Automóvel,649.0800000000002
66,1 Automóvel,2799.773333333333
66,2 Automóveis,1215.6266666666666
66,3 Automóveis ou Mais,148.52
66,...6,4813
67,Nenhum Automóvel,974.9754308789178
67,1 Automóvel,2270.1763488161473
67,2 Automóveis,1199.8482203049348
67,3 Automóveis ou Mais,0
67,...6,4445
68,Nenhum Automóvel,3411.0301542587417
68,1 Automóvel,6815.787999664772
68,2 Automóveis,2556.181846076486
68,3 Automóveis ou Mais,0
68,...6,12783
69,Nenhum Automóvel,1379.9999999999998
69,1 Automóvel,2785.4000000000005
69,2 Automóveis,782.6
69,3 Automóveis ou Mais,0
69,...6,4948.000000000001
70,Nenhum Automóvel,443.94051139533167
70,1 Automóvel,3496.107079488402
70,2 Automóveis,1331.8215341859955
70,3 Automóveis ou Mais,97.1308749302704
70,...6,5369
71,Nenhum Automóvel,2304.6898007328596
71,1 Automóvel,6027.028461108591
71,2 Automóveis,3413.2817381585505
71,3 Automóveis ou Mais,0
71,...6,11745
72,Nenhum Automóvel,804.0389610389608
72,1 Automóvel,2662.344155844155
72,2 Automóveis,251.33116883116884
72,3 Automóveis ou Mais,201.28571428571428
72,...6,3918.9999999999986
73,Nenhum Automóvel,1478.638461538461
73,1 Automóvel,1936.5051282051272
73,2 Automóveis,238.55641025641026
73,3 Automóveis ou Mais,114.3
73,...6,3767.9999999999986
74,Nenhum Automóvel,1580.9269607523054
74,1 Automóvel,3428.7928236139182
74,2 Automóveis,833.4068169964518
74,3 Automóveis ou Mais,287.87339863732814
74,...6,6131.000000000004
75,Nenhum Automóvel,1544.5296803652966
75,1 Automóvel,3418.0000000000077
75,2 Automóveis,1637.497716894977
75,3 Automóveis ou Mais,235.972602739726
75,...6,6836.000000000007
76,Nenhum Automóvel,608.9798431325905
76,1 Automóvel,2333.4792946913553
76,2 Automóveis,954.565489169937
76,3 Automóveis ou Mais,393.97537300611884
76,...6,4291.000000000001
77,Nenhum Automóvel,4248.908832208522
77,1 Automóvel,5183.540567923245
77,2 Automóveis,862.3111231681456
77,3 Automóveis ou Mais,231.239476700088
77,...6,10526
78,Nenhum Automóvel,2743.2306625770434
78,1 Automóvel,5560.885490565626
78,2 Automóveis,1203.883846857335
78,3 Automóveis ou Mais,0
78,...6,9508.000000000004
79,Nenhum Automóvel,1727.1005056347642
79,1 Automóvel,2290.517197203474
79,2 Automóveis,1026.1773094549862
79,3 Automóveis ou Mais,66.20498770677327
79,...6,5109.999999999997
80,Nenhum Automóvel,4127.37176836731
80,1 Automóvel,3882.370868031572
80,2 Automóveis,1028.592166078771
80,3 Automóveis ou Mais,154.66519752233876
80,...6,9192.999999999993
81,Nenhum Automóvel,582.4722222222222
81,1 Automóvel,2105.8611111111104
81,2 Automóveis,1792.2222222222222
81,3 Automóveis ou Mais,358.44444444444434
81,...6,4838.999999999999
82,Nenhum Automóvel,2005.9158823749399
82,1 Automóvel,2596.9084030366116
82,2 Automóveis,273.49482055820795
82,3 Automóveis ou Mais,60.68089403024147
82,...6,4937.000000000001
83,Nenhum Automóvel,3266.320394325528
83,1 Automóvel,5017.134493505624
83,2 Automóveis,1209.2421325882724
83,3 Automóveis ou Mais,210.302979580569
83,...6,9702.999999999995
84,Nenhum Automóvel,1777.7144486754776
84,1 Automóvel,3977.8249425510285
84,2 Automóveis,1079.4037167528224
84,3 Automóveis ou Mais,259.0568920206775
84,...6,7094.000000000006
85,Nenhum Automóvel,196.82142857142864
85,1 Automóvel,951.3035714285702
85,2 Automóveis,574.0625
85,3 Automóveis ou Mais,114.81250000000003
85,...6,1836.9999999999989
86,Nenhum Automóvel,546.2943089430889
86,1 Automóvel,846.9040650406496
86,2 Automóveis,146.7528455284553
86,3 Automóveis ou Mais,24.048780487804876
86,...6,1563.9999999999986
87,Nenhum Automóvel,1833.0585494261832
87,1 Automóvel,3692.758785060627
87,2 Automóveis,1248.083029778721
87,3 Automóveis ou Mais,119.09963573446586
87,...6,6892.999999999997
88,Nenhum Automóvel,6120.153531206899
88,1 Automóvel,10055.142944602785
88,2 Automóveis,2681.5542276250835
88,3 Automóveis ou Mais,108.14929656524649
88,...6,18965.000000000015
89,Nenhum Automóvel,1554.4952380952382
89,1 Automóvel,2720.6666666666656
89,2 Automóveis,1089.6571428571428
89,3 Automóveis ou Mais,140.18095238095236
89,...6,5504.999999999999
90,Nenhum Automóvel,1441.7498428943256
90,1 Automóvel,3156.49405144482
90,2 Automóveis,947.9652477262221
90,3 Automóveis ou Mais,120.79085793463318
90,...6,5667
91,Nenhum Automóvel,381.10766045548644
91,1 Automóvel,255.03519668737047
91,2 Automóveis,34.047619047619044
91,3 Automóveis ou Mais,6.809523809523809
91,...6,676.9999999999998
92,Nenhum Automóvel,41.48979591836735
92,1 Automóvel,54.591836734693885
92,2 Automóveis,10.918367346938778
92,3 Automóveis ou Mais,0
92,...6,107.00000000000001
93,Nenhum Automóvel,1537.876102331163
93,1 Automóvel,1771.9877420895205
93,2 Automóveis,449.292531414206
93,3 Automóveis ou Mais,84.84362416511344
93,...6,3844.0000000000027
94,Nenhum Automóvel,595.3318077803202
94,1 Automóvel,858.6041189931348
94,2 Automóveis,206.06407322654462
94,3 Automóveis ou Mais,0
94,...6,1659.9999999999995
95,Nenhum Automóvel,1542.516666666667
95,1 Automóvel,3919.866666666664
95,2 Automóveis,1116.95
95,3 Automóveis ou Mais,361.6666666666667
95,...6,6940.999999999998
96,Nenhum Automóvel,228.44198363023594
96,1 Automóvel,1168.6827154549833
96,2 Automóveis,842.3370245546462
96,3 Automóveis ou Mais,130.5382763601348
96,...6,2370.0000000000005
97,Nenhum Automóvel,964.8101220281105
97,1 Automóvel,3526.4966723384287
97,2 Automóveis,1331.0199042250922
97,3 Automóveis ou Mais,443.67330140836384
97,...6,6265.999999999995
98,Nenhum Automóvel,440
98,1 Automóvel,391.84
98,2 Automóveis,71.2
98,3 Automóveis ou Mais,6.96
98,...6,910
99,Nenhum Automóvel,1197.0944027250648
99,1 Automóvel,1461.4722837437644
99,2 Automóveis,515.6640827619417
99,3 Automóveis ou Mais,0
99,...6,3174.230769230771
100,Nenhum Automóvel,2876.019206294459
100,1 Automóvel,3585.8309117115923
100,2 Automóveis,697.1718942268158
100,3 Automóveis ou Mais,234.97798776713276
100,...6,7393.999999999999
101,Nenhum Automóvel,3102.832582625116
101,1 Automóvel,3783.5573654390905
101,2 Automóveis,1359.6943578847968
101,3 Automóveis ou Mais,107.91569405099146
101,...6,8353.999999999995
102,Nenhum Automóvel,533.9859650965399
102,1 Automóvel,2724.1538340991274
102,2 Automóveis,1335.2489042399147
102,3 Automóveis ou Mais,211.55247303500818
102,...6,4804.94117647059
103,Nenhum Automóvel,202.806338028169
103,1 Automóvel,524.6919014084506
103,2 Automóveis,154.431338028169
103,3 Automóveis ou Mais,7.070422535211269
103,...6,888.9999999999998
104,Nenhum Automóvel,316.7413279565092
104,1 Automóvel,1318.4457421421366
104,2 Automóveis,874.5958984699023
104,3 Automóveis ou Mais,254.21703143145197
104,...6,2764.0000000000005
105,Nenhum Automóvel,378.11757891876135
105,1 Automóvel,3468.477159747373
105,2 Automóveis,1324.8044565008718
105,3 Automóveis ou Mais,147.6008048329872
105,...6,5318.999999999994
106,Nenhum Automóvel,791.2673469897917
106,1 Automóvel,311.7326530102087
106,2 Automóveis,0
106,3 Automóveis ou Mais,0
106,...6,1103.0000000000005
107,Nenhum Automóvel,618.4734436334481
107,1 Automóvel,4137.286367280644
107,2 Automóveis,971.8868399954183
107,3 Automóveis ou Mais,88.3533490904926
107,...6,5816.000000000004
108,Nenhum Automóvel,551.3262691625106
108,1 Automóvel,506.1205729948266
108,2 Automóveis,86.91679420629919
108,3 Automóveis ou Mais,0
108,...6,1144.3636363636365
109,Nenhum Automóvel,15879.392531013751
109,1 Automóvel,21027.01814319194
109,2 Automóveis,2481.589325794303
109,3 Automóveis ou Mais,0
109,...6,39387.99999999999
110,Nenhum Automóvel,8426.807342065094
110,1 Automóvel,8405.861009507376
110,2 Automóveis,902.6049788685048
110,3 Automóveis ou Mais,428.7266695590269
110,...6,18164.000000000004
111,Nenhum Automóvel,7924.838095238093
111,1 Automóvel,7318.947619047617
111,2 Automóveis,2537.214285714286
111,3 Automóveis ou Mais,0
111,...6,17780.999999999996
112,Nenhum Automóvel,5901.500724637682
112,1 Automóvel,4440.934057971016
112,2 Automóveis,715.5652173913045
112,3 Automóveis ou Mais,0
112,...6,11058.000000000002
113,Nenhum Automóvel,2356.1590909090905
113,1 Automóvel,4084.5681818181824
113,2 Automóveis,1637.272727272727
113,3 Automóveis ou Mais,0
113,...6,8078
114,Nenhum Automóvel,0
114,1 Automóvel,0
114,2 Automóveis,0
114,3 Automóveis ou Mais,0
114,...6,0
115,Nenhum Automóvel,9335.091681226562
115,1 Automóvel,4397.4208896963455
115,2 Automóveis,1038.6345820895185
115,3 Automóveis ou Mais,375.8528469875728
115,...6,15146.999999999998
116,Nenhum Automóvel,26727.1692574749
116,1 Automóvel,20736.41441549742
116,2 Automóveis,2295.4191225579116
116,3 Automóveis ou Mais,230.96766337618612
116,...6,49989.97045890642
117,Nenhum Automóvel,10398.478930261188
117,1 Automóvel,10051.409926822198
117,2 Automóveis,1063.7778095832782
117,3 Automóveis ou Mais,0
117,...6,21513.666666666664
118,Nenhum Automóvel,2199.525581395349
118,1 Automóvel,2550.3395348837216
118,2 Automóveis,508.82790697674415
118,3 Automóveis ou Mais,133.30697674418604
118,...6,5392
119,Nenhum Automóvel,14594.576255573416
119,1 Automóvel,10832.287025428981
119,2 Automóveis,1308.1367189976097
119,3 Automóveis ou Mais,0
119,...6,26735.000000000007
120,Nenhum Automóvel,0
120,1 Automóvel,0
120,2 Automóveis,0
120,3 Automóveis ou Mais,0
120,...6,0
121,Nenhum Automóvel,15816.340883937684
121,1 Automóvel,10833.191819056558
121,2 Automóveis,344.23364850288067
121,3 Automóveis ou Mais,344.23364850288067
121,...6,27338
122,Nenhum Automóvel,10380.321428571428
122,1 Automóvel,4343.392857142857
122,2 Automóveis,704.2857142857142
122,3 Automóveis ou Mais,0
122,...6,15427.999999999998
123,Nenhum Automóvel,16406.291697039815
123,1 Automóvel,6477.358517568318
123,2 Automóveis,0
123,3 Automóveis ou Mais,539.4370869791854
123,...6,23423.08730158732
124,Nenhum Automóvel,9616.556953646177
124,1 Automóvel,11273.638839573703
124,2 Automóveis,502.80420678011086
124,3 Automóveis ou Mais,0
124,...6,21392.99999999999
125,Nenhum Automóvel,8457.451855371768
125,1 Automóvel,8603.588439783865
125,2 Automóveis,348.8503534142943
125,3 Automóveis ou Mais,163.4903038110336
125,...6,17573.38095238096
126,Nenhum Automóvel,4045.811594202898
126,1 Automóvel,5047.050724637683
126,2 Automóveis,1609.8043478260872
126,3 Automóveis ou Mais,308.3333333333333
126,...6,11011.000000000002
127,Nenhum Automóvel,7472.266666666667
127,1 Automóvel,8145.770370370372
127,2 Automóveis,2869.2222222222226
127,3 Automóveis ou Mais,246.74074074074073
127,...6,18734.000000000004
128,Nenhum Automóvel,287.9200000000001
128,1 Automóvel,361.5400000000002
128,2 Automóveis,24.54
128,3 Automóveis ou Mais,0
128,...6,674.0000000000002
129,Nenhum Automóvel,816.2520685010581
129,1 Automóvel,806.789263036367
129,2 Automóveis,145.95866846257456
129,3 Automóveis ou Mais,0
129,...6,1768.9999999999995
130,Nenhum Automóvel,681.1111111111109
130,1 Automóvel,211.6666666666667
130,2 Automóveis,8.11111111111111
130,3 Automóveis ou Mais,8.11111111111111
130,...6,908.9999999999998
131,Nenhum Automóvel,220.27267326732678
131,1 Automóvel,185.20396039603966
131,2 Automóveis,27.52336633663367
131,3 Automóveis ou Mais,0
131,...6,433.0000000000001
132,Nenhum Automóvel,0
132,1 Automóvel,0
132,2 Automóveis,0
132,3 Automóveis ou Mais,0
132,...6,0
133,Nenhum Automóvel,5647.117241379309
133,1 Automóvel,5072.689655172413
133,2 Automóveis,2822.468965517241
133,3 Automóveis ou Mais,141.72413793103448
133,...6,13683.999999999998
134,Nenhum Automóvel,3136.1597218413826
134,1 Automóvel,4927.0423912635615
134,2 Automóveis,1974.7978868950547
134,3 Automóveis ou Mais,0
134,...6,10037.999999999998
135,Nenhum Automóvel,5912.827442988439
135,1 Automóvel,8473.30859231262
135,2 Automóveis,1132.2118775680167
135,3 Automóveis ou Mais,113.23542046425068
135,...6,15631.583333333327
136,Nenhum Automóvel,4278.984274193548
136,1 Automóvel,5401.660887096772
136,2 Automóveis,1398.9354838709678
136,3 Automóveis ou Mais,145.41935483870967
136,...6,11224.999999999998
137,Nenhum Automóvel,7383.585023033286
137,1 Automóvel,7691.551014604753
137,2 Automóveis,1722.30491276712
137,3 Automóveis ou Mais,264.55904959484604
137,...6,17062.000000000004
138,Nenhum Automóvel,1120.3216783216785
138,1 Automóvel,1207.4475524475522
138,2 Automóveis,112.6923076923077
138,3 Automóveis ou Mais,0
138,...6,2440.461538461538
139,Nenhum Automóvel,3671.9181818181814
139,1 Automóvel,4109.4000000000015
139,2 Automóveis,358.6818181818182
139,3 Automóveis ou Mais,0
139,...6,8140.000000000001
140,Nenhum Automóvel,7220.15812106518
140,1 Automóvel,7477.248239828918
140,2 Automóveis,501.5936391058963
140,3 Automóveis ou Mais,0
140,...6,15198.999999999995
141,Nenhum Automóvel,13133.205735177939
141,1 Automóvel,10960.784498309267
141,2 Automóveis,2527.2002427032708
141,3 Automóveis ou Mais,0
141,...6,26621.190476190477
142,Nenhum Automóvel,11476.099865581175
142,1 Automóvel,7782.037384376256
142,2 Automóveis,1007.862750042572
142,3 Automóveis ou Mais,0
142,...6,20266.000000000004
143,Nenhum Automóvel,0
143,1 Automóvel,0
143,2 Automóveis,0
143,3 Automóveis ou Mais,0
143,...6,0
144,Nenhum Automóvel,13746.150000000001
144,1 Automóvel,18562.59318181818
144,2 Automóveis,3510.906818181818
144,3 Automóveis ou Mais,663.35
144,...6,36483
145,Nenhum Automóvel,319.5066666666667
145,1 Automóvel,1144.3733333333337
145,2 Automóveis,110.85333333333332
145,3 Automóveis ou Mais,0
145,...6,1574.7333333333336
146,Nenhum Automóvel,0
146,1 Automóvel,0
146,2 Automóveis,0
146,3 Automóveis ou Mais,0
146,...6,0
147,Nenhum Automóvel,4271.86984126984
147,1 Automóvel,4739.755555555555
147,2 Automóveis,1613.1746031746036
147,3 Automóveis ou Mais,249.2
147,...6,10874
148,Nenhum Automóvel,3921.799999999998
148,1 Automóvel,3443.485714285713
148,2 Automóveis,443.7142857142857
148,3 Automóveis ou Mais,0
148,...6,7808.999999999996
149,Nenhum Automóvel,0
149,1 Automóvel,0
149,2 Automóveis,0
149,3 Automóveis ou Mais,0
149,...6,0
150,Nenhum Automóvel,9794.308996631476
150,1 Automóvel,4793.0628885067
150,2 Automóveis,351.81405743090954
150,3 Automóveis ou Mais,351.81405743090954
150,...6,15290.999999999995
151,Nenhum Automóvel,18368.583464930394
151,1 Automóvel,13616.327202934812
151,2 Automóveis,1317.5265074081913
151,3 Automóveis ou Mais,321.56282472659615
151,...6,33624
152,Nenhum Automóvel,5649.9457200416955
152,1 Automóvel,6020.628195183926
152,2 Automóveis,483.426084774376
152,3 Automóveis ou Mais,0
152,...6,12153.999999999996
153,Nenhum Automóvel,1547.4138493508326
153,1 Automóvel,3117.1036889630477
153,2 Automóveis,722.5636245966091
153,3 Automóveis ou Mais,315.9188370895098
153,...6,5702.999999999999
154,Nenhum Automóvel,4983.2570774310925
154,1 Automóvel,8511.350279271397
154,2 Automóveis,2120.2858309182893
154,3 Automóveis ou Mais,182.10681237921938
154,...6,15796.999999999998
155,Nenhum Automóvel,5768.0457796260125
155,1 Automóvel,2748.8992929775886
155,2 Automóveis,517.3198781756564
155,3 Automóveis ou Mais,230.73504922074304
155,...6,9265
156,Nenhum Automóvel,3913.8564102564096
156,1 Automóvel,10267.076923076926
156,2 Automóveis,283.06666666666666
156,3 Automóveis ou Mais,0
156,...6,14464.000000000002
157,Nenhum Automóvel,3484.16868409175
157,1 Automóvel,2612.263756103566
157,2 Automóveis,133.5675598046859
157,3 Automóveis ou Mais,0
157,...6,6230.000000000002
158,Nenhum Automóvel,11546.56855523613
158,1 Automóvel,7011.207219659979
158,2 Automóveis,1403.224225103887
158,3 Automóveis ou Mais,0
158,...6,19960.999999999996
159,Nenhum Automóvel,11391.78418162657
159,1 Automóvel,6772.310348473615
159,2 Automóveis,2041.9054698998173
159,3 Automóveis ou Mais,0
159,...6,20206.000000000004
160,Nenhum Automóvel,7865.090569561161
160,1 Automóvel,8057.2352941176505
160,2 Automóveis,748.6349206349206
160,3 Automóveis ou Mais,574.0392156862746
160,...6,17245.00000000001
161,Nenhum Automóvel,6881.2555555555555
161,1 Automóvel,7597.744444444442
161,2 Automóveis,245.00000000000003
161,3 Automóveis ou Mais,0
161,...6,14723.999999999996
162,Nenhum Automóvel,2445.5249999999996
162,1 Automóvel,2682.808333333333
162,2 Automóveis,319.4166666666667
162,3 Automóveis ou Mais,19.25
162,...6,5466.999999999999
163,Nenhum Automóvel,4872.048762314104
163,1 Automóvel,9171.822703600224
163,2 Automóveis,1151.42940580502
163,3 Automóveis ou Mais,929.699128280647
163,...6,16124.999999999996
164,Nenhum Automóvel,815.4549925332244
164,1 Automóvel,943.3809801351539
164,2 Automóveis,120.16402733162153
164,3 Automóveis ou Mais,0
164,...6,1879
165,Nenhum Automóvel,520.4236467038247
165,1 Automóvel,506.9082719399284
165,2 Automóveis,47.66808135624666
165,3 Automóveis ou Mais,0
165,...6,1074.9999999999998
166,Nenhum Automóvel,2297.797198542126
166,1 Automóvel,9229.345088101694
166,2 Automóveis,486.11257450221495
166,3 Automóveis ou Mais,296.74513885397255
166,...6,12310.000000000007
167,Nenhum Automóvel,1570.6612903225805
167,1 Automóvel,4059.207661290322
167,2 Automóveis,645.1612903225806
167,3 Automóveis ou Mais,217.96975806451613
167,...6,6492.999999999999
168,Nenhum Automóvel,3393.008914245536
168,1 Automóvel,3822.970268548877
168,2 Automóveis,1363.0208172055864
168,3 Automóveis ou Mais,0
168,...6,8579
169,Nenhum Automóvel,2437.547619047619
169,1 Automóvel,3443.857142857142
169,2 Automóveis,1699.5952380952374
169,3 Automóveis ou Mais,576
169,...6,8156.999999999999
170,Nenhum Automóvel,5595.517307692308
170,1 Automóvel,5283.444230769229
170,2 Automóveis,476.6923076923077
170,3 Automóveis ou Mais,238.34615384615384
170,...6,11594
171,Nenhum Automóvel,7290.062962962963
171,1 Automóvel,5267.135185185183
171,2 Automóveis,1466.4601851851853
171,3 Automóveis ou Mais,348.3416666666667
171,...6,14371.999999999998
172,Nenhum Automóvel,3913.775757575759
172,1 Automóvel,4014.1757575757597
172,2 Automóveis,1325.0484848484848
172,3 Automóveis ou Mais,0
172,...6,9253.000000000004
173,Nenhum Automóvel,5275.416666666665
173,1 Automóvel,2790.2500000000005
173,2 Automóveis,916.3333333333334
173,3 Automóveis ou Mais,0
173,...6,8982
174,Nenhum Automóvel,8214.047619047622
174,1 Automóvel,7675.833333333337
174,2 Automóveis,303.7857142857143
174,3 Automóveis ou Mais,0
174,...6,16193.666666666672
175,Nenhum Automóvel,5694.047179487182
175,1 Automóvel,3317.6607692307703
175,2 Automóveis,784.2920512820513
175,3 Automóveis ou Mais,0
175,...6,9796.000000000004
176,Nenhum Automóvel,5854.881414451992
176,1 Automóvel,9169.006361944577
176,2 Automóveis,0
176,3 Automóveis ou Mais,621.1122236034249
176,...6,15644.999999999993
177,Nenhum Automóvel,2026.3117950998503
177,1 Automóvel,1154.757809196456
177,2 Automóveis,68.36517831238942
177,3 Automóveis ou Mais,0
177,...6,3249.434782608696
178,Nenhum Automóvel,0
178,1 Automóvel,0
178,2 Automóveis,0
178,3 Automóveis ou Mais,0
178,...6,0
179,Nenhum Automóvel,0
179,1 Automóvel,0
179,2 Automóveis,0
179,3 Automóveis ou Mais,0
179,...6,0
180,Nenhum Automóvel,9944.303823529412
180,1 Automóvel,10200.841176470587
180,2 Automóveis,3404.6197058823536
180,3 Automóveis ou Mais,0
180,...6,23549.76470588235
181,Nenhum Automóvel,7383.3229886997015
181,1 Automóvel,7129.492534531783
181,2 Automóveis,1062.5918841759164
181,3 Automóveis ou Mais,0
181,...6,15575.407407407401
182,Nenhum Automóvel,5164.362567936757
182,1 Automóvel,9216.650376376903
182,2 Automóveis,822.3159386171419
182,3 Automóveis ou Mais,295.671117069201
182,...6,15499.000000000005
183,Nenhum Automóvel,6631.22811671088
183,1 Automóvel,6161.5941644562345
183,2 Automóveis,948.2466843501326
183,3 Automóveis ou Mais,176.93103448275863
183,...6,13918.000000000007
184,Nenhum Automóvel,4167.722181200762
184,1 Automóvel,3662.1616846366937
184,2 Automóveis,270.5725581856505
184,3 Automóveis ou Mais,140.65970500915043
184,...6,8241.116129032256
185,Nenhum Automóvel,5079.1318458417845
185,1 Automóvel,4463.668154158215
185,2 Automóveis,129.2
185,3 Automóveis ou Mais,0
185,...6,9672
186,Nenhum Automóvel,1660.107931574739
186,1 Automóvel,2297.776901232977
186,2 Automóveis,237.57469100180842
186,3 Automóveis ou Mais,0
186,...6,4195.459523809524
187,Nenhum Automóvel,8665.579545454546
187,1 Automóvel,6624.420454545458
187,2 Automóveis,0
187,3 Automóveis ou Mais,0
187,...6,15290.000000000004
188,Nenhum Automóvel,4964.023863636361
188,1 Automóvel,4677.365909090908
188,2 Automóveis,241.3375
188,3 Automóveis ou Mais,549.2727272727273
188,...6,10431.999999999996
189,Nenhum Automóvel,8728.835632183906
189,1 Automóvel,6675.03103448276
189,2 Automóveis,373.9666666666667
189,3 Automóveis ou Mais,266.1666666666667
189,...6,16043.999999999998
190,Nenhum Automóvel,4158.635714285714
190,1 Automóvel,5406.971428571432
190,2 Automóveis,1254.3928571428569
190,3 Automóveis ou Mais,0
190,...6,10820.000000000002
191,Nenhum Automóvel,0
191,1 Automóvel,0
191,2 Automóveis,0
191,3 Automóveis ou Mais,0
191,...6,0
192,Nenhum Automóvel,5348.564269273915
192,1 Automóvel,5910.375441898793
192,2 Automóveis,913.3629124692086
192,3 Automóveis ou Mais,318.2251541358564
192,...6,12490.527777777774
193,Nenhum Automóvel,4282.633834586468
193,1 Automóvel,3503.5566416040106
193,2 Automóveis,0
193,3 Automóveis ou Mais,0
193,...6,7786.190476190479
194,Nenhum Automóvel,4408.332927006853
194,1 Automóvel,2811.1041009298524
194,2 Automóveis,467.5629720632954
194,3 Automóveis ou Mais,0
194,...6,7687.000000000001
195,Nenhum Automóvel,5953.642230373706
195,1 Automóvel,5518.608340721136
195,2 Automóveis,636.7494289051612
195,3 Automóveis ou Mais,0
195,...6,12109.000000000004
196,Nenhum Automóvel,6676.371505849382
196,1 Automóvel,3750.704793120719
196,2 Automóveis,767.3782464844494
196,3 Automóveis ou Mais,0
196,...6,11194.45454545455
197,Nenhum Automóvel,3267.251767704961
197,1 Automóvel,4055.5338189870126
197,2 Automóveis,362.96441330802725
197,3 Automóveis ou Mais,0
197,...6,7685.750000000001
198,Nenhum Automóvel,4707.762008281769
198,1 Automóvel,3983.245830937501
198,2 Automóveis,797.9921607807252
198,3 Automóveis ou Mais,0
198,...6,9488.999999999995
199,Nenhum Automóvel,13262.95267378137
199,1 Automóvel,16577.376405414285
199,2 Automóveis,1764.8433345974381
199,3 Automóveis ou Mais,0
199,...6,31605.17241379309
200,Nenhum Automóvel,5045.0404858299635
200,1 Automóvel,4763.042914979758
200,2 Automóveis,391.9384615384615
200,3 Automóveis ou Mais,201.9473684210526
200,...6,10401.969230769238
201,Nenhum Automóvel,13851.17406543229
201,1 Automóvel,8560.507649791627
201,2 Automóveis,1582.3182847760747
201,3 Automóveis ou Mais,0
201,...6,23993.999999999993
202,Nenhum Automóvel,12447.120275326508
202,1 Automóvel,10676.466699611718
202,2 Automóveis,729.5305683021531
202,3 Automóveis ou Mais,670.8824567596187
202,...6,24524
203,Nenhum Automóvel,10165.306397306395
203,1 Automóvel,7699.6936026936055
203,2 Automóveis,0
203,3 Automóveis ou Mais,164.1851851851852
203,...6,18029.185185185186
204,Nenhum Automóvel,23195.263309079808
204,1 Automóvel,10042.698866422606
204,2 Automóveis,2871.9343654249083
204,3 Automóveis ou Mais,0
204,...6,36109.89654092732
205,Nenhum Automóvel,17768.294513923793
205,1 Automóvel,14657.742256019475
205,2 Automóveis,1057.9319800567282
205,3 Automóveis ou Mais,0
205,...6,33483.96875
206,Nenhum Automóvel,9772.47347480106
206,1 Automóvel,5408.5265251989385
206,2 Automóveis,0
206,3 Automóveis ou Mais,0
206,...6,15180.999999999998
207,Nenhum Automóvel,15252.866666666676
207,1 Automóvel,7957.233333333331
207,2 Automóveis,1464.9
207,3 Automóveis ou Mais,0
207,...6,24675.000000000007
208,Nenhum Automóvel,5842.525225225224
208,1 Automóvel,6935.076126126123
208,2 Automóveis,1704.3175675675675
208,3 Automóveis ou Mais,224.0810810810811
208,...6,14705.999999999995
209,Nenhum Automóvel,4270.76051158786
209,1 Automóvel,7752.702083890495
209,2 Automóveis,1845.2406666036125
209,3 Automóveis ou Mais,342.2967379180338
209,...6,14211.000000000002
210,Nenhum Automóvel,2938.6944031805874
210,1 Automóvel,6697.338909805915
210,2 Automóveis,1173.564024999595
210,3 Automóveis ou Mais,376.40266201390426
210,...6,11186.000000000004
211,Nenhum Automóvel,8484.323076923076
211,1 Automóvel,9925.492307692306
211,2 Automóveis,2316.1846153846154
211,3 Automóveis ou Mais,0
211,...6,20725.999999999996
212,Nenhum Automóvel,9081.180029450836
212,1 Automóvel,4306.940775628972
212,2 Automóveis,287.87919492018943
212,3 Automóveis ou Mais,0
212,...6,13675.999999999998
213,Nenhum Automóvel,5282.180459770116
213,1 Automóvel,7603.1126436781615
213,2 Automóveis,1703.7068965517242
213,3 Automóveis ou Mais,0
213,...6,14589.000000000002
214,Nenhum Automóvel,5171.300000000001
214,1 Automóvel,2553.8060606060612
214,2 Automóveis,1038.8939393939393
214,3 Automóveis ou Mais,0
214,...6,8764.000000000002
215,Nenhum Automóvel,6564.470085470085
215,1 Automóvel,6139.641025641025
215,2 Automóveis,590.8888888888889
215,3 Automóveis ou Mais,0
215,...6,13294.999999999998
216,Nenhum Automóvel,7896.802197802195
216,1 Automóvel,4437.636263736263
216,2 Automóveis,827.8615384615384
216,3 Automóveis ou Mais,315.7
216,...6,13477.999999999998
217,Nenhum Automóvel,4746.072123716697
217,1 Automóvel,5678.404473203135
217,2 Automóveis,866.3943708221016
217,3 Automóveis ou Mais,0
217,...6,11290.870967741934
218,Nenhum Automóvel,12596.519411144673
218,1 Automóvel,8945.267933206582
218,2 Automóveis,1523.9254802479284
218,3 Automóveis ou Mais,490.28717540081607
218,...6,23556
219,Nenhum Automóvel,9229.023172905529
219,1 Automóvel,7131.874331550802
219,2 Automóveis,1079.4358288770054
219,3 Automóveis ou Mais,174.66666666666666
219,...6,17615.000000000004
220,Nenhum Automóvel,5288.681818181818
220,1 Automóvel,4723.236363636362
220,2 Automóveis,987.2727272727274
220,3 Automóveis ou Mais,728.309090909091
220,...6,11727.499999999998
221,Nenhum Automóvel,5176.406060606059
221,1 Automóvel,8321.060606060606
221,2 Automóveis,328.26666666666665
221,3 Automóveis ou Mais,328.26666666666665
221,...6,14153.999999999998
222,Nenhum Automóvel,4730.407692307694
222,1 Automóvel,9174.160439560445
222,2 Automóveis,1079.1241758241758
222,3 Automóveis ou Mais,245.34615384615384
222,...6,15229.038461538468
223,Nenhum Automóvel,3919.8547008547007
223,1 Automóvel,3873.5156695156693
223,2 Automóveis,562.6296296296296
223,3 Automóveis ou Mais,0
223,...6,8356
224,Nenhum Automóvel,0
224,1 Automóvel,0
224,2 Automóveis,0
224,3 Automóveis ou Mais,0
224,...6,0
225,Nenhum Automóvel,5234.088484902052
225,1 Automóvel,4548.008127158444
225,2 Automóveis,114.34672629060113
225,3 Automóveis ou Mais,281.5566616489028
225,...6,10178.000000000002
226,Nenhum Automóvel,18133.04155838417
226,1 Automóvel,13450.903200418914
226,2 Automóveis,2915.0552411969143
226,3 Automóveis ou Mais,0
226,...6,34499
227,Nenhum Automóvel,9276.483458646615
227,1 Automóvel,11242.516541353385
227,2 Automóveis,0
227,3 Automóveis ou Mais,0
227,...6,20519
228,Nenhum Automóvel,8910.073022312377
228,1 Automóvel,5243.6328600405695
228,2 Automóveis,0
228,3 Automóveis ou Mais,0
228,...6,14153.705882352948
229,Nenhum Automóvel,32943.936134453776
229,1 Automóvel,14344.561344537822
229,2 Automóveis,928.5025210084034
229,3 Automóveis ou Mais,314.38823529411764
229,...6,48531.38823529412
230,Nenhum Automóvel,16566.76117635686
230,1 Automóvel,8165.779272959538
230,2 Automóveis,986.3095506836075
230,3 Automóveis ou Mais,0
230,...6,25718.850000000006
231,Nenhum Automóvel,5721.755102040818
231,1 Automóvel,4546.653061224491
231,2 Automóveis,600.5918367346939
231,3 Automóveis ou Mais,0
231,...6,10869.000000000002
232,Nenhum Automóvel,5495.687969961239
232,1 Automóvel,7132.473040583213
232,2 Automóveis,430.83898945554563
232,3 Automóveis ou Mais,0
232,...6,13058.999999999998
233,Nenhum Automóvel,12517.340476190473
233,1 Automóvel,7311.253571428572
233,2 Automóveis,526.2916666666666
233,3 Automóveis ou Mais,468.1142857142857
233,...6,20822.999999999996
234,Nenhum Automóvel,13787.922621417325
234,1 Automóvel,6725.0079747212585
234,2 Automóveis,999.0694038614171
234,3 Automóveis ou Mais,0
234,...6,21512
235,Nenhum Automóvel,10924.85167464115
235,1 Automóvel,14779.822966507176
235,2 Automóveis,1541.3253588516745
235,3 Automóveis ou Mais,0
235,...6,27246
236,Nenhum Automóvel,1802.4868990658467
236,1 Automóvel,2085.229892914104
236,2 Automóveis,784.1316928685347
236,3 Automóveis ou Mais,35.15151515151515
236,...6,4707
237,Nenhum Automóvel,1366.5728624772614
237,1 Automóvel,1341.351003734083
237,2 Automóveis,222.87085500909572
237,3 Automóveis ou Mais,147.2052787795614
237,...6,3078.0000000000014
238,Nenhum Automóvel,3301.6392045031494
238,1 Automóvel,2736.253324497789
238,2 Automóveis,838.038382499665
238,3 Automóveis ou Mais,111.0690884993969
238,...6,6987
239,Nenhum Automóvel,1725.94623655914
239,1 Automóvel,3363.182795698925
239,2 Automóveis,471.9032258064516
239,3 Automóveis ou Mais,106.96774193548387
239,...6,5668.000000000001
240,Nenhum Automóvel,2158.927437751262
240,1 Automóvel,4171.8805210698365
240,2 Automóveis,552.8053931908818
240,3 Automóveis ou Mais,356.3866479880199
240,...6,7240
241,Nenhum Automóvel,1821.7350411721084
241,1 Automóvel,1268.627089585421
241,2 Automóveis,374.15187824826165
241,3 Automóveis ou Mais,51.48599099421057
241,...6,3516.000000000002
242,Nenhum Automóvel,5335.806722689076
242,1 Automóvel,3369.1932773109243
242,2 Automóveis,0
242,3 Automóveis ou Mais,0
242,...6,8705
243,Nenhum Automóvel,8056.295238095235
243,1 Automóvel,6498.465476190474
243,2 Automóveis,2283.239285714286
243,3 Automóveis ou Mais,0
243,...6,16837.999999999993
244,Nenhum Automóvel,14127.548571428573
244,1 Automóvel,6299.5828571428565
244,2 Automóveis,1703.9885714285717
244,3 Automóveis ou Mais,0
244,...6,22131.12
245,Nenhum Automóvel,4572.7
245,1 Automóvel,3381.5333333333324
245,2 Automóveis,697.7666666666667
245,3 Automóveis ou Mais,0
245,...6,8651.999999999998
246,Nenhum Automóvel,3671.3937499999997
246,1 Automóvel,5931.3375
246,2 Automóveis,699.1125
246,3 Automóveis ou Mais,124.15625
246,...6,10425.999999999998
247,Nenhum Automóvel,17402.343861400208
247,1 Automóvel,13178.489836809867
247,2 Automóveis,3257.1663017899364
247,3 Automóveis ou Mais,0
247,...6,33838.00000000001
248,Nenhum Automóvel,0
248,1 Automóvel,0
248,2 Automóveis,0
248,3 Automóveis ou Mais,0
248,...6,0
249,Nenhum Automóvel,7919.604757566742
249,1 Automóvel,6076.394058834623
249,2 Automóveis,1190.0011835986397
249,3 Automóveis ou Mais,0
249,...6,15186.000000000004
250,Nenhum Automóvel,1980.9540335317959
250,1 Automóvel,3662.373288738637
250,2 Automóveis,1115.672677729567
250,3 Automóveis ou Mais,0
250,...6,6759
251,Nenhum Automóvel,2571.638483467468
251,1 Automóvel,5222.803709234296
251,2 Automóveis,1347.5578072982316
251,3 Automóveis ou Mais,0
251,...6,9141.999999999996
252,Nenhum Automóvel,3340.9998824348663
252,1 Automóvel,3542.0699607966
252,2 Automóveis,365.39565504720235
252,3 Automóveis ou Mais,349.5345017213285
252,...6,7597.999999999996
253,Nenhum Automóvel,1042.7055555555562
253,1 Automóvel,477.10000000000014
253,2 Automóveis,42.19444444444444
253,3 Automóveis ou Mais,0
253,...6,1562.0000000000007
254,Nenhum Automóvel,4964.447368421053
254,1 Automóvel,5125.863157894741
254,2 Automóveis,1926.005263157894
254,3 Automóveis ou Mais,235.68421052631578
254,...6,12252.000000000004
255,Nenhum Automóvel,5601.449999999999
255,1 Automóvel,14145.23636363636
255,2 Automóveis,3172.313636363636
255,3 Automóveis ou Mais,0
255,...6,22918.999999999996
256,Nenhum Automóvel,3876.478341013825
256,1 Automóvel,5896.991705069123
256,2 Automóveis,498.5299539170507
256,3 Automóveis ou Mais,0
256,...6,10271.999999999998
257,Nenhum Automóvel,6835.554932423256
257,1 Automóvel,6945.346781225988
257,2 Automóveis,1368.0982863507602
257,3 Automóveis ou Mais,0
257,...6,15149.000000000004
258,Nenhum Automóvel,9280.225
258,1 Automóvel,14140.775000000001
258,2 Automóveis,567.25
258,3 Automóveis ou Mais,0
258,...6,23988.25
259,Nenhum Automóvel,6524.668109668111
259,1 Automóvel,4175.134199134199
259,2 Automóveis,1651.197691197691
259,3 Automóveis ou Mais,0
259,...6,12351.000000000002
260,Nenhum Automóvel,9546.470332480816
260,1 Automóvel,4539.581841432226
260,2 Automóveis,622.6478260869565
260,3 Automóveis ou Mais,239.3
260,...6,14947.999999999998
261,Nenhum Automóvel,8138.745723577889
261,1 Automóvel,7999.155197727581
261,2 Automóveis,2182.725021395753
261,3 Automóveis ou Mais,193.37405729877216
261,...6,18513.999999999996
262,Nenhum Automóvel,15360.348872180448
262,1 Automóvel,11595.251127819547
262,2 Automóveis,0
262,3 Automóveis ou Mais,300.4
262,...6,27255.999999999996
263,Nenhum Automóvel,10416.839766081872
263,1 Automóvel,7568.680701754387
263,2 Automóveis,1780.4795321637428
263,3 Automóveis ou Mais,0
263,...6,19766
264,Nenhum Automóvel,8854.960450715642
264,1 Automóvel,9687.825487662521
264,2 Automóveis,3359.271204478979
264,3 Automóveis ou Mais,0
264,...6,21902.057142857142
265,Nenhum Automóvel,6895.210526315791
265,1 Automóvel,6299.671052631581
265,2 Automóveis,1193.1184210526317
265,3 Automóveis ou Mais,0
265,...6,14388.000000000004
266,Nenhum Automóvel,3493.3268690658247
266,1 Automóvel,2025.71619502185
266,2 Automóveis,574.956935912323
266,3 Automóveis ou Mais,0
266,...6,6093.999999999998
267,Nenhum Automóvel,3116.2909090909093
267,1 Automóvel,4877.939393939395
267,2 Automóveis,38.8
267,3 Automóveis ou Mais,125.96969696969697
267,...6,8159.000000000002
268,Nenhum Automóvel,1349.5185804539267
268,1 Automóvel,2178.375429254324
268,2 Automóveis,1340.5525633142263
268,3 Automóveis ou Mais,133.1496601649362
268,...6,5001.5962331874125
269,Nenhum Automóvel,1349.3270629524022
269,1 Automóvel,4137.2139153323105
269,2 Automóveis,2909.670822548805
269,3 Automóveis ou Mais,129.78819916648388
269,...6,8526.000000000002
270,Nenhum Automóvel,521.7428488439642
270,1 Automóvel,2177.7977576391313
270,2 Automóveis,700.9238178227024
270,3 Automóveis ou Mais,267.5355756942024
270,...6,3668
271,Nenhum Automóvel,0
271,1 Automóvel,0
271,2 Automóveis,0
271,3 Automóveis ou Mais,0
271,...6,0
272,Nenhum Automóvel,1921.5061024164554
272,1 Automóvel,4659.46551815127
272,2 Automóveis,553.0283794322706
272,3 Automóveis ou Mais,0
272,...6,7133.999999999995
273,Nenhum Automóvel,7336.1078947368405
273,1 Automóvel,12452.26381578948
273,2 Automóveis,1977.6282894736842
273,3 Automóveis ou Mais,0
273,...6,21766.000000000004
274,Nenhum Automóvel,4493.72380952381
274,1 Automóvel,5623.393650793651
274,2 Automóveis,2740.1396825396823
274,3 Automóveis ou Mais,380.74285714285713
274,...6,13238.000000000002
275,Nenhum Automóvel,5171.477119450948
275,1 Automóvel,7068.917413813629
275,2 Automóveis,1971.1893521640816
275,3 Automóveis ou Mais,238.41611457134923
275,...6,14450.000000000007
276,Nenhum Automóvel,13251.431465086644
276,1 Automóvel,15264.069103310483
276,2 Automóveis,1937.361500568397
276,3 Automóveis ou Mais,0
276,...6,30452.86206896552
277,Nenhum Automóvel,5160.066666666666
277,1 Automóvel,13027.600000000011
277,2 Automóveis,2596.8999999999996
277,3 Automóveis ou Mais,0
277,...6,20784.56666666668
278,Nenhum Automóvel,26993.99523904205
278,1 Automóvel,15670.951812343174
278,2 Automóveis,2327.7953728571774
278,3 Automóveis ou Mais,0
278,...6,44992.7424242424
279,Nenhum Automóvel,20044.883771929817
279,1 Automóvel,7072.6951754385955
279,2 Automóveis,342
279,3 Automóveis ou Mais,0
279,...6,27459.578947368413
280,Nenhum Automóvel,3022.6728343524787
280,1 Automóvel,2193.6917002436758
280,2 Automóveis,1954.4783320306656
280,3 Automóveis ou Mais,129.15713337317965
280,...6,7299.999999999999
281,Nenhum Automóvel,3760.3470588235296
281,1 Automóvel,7617.1117647058845
281,2 Automóveis,2969.632352941176
281,3 Automóveis ou Mais,612.7088235294118
281,...6,14959.800000000003
282,Nenhum Automóvel,3943.537634408602
282,1 Automóvel,6525.487455197126
282,2 Automóveis,1280.4587813620071
282,3 Automóveis ou Mais,0
282,...6,11749.483870967735
283,Nenhum Automóvel,1469.7381664198679
283,1 Automóvel,1915.281031206088
283,2 Automóveis,401.9654583950331
283,3 Automóveis ou Mais,60.01534397901229
283,...6,3847.0000000000014
284,Nenhum Automóvel,8751.95320531839
284,1 Automóvel,6356.91101282679
284,2 Automóveis,1551.1357818548133
284,3 Automóveis ou Mais,0
284,...6,16659.999999999993
285,Nenhum Automóvel,22311.422584784035
285,1 Automóvel,11477.93173342386
285,2 Automóveis,341.64568179208493
285,3 Automóveis ou Mais,0
285,...6,34130.99999999998
286,Nenhum Automóvel,1657.425
286,1 Automóvel,1406.7
286,2 Automóveis,154.875
286,3 Automóveis ou Mais,133.75
286,...6,3352.75
287,Nenhum Automóvel,2493.8940430335224
287,1 Automóvel,5422.777444905223
287,2 Automóveis,1171.3415022012969
287,3 Automóveis ou Mais,268.83283469807594
287,...6,9356.84582483812
288,Nenhum Automóvel,4868.389348698904
288,1 Automóvel,1775.25311399482
288,2 Automóveis,343.7302711813311
288,3 Automóveis ou Mais,86.62726612494346
288,...6,7073.999999999998
289,Nenhum Automóvel,7351.20091977612
289,1 Automóvel,5017.612316653587
289,2 Automóveis,2428.7285453217128
289,3 Automóveis ou Mais,457.4582182485746
289,...6,15254.999999999995
290,Nenhum Automóvel,10299.643043698592
290,1 Automóvel,6617.525708494134
290,2 Automóveis,365.83124780727405
290,3 Automóveis ou Mais,0
290,...6,17283
291,Nenhum Automóvel,10550.153535353531
291,1 Automóvel,11448.64444444444
291,2 Automóveis,2260.2020202020203
291,3 Automóveis ou Mais,0
291,...6,24258.999999999993
292,Nenhum Automóvel,10567.861694003974
292,1 Automóvel,9618.991375415697
292,2 Automóveis,306.14693058033237
292,3 Automóveis ou Mais,0
292,...6,20493.000000000004
293,Nenhum Automóvel,12715.677580476839
293,1 Automóvel,13909.81411878091
293,2 Automóveis,1460.802418389311
293,3 Automóveis ou Mais,0
293,...6,28086.29411764706
294,Nenhum Automóvel,26625.814727716494
294,1 Automóvel,8707.18527228354
294,2 Automóveis,0
294,3 Automóveis ou Mais,0
294,...6,35333.00000000003
295,Nenhum Automóvel,17390.016895286884
295,1 Automóvel,16573.068919371588
295,2 Automóveis,1244.9310806284152
295,3 Automóveis ou Mais,836.4570926707652
295,...6,36044.47398795765
296,Nenhum Automóvel,1036.833333333333
296,1 Automóvel,248.16666666666669
296,2 Automóveis,0
296,3 Automóveis ou Mais,0
296,...6,1284.9999999999998
297,Nenhum Automóvel,169.59142212189616
297,1 Automóvel,397.79782117970353
297,2 Automóveis,383.6107566984003
297,3 Automóveis ou Mais,0
297,...6,951
298,Nenhum Automóvel,28599.551662652604
298,1 Automóvel,16525.606945266143
298,2 Automóveis,0
298,3 Automóveis ou Mais,261.34139208126317
298,...6,45386.50000000001
299,Nenhum Automóvel,1506.909090909091
299,1 Automóvel,668.4545454545454
299,2 Automóveis,371.3636363636363
299,3 Automóveis ou Mais,74.27272727272727
299,...6,2621.0000000000005
300,Nenhum Automóvel,2495.5961538461543
300,1 Automóvel,7463.352564102561
300,2 Automóveis,3480.134615384616
300,3 Automóveis ou Mais,0
300,...6,13439.083333333332
301,Nenhum Automóvel,376.4117647058824
301,1 Automóvel,2321.20588235294
301,2 Automóveis,1066.5000000000002
301,3 Automóveis ou Mais,501.88235294117646
301,...6,4265.999999999999
302,Nenhum Automóvel,1057.3881691136714
302,1 Automóvel,2950.1820696252566
302,2 Automóveis,1556.366354032359
302,3 Automóveis ou Mais,421.0634072287152
302,...6,5985.000000000002
303,Nenhum Automóvel,1426.4308126764977
303,1 Automóvel,1623.2766148191304
303,2 Automóveis,631.2925725043705
303,3 Automóveis ou Mais,0
303,...6,3680.9999999999986
304,Nenhum Automóvel,13766.902017745846
304,1 Automóvel,10821.714552114132
304,2 Automóveis,1108.8067777119838
304,3 Automóveis ou Mais,578.5766524280382
304,...6,26276
305,Nenhum Automóvel,25105.519241762104
305,1 Automóvel,17196.45089720505
305,2 Automóveis,1526.6299244325219
305,3 Automóveis ou Mais,197.15152854584954
305,...6,44025.751591945525
306,Nenhum Automóvel,21880.10297014441
306,1 Automóvel,5818.462653462166
306,2 Automóveis,0
306,3 Automóveis ou Mais,711.5707400297935
306,...6,28410.13636363637
307,Nenhum Automóvel,14901.201754385967
307,1 Automóvel,16328.926315789475
307,2 Automóveis,1009.1350877192982
307,3 Automóveis ou Mais,579.7368421052631
307,...6,32819.00000000001
308,Nenhum Automóvel,12285.481259370321
308,1 Automóvel,1284.9325337331334
308,2 Automóveis,185.58620689655172
308,3 Automóveis ou Mais,0
308,...6,13756.000000000007
309,Nenhum Automóvel,13284.035479294518
309,1 Automóvel,6158.770719998707
309,2 Automóveis,2108.5283737257905
309,3 Automóveis ou Mais,0
309,...6,21551.33457301902
310,Nenhum Automóvel,7119.611285266452
310,1 Automóvel,2403.388714733542
310,2 Automóveis,0
310,3 Automóveis ou Mais,0
310,...6,9522.999999999995
311,Nenhum Automóvel,18391.02692884327
311,1 Automóvel,11147.960310330669
311,2 Automóveis,119.01276082606469
311,3 Automóveis ou Mais,0
311,...6,29658.000000000004
312,Nenhum Automóvel,6879.2468555848645
312,1 Automóvel,4129.948949895772
312,2 Automóveis,1522.6226089402328
312,3 Automóveis ou Mais,586.1815855791281
312,...6,13117.999999999998
313,Nenhum Automóvel,4274.109021894549
313,1 Automóvel,3078.968882171335
313,2 Automóveis,528.1426258861519
313,3 Automóveis ou Mais,198.77947004796277
313,...6,8079.999999999998
314,Nenhum Automóvel,22886.171502172
314,1 Automóvel,10945.835573744132
314,2 Automóveis,857.9929240838653
314,3 Automóveis ou Mais,0
314,...6,34690
315,Nenhum Automóvel,26687.086365383635
315,1 Automóvel,11764.928014339846
315,2 Automóveis,1111.6532235767659
315,3 Automóveis ou Mais,300.34611006096355
315,...6,39864.01371336121
316,Nenhum Automóvel,554.7446301292064
316,1 Automóvel,2732.7212033224464
316,2 Automóveis,2114.347129774244
316,3 Automóveis ou Mais,309.18703677410195
316,...6,5710.999999999999
317,Nenhum Automóvel,65.84873949579831
317,1 Automóvel,603.6134453781513
317,2 Automóveis,449.96638655462164
317,3 Automóveis ou Mais,208.52100840336138
317,...6,1327.9495798319324
318,Nenhum Automóvel,3382.3822182393487
318,1 Automóvel,2382.729549428805
318,2 Automóveis,1705.4638571558853
318,3 Automóveis ou Mais,126.42437517595785
318,...6,7596.999999999996
319,Nenhum Automóvel,606.6597338013748
319,1 Automóvel,1628.5436448734845
319,2 Automóveis,495.7312417727073
319,3 Automóveis ou Mais,305.0653795524352
319,...6,3036.000000000002
320,Nenhum Automóvel,18623.242516090995
320,1 Automóvel,4929.268443926282
320,2 Automóveis,862.8231690343905
320,3 Automóveis ou Mais,368.66587094833363
320,...6,24784
321,Nenhum Automóvel,2191.984057971015
321,1 Automóvel,6426.240579710147
321,2 Automóveis,5157.565217391308
321,3 Automóveis ou Mais,2086.210144927536
321,...6,15862.000000000005
322,Nenhum Automóvel,3022.5008928101097
322,1 Automóvel,7021.776345164194
322,2 Automóveis,4762.579848830807
322,3 Automóveis ou Mais,131.14291319487967
322,...6,14937.999999999989
323,Nenhum Automóvel,10778.01570048309
323,1 Automóvel,7575.066425120774
323,2 Automóveis,3258.4830917874397
323,3 Automóveis ou Mais,0
323,...6,21611.565217391304
324,Nenhum Automóvel,15287.148733072778
324,1 Automóvel,6824.188251848246
324,2 Automóveis,951.6630150789675
324,3 Automóveis ou Mais,0
324,...6,23062.999999999993
325,Nenhum Automóvel,6692.688666287053
325,1 Automóvel,6175.297650008415
325,2 Automóveis,646.2507207415734
325,3 Automóveis ou Mais,0
325,...6,13514.23703703704
326,Nenhum Automóvel,8480.695187165775
326,1 Automóvel,7540.804812834226
326,2 Automóveis,852
326,3 Automóveis ou Mais,86.5
326,...6,16960
327,Nenhum Automóvel,1985.394056849463
327,1 Automóvel,2270.7011819524146
327,2 Automóveis,1469.0618725746986
327,3 Automóveis ou Mais,862.8428886234295
327,...6,6588.000000000006
328,Nenhum Automóvel,1375.652488058293
328,1 Automóvel,3882.942602951619
328,2 Automóveis,2399.2897359691024
328,3 Automóveis ou Mais,525.1151730209843
328,...6,8182.999999999998
329,Nenhum Automóvel,4518.411585365851
329,1 Automóvel,5074.190040650399
329,2 Automóveis,1624.676829268292
329,3 Automóveis ou Mais,685.7215447154472
329,...6,11902.99999999999
330,Nenhum Automóvel,5473.791304347825
330,1 Automóvel,6865.4521739130405
330,2 Automóveis,1066.0565217391306
330,3 Automóveis ou Mais,123.7
330,...6,13528.999999999996
331,Nenhum Automóvel,6591.232478632478
331,1 Automóvel,5364.4905982905975
331,2 Automóveis,1325.676923076923
331,3 Automóveis ou Mais,247.59999999999997
331,...6,13528.999999999998
332,Nenhum Automóvel,6560.88888888889
332,1 Automóvel,5704.555555555557
332,2 Automóveis,1037.5555555555557
332,3 Automóveis ou Mais,579.5555555555555
332,...6,13882.555555555555
333,Nenhum Automóvel,2860.5939393939393
333,1 Automóvel,3068.239393939393
333,2 Automóveis,761.1666666666666
333,3 Automóveis ou Mais,0
333,...6,6689.999999999999
334,Nenhum Automóvel,7222.530835673808
334,1 Automóvel,4235.160419860189
334,2 Automóveis,659.3087444660031
334,3 Automóveis ou Mais,0
334,...6,12117
335,Nenhum Automóvel,5160.033618233618
335,1 Automóvel,7073.753424996901
335,2 Automóveis,725.8872785829308
335,3 Automóveis ou Mais,438.3256781865478
335,...6,13397.999999999998
336,Nenhum Automóvel,6050.523809523809
336,1 Automóvel,7707.659523809525
336,2 Automóveis,1184.8166666666666
336,3 Automóveis ou Mais,0
336,...6,14943
337,Nenhum Automóvel,2823.6575659868035
337,1 Automóvel,4105.642561487704
337,2 Automóveis,1727.6998725254955
337,3 Automóveis ou Mais,0
337,...6,8657.000000000004
338,Nenhum Automóvel,6078.490730636254
338,1 Automóvel,3725.8648045451564
338,2 Automóveis,724.6444648185942
338,3 Automóveis ou Mais,0
338,...6,10529.000000000004
339,Nenhum Automóvel,0
339,1 Automóvel,0
339,2 Automóveis,0
339,3 Automóveis ou Mais,0
339,...6,0
340,Nenhum Automóvel,940.7783951698943
340,1 Automóvel,1347.9666132391105
340,2 Automóveis,633.5000967705181
340,3 Automóveis ou Mais,143.59391921072023
340,...6,3065.8390243902436
341,Nenhum Automóvel,905.2182752703976
341,1 Automóvel,2188.9150928466697
341,2 Automóveis,522.1901148342707
341,3 Automóveis ou Mais,249.6765170486644
341,...6,3866.0000000000023
342,Nenhum Automóvel,3921.1597733588433
342,1 Automóvel,6873.050060862024
342,2 Automóveis,1713.795947220454
342,3 Automóveis ou Mais,288.99421855867905
342,...6,12797
343,Nenhum Automóvel,316.04644842681375
343,1 Automóvel,668.5669756955033
343,2 Automóveis,196.3865758776834
343,3 Automóveis ou Mais,0
343,...6,1181.0000000000005
344,Nenhum Automóvel,7149.590048710594
344,1 Automóvel,8230.835542818291
344,2 Automóveis,1716.5853972131551
344,3 Automóveis ou Mais,111.98901125796334
344,...6,17209.000000000004
345,Nenhum Automóvel,7360.934065934068
345,1 Automóvel,5641.065934065935
345,2 Automóveis,0
345,3 Automóveis ou Mais,0
345,...6,13002.000000000004
346,Nenhum Automóvel,0
346,1 Automóvel,0
346,2 Automóveis,0
346,3 Automóveis ou Mais,0
346,...6,0
347,Nenhum Automóvel,8274.87619047619
347,1 Automóvel,11746.13904761905
347,2 Automóveis,3101.580317460317
347,3 Automóveis ou Mais,476.44444444444446
347,...6,23599.040000000005
348,Nenhum Automóvel,547.4666666666666
348,1 Automóvel,922.133333333333
348,2 Automóveis,230.6666666666667
348,3 Automóveis ou Mais,0
348,...6,1700.2666666666662
349,Nenhum Automóvel,0
349,1 Automóvel,0
349,2 Automóveis,0
349,3 Automóveis ou Mais,0
349,...6,0
350,Nenhum Automóvel,10803.74468043691
350,1 Automóvel,9891.572944995003
350,2 Automóveis,681.6823745680775
350,3 Automóveis ou Mais,0
350,...6,21376.99999999999
351,Nenhum Automóvel,12023.401069518712
351,1 Automóvel,13204.791443850261
351,2 Automóveis,0
351,3 Automóveis ou Mais,0
351,...6,25228.192513368973
352,Nenhum Automóvel,0
352,1 Automóvel,0
352,2 Automóveis,0
352,3 Automóveis ou Mais,0
352,...6,0
353,Nenhum Automóvel,0
353,1 Automóvel,0
353,2 Automóveis,0
353,3 Automóveis ou Mais,0
353,...6,0
354,Nenhum Automóvel,0
354,1 Automóvel,0
354,2 Automóveis,0
354,3 Automóveis ou Mais,0
354,...6,0
355,Nenhum Automóvel,9044.39298245614
355,1 Automóvel,10030.607017543862
355,2 Automóveis,0
355,3 Automóveis ou Mais,0
355,...6,19075
356,Nenhum Automóvel,22439.549549549527
356,1 Automóvel,10230.612612612604
356,2 Automóveis,717.8378378378378
356,3 Automóveis ou Mais,0
356,...6,33387.99999999997
357,Nenhum Automóvel,1188.733333333333
357,1 Automóvel,378.23333333333323
357,2 Automóveis,54.03333333333333
357,3 Automóveis ou Mais,0
357,...6,1620.9999999999995
358,Nenhum Automóvel,6809.958333333334
358,1 Automóvel,5767.473484848485
358,2 Automóveis,761.159090909091
358,3 Automóveis ou Mais,353.40909090909093
358,...6,13692.000000000002
359,Nenhum Automóvel,2754.907828282828
359,1 Automóvel,2374.3015572390577
359,2 Automóveis,499.79061447811443
359,3 Automóveis ou Mais,0
359,...6,5629.000000000001
360,Nenhum Automóvel,2062.587802722291
360,1 Automóvel,3653.8080254551874
360,2 Automóveis,0
360,3 Automóveis ou Mais,15.604171822520772
360,...6,5731.999999999999
361,Nenhum Automóvel,2177.3716232227484
361,1 Automóvel,1688.128376777251
361,2 Automóveis,429.5000000000001
361,3 Automóveis ou Mais,0
361,...6,4295
362,Nenhum Automóvel,1735.1666666666665
362,1 Automóvel,2440.2333333333327
362,2 Automóveis,799.4000000000001
362,3 Automóveis ou Mais,142.2
362,...6,5116.999999999999
363,Nenhum Automóvel,5869.383045746387
363,1 Automóvel,7839.305918940609
363,2 Automóveis,1053.0885634028891
363,3 Automóveis ou Mais,119.22247191011238
363,...6,14880.999999999998
364,Nenhum Automóvel,2465.7482517482504
364,1 Automóvel,1576.2027972027975
364,2 Automóveis,130.04895104895104
364,3 Automóveis ou Mais,0
364,...6,4171.999999999998
365,Nenhum Automóvel,637.6107646865771
365,1 Automóvel,819.3298326222512
365,2 Automóveis,129.6475221529373
365,3 Automóveis ou Mais,32.41188053823433
365,...6,1618.9999999999998
366,Nenhum Automóvel,3602.045830293542
366,1 Automóvel,5218.973251927495
366,2 Automóveis,1905.5208697401492
366,3 Automóveis ou Mais,244.4600480388189
366,...6,10971.000000000004
367,Nenhum Automóvel,2669.624676032976
367,1 Automóvel,5862.681730288155
367,2 Automóveis,1503.7185960452362
367,3 Automóveis ou Mais,164.9749976336322
367,...6,10201
368,Nenhum Automóvel,9003.715458370802
368,1 Automóvel,7501.793213514732
368,2 Automóveis,1266.4913281144961
368,3 Automóveis ou Mais,0
368,...6,17772.00000000003
369,Nenhum Automóvel,6323.090424175594
369,1 Automóvel,9113.653167899618
369,2 Automóveis,2706.8885114715454
369,3 Automóveis ou Mais,643.3678964532484
369,...6,18787.000000000007
370,Nenhum Automóvel,9625.141866259928
370,1 Automóvel,15195.80702544836
370,2 Automóveis,4039.2010452067752
370,3 Automóveis ou Mais,1115.6500630849418
370,...6,29975.800000000003
371,Nenhum Automóvel,7959.476399838612
371,1 Automóvel,13737.371564617755
371,2 Automóveis,2503.621429709527
371,3 Automóveis ou Mais,718.5306058341032
371,...6,24919
372,Nenhum Automóvel,10976.842857142863
372,1 Automóvel,10198.135714285718
372,2 Automóveis,1824.2714285714283
372,3 Automóveis ou Mais,0
372,...6,22999.25000000001
373,Nenhum Automóvel,9656.693567251461
373,1 Automóvel,9558.447173489278
373,2 Automóveis,2013.0444444444443
373,3 Automóveis ou Mais,550.8148148148148
373,...6,21778.999999999996
374,Nenhum Automóvel,0
374,1 Automóvel,0
374,2 Automóveis,0
374,3 Automóveis ou Mais,0
374,...6,0
375,Nenhum Automóvel,13182.559999999998
375,1 Automóvel,13386.56
375,2 Automóveis,749.88
375,3 Automóveis ou Mais,0
375,...6,27318.999999999996
376,Nenhum Automóvel,6036.475432597832
376,1 Automóvel,7891.304509928884
376,2 Automóveis,498.1876500658752
376,3 Automóveis ou Mais,0
376,...6,14425.96759259259
377,Nenhum Automóvel,28226.063829787214
377,1 Automóvel,24050.587801418427
377,2 Automóveis,5564.348368794326
377,3 Automóveis ou Mais,0
377,...6,57840.99999999997
378,Nenhum Automóvel,14638.630303030302
378,1 Automóvel,14359.927272727266
378,2 Automóveis,2064.442424242424
378,3 Automóveis ou Mais,0
378,...6,31062.999999999993
379,Nenhum Automóvel,7840.938541350323
379,1 Automóvel,10571.8080099365
379,2 Automóveis,615.2534487131803
379,3 Automóveis ou Mais,0
379,...6,19028.000000000004
380,Nenhum Automóvel,22161.21598015779
380,1 Automóvel,9175.937866005092
380,2 Automóveis,769.982517473482
380,3 Automóveis ou Mais,0
380,...6,32107.136363636364
381,Nenhum Automóvel,0
381,1 Automóvel,0
381,2 Automóveis,0
381,3 Automóveis ou Mais,0
381,...6,0
382,Nenhum Automóvel,17958.704647676168
382,1 Automóvel,14848.301849075462
382,2 Automóveis,110.66666666666667
382,3 Automóveis ou Mais,0
382,...6,32917.673163418294
383,Nenhum Automóvel,14534.363636363629
383,1 Automóvel,8275.386363636364
383,2 Automóveis,638.25
383,3 Automóveis ou Mais,0
383,...6,23447.999999999993
384,Nenhum Automóvel,5069.5071770334935
384,1 Automóvel,4179.913875598087
384,2 Automóveis,297.42105263157896
384,3 Automóveis ou Mais,0
384,...6,9546.842105263158
385,Nenhum Automóvel,0
385,1 Automóvel,0
385,2 Automóveis,0
385,3 Automóveis ou Mais,0
385,...6,0
386,Nenhum Automóvel,562.4137931034483
386,1 Automóvel,522.2413793103447
386,2 Automóveis,80.34482758620689
386,3 Automóveis ou Mais,0
386,...6,1165
387,Nenhum Automóvel,10192.087716695081
387,1 Automóvel,12948.986902393422
387,2 Automóveis,1062.259679456356
387,3 Automóveis ou Mais,0
387,...6,24203.33429854486
388,Nenhum Automóvel,1044.4666666666667
388,1 Automóvel,760.9499999999999
388,2 Automóveis,166.58333333333331
388,3 Automóveis ou Mais,0
388,...6,1971.9999999999998
389,Nenhum Automóvel,8161.38326585695
389,1 Automóvel,5503.072424651372
389,2 Automóveis,175.53846153846155
389,3 Automóveis ou Mais,0
389,...6,13839.994152046784
390,Nenhum Automóvel,2994.5165840595932
390,1 Automóvel,1982.198762723505
390,2 Automóveis,0
390,3 Automóveis ou Mais,0
390,...6,4976.7153467830985
391,Nenhum Automóvel,13320.15046348792
391,1 Automóvel,11771.627420473278
391,2 Automóveis,1252.3436079879978
391,3 Automóveis ou Mais,277.87850805079944
391,...6,26621.999999999996
392,Nenhum Automóvel,0
392,1 Automóvel,0
392,2 Automóveis,0
392,3 Automóveis ou Mais,0
392,...6,0
393,Nenhum Automóvel,18441.285061767565
393,1 Automóvel,12468.38785747446
393,2 Automóveis,2269.327080757968
393,3 Automóveis ou Mais,0
393,...6,33178.99999999999
394,Nenhum Automóvel,2710.8428680396646
394,1 Automóvel,3348.8769387236207
394,2 Automóveis,82.88888888888889
394,3 Automóveis ou Mais,0
394,...6,6142.608695652174
395,Nenhum Automóvel,18297.82926829269
395,1 Automóvel,10716.097560975613
395,2 Automóveis,540.0731707317074
395,3 Automóveis ou Mais,0
395,...6,29554.00000000001
396,Nenhum Automóvel,17869.05525344401
396,1 Automóvel,13180.309688265277
396,2 Automóveis,2358.6350582907153
396,3 Automóveis ou Mais,0
396,...6,33408.00000000001
397,Nenhum Automóvel,18000.592277459345
397,1 Automóvel,4801.464060568797
397,2 Automóveis,0
397,3 Automóveis ou Mais,0
397,...6,22802.056338028142
398,Nenhum Automóvel,17388.30355774769
398,1 Automóvel,15428.456032776712
398,2 Automóveis,1361.962516170357
398,3 Automóveis ou Mais,274.2778933052479
398,...6,34453.00000000001
399,Nenhum Automóvel,14166.172091388498
399,1 Automóvel,7437.718838752076
399,2 Automóveis,155.10906985939525
399,3 Automóveis ou Mais,0
399,...6,21758.999999999967
400,Nenhum Automóvel,21345.18620689655
400,1 Automóvel,11083.942528735633
400,2 Automóveis,1501.8712643678157
400,3 Automóveis ou Mais,0
400,...6,33931
401,Nenhum Automóvel,23687.241809984465
401,1 Automóvel,14933.543037685153
401,2 Automóveis,5151.2151523304065
401,3 Automóveis ou Mais,0
401,...6,43772.00000000002
402,Nenhum Automóvel,3088.577777777777
402,1 Automóvel,2127.666666666667
402,2 Automóveis,1079.4
402,3 Automóveis ou Mais,87.35555555555555
402,...6,6383
403,Nenhum Automóvel,2850.2285714285713
403,1 Automóvel,1505.0742857142861
403,2 Automóveis,432.69714285714286
403,3 Automóveis ou Mais,0
403,...6,4788.000000000001
404,Nenhum Automóvel,16732.984602538367
404,1 Automóvel,9380.43635262816
404,2 Automóveis,3828.497524198884
404,3 Automóveis ou Mais,290.08152063460057
404,...6,30232.00000000001
405,Nenhum Automóvel,4641.23382492746
405,1 Automóvel,5760.437009252943
405,2 Automóveis,1535.6276270279552
405,3 Automóveis ou Mais,524.7015387916404
405,...6,12462
406,Nenhum Automóvel,5568.188170408948
406,1 Automóvel,3735.9444634167166
406,2 Automóveis,2407.3389413472205
406,3 Automóveis ou Mais,135.32842482711516
406,...6,11846.800000000003
407,Nenhum Automóvel,14938.028583397552
407,1 Automóvel,17956.203255795263
407,2 Automóveis,2587.6177376260334
407,3 Automóveis ou Mais,353.15042318117037
407,...6,35835.000000000015
408,Nenhum Automóvel,8691.47943523634
408,1 Automóvel,5748.520564763658
408,2 Automóveis,0
408,3 Automóveis ou Mais,0
408,...6,14439.999999999998
409,Nenhum Automóvel,2879.799620801732
409,1 Automóvel,1920.7911159263267
409,2 Automóveis,320.4092632719394
409,3 Automóveis ou Mais,0
409,...6,5120.999999999998
410,Nenhum Automóvel,1819.7611111111105
410,1 Automóvel,1123.4240740740743
410,2 Automóveis,52.81481481481482
410,3 Automóveis ou Mais,0
410,...6,2995.9999999999995
411,Nenhum Automóvel,1949.7710495205563
411,1 Automóvel,2286.10422960725
411,2 Automóveis,486.12472087219226
411,3 Automóveis ou Mais,0
411,...6,4721.999999999999
412,Nenhum Automóvel,4604.477136752136
412,1 Automóvel,6388.918696581194
412,2 Automóveis,992.6041666666667
412,3 Automóveis ou Mais,0
412,...6,11985.999999999996
413,Nenhum Automóvel,3800.27149321267
413,1 Automóvel,3606.5791855203624
413,2 Automóveis,717.1493212669683
413,3 Automóveis ou Mais,0
413,...6,8124.000000000001
414,Nenhum Automóvel,5103.366666666669
414,1 Automóvel,4910.577777777777
414,2 Automóveis,560.5
414,3 Automóveis ou Mais,0
414,...6,10574.444444444445
415,Nenhum Automóvel,2396.7115631710117
415,1 Automóvel,2836.2884368289883
415,2 Automóveis,0
415,3 Automóveis ou Mais,0
415,...6,5233
416,Nenhum Automóvel,3250.647352647353
416,1 Automóvel,5027.2787212787225
416,2 Automóveis,653.1648351648353
416,3 Automóveis ou Mais,222.9090909090909
416,...6,9154
417,Nenhum Automóvel,6561.3079601922545
417,1 Automóvel,6401.89015401913
417,2 Automóveis,3017.280975570055
417,3 Automóveis ou Mais,200.52091021855676
417,...6,16180.999999999995
418,Nenhum Automóvel,7329.296370967739
418,1 Automóvel,8257.167338709676
418,2 Automóveis,2300.5362903225805
418,3 Automóveis ou Mais,0
418,...6,17886.999999999996
419,Nenhum Automóvel,6463.459280368852
419,1 Automóvel,4976.946946930578
419,2 Automóveis,1291.6945581318653
419,3 Automóveis ou Mais,189.8992145687079
419,...6,12922.000000000004
420,Nenhum Automóvel,763.3769937167712
420,1 Automóvel,633.9743837602707
420,2 Automóveis,93.60778153697439
420,3 Automóveis ou Mais,36.04084098598357
420,...6,1526.9999999999998
421,Nenhum Automóvel,1427.0577846854492
421,1 Automóvel,3237.4556919017596
421,2 Automóveis,317.8792619232644
421,3 Automóveis ou Mais,100.607261489527
421,...6,5083.000000000001
422,Nenhum Automóvel,5085.26896551724
422,1 Automóvel,11696.01551724139
422,2 Automóveis,3864.9310344827604
422,3 Automóveis ou Mais,1020.7844827586207
422,...6,21667.00000000001
423,Nenhum Automóvel,3312.798387846124
423,1 Automóvel,5162.912795019513
423,2 Automóveis,2600.252044229697
423,3 Automóveis ou Mais,229.03677290466453
423,...6,11305
424,Nenhum Automóvel,3645.3738095238105
424,1 Automóvel,4414.8880952381005
424,2 Automóveis,97.42857142857142
424,3 Automóveis ou Mais,139.3095238095238
424,...6,8297.000000000005
425,Nenhum Automóvel,5625.584289367917
425,1 Automóvel,2909.241797588599
425,2 Automóveis,218.17391304347825
425,3 Automóveis ou Mais,0
425,...6,8752.999999999995
426,Nenhum Automóvel,1117.3058823529414
426,1 Automóvel,4885.6352941176465
426,2 Automóveis,1216.058823529412
426,3 Automóveis ou Mais,0
426,...6,7218.999999999999
427,Nenhum Automóvel,6944.971859359103
427,1 Automóvel,5766.210055066406
427,2 Automóveis,2171.8180855744895
427,3 Automóveis ou Mais,0
427,...6,14883
428,Nenhum Automóvel,7806.476034908018
428,1 Automóvel,7194.615673988499
428,2 Automóveis,3258.028291103476
428,3 Automóveis ou Mais,0
428,...6,18259.119999999995
429,Nenhum Automóvel,4712.647619047619
429,1 Automóvel,10354.766666666668
429,2 Automóveis,4288.5
429,3 Automóveis ou Mais,396.08571428571435
429,...6,19752
430,Nenhum Automóvel,8711.981671582473
430,1 Automóvel,4601.173243832613
430,2 Automóveis,277.84508458491985
430,3 Automóveis ou Mais,0
430,...6,13591.000000000005
431,Nenhum Automóvel,10946.446428571428
431,1 Automóvel,18946.674107142855
431,2 Automóveis,5741.879464285714
431,3 Automóveis ou Mais,0
431,...6,35635
432,Nenhum Automóvel,10889.61575055756
432,1 Automóvel,22237.420422251816
432,2 Automóveis,4084.7656983981037
432,3 Automóveis ou Mais,617.19812879250685
432,...6,37828.99999999999
433,Nenhum Automóvel,20342.724427245364
433,1 Automóvel,15018.378973003179
433,2 Automóveis,1400.8965997514658
433,3 Automóveis ou Mais,0
433,...6,36762.00000000001
434,Nenhum Automóvel,396.11611133500185
434,1 Automóvel,482.26792244428873
434,2 Automóveis,34.187394792138285
434,3 Automóveis ou Mais,0
434,...6,912.5714285714289
435,Nenhum Automóvel,3900.9684412394636
435,1 Automóvel,6599.388854286325
435,2 Automóveis,908.7635366201197
435,3 Automóveis ou Mais,485.8791678540895
435,...6,11894.999999999996
436,Nenhum Automóvel,17192.575150655786
436,1 Automóvel,25111.822344322376
436,2 Automóveis,2184.60250502186
436,3 Automóveis ou Mais,0
436,...6,44489.00000000002
437,Nenhum Automóvel,30479.46490313628
437,1 Automóvel,21894.575339700576
437,2 Automóveis,933.9506794011551
437,3 Automóveis ou Mais,261.00907776199466
437,...6,53569
438,Nenhum Automóvel,18051.049999999996
438,1 Automóvel,9792.975
438,2 Automóveis,3250.3
438,3 Automóveis ou Mais,682.675
438,...6,31776.999999999993
439,Nenhum Automóvel,3110.6075783957217
439,1 Automóvel,4232.348105401069
439,2 Automóveis,673.044316203208
439,3 Automóveis ou Mais,0
439,...6,8015.999999999998
440,Nenhum Automóvel,15554.882608695645
440,1 Automóvel,8554.317391304347
440,2 Automóveis,2095.866666666667
440,3 Automóveis ou Mais,611.9333333333333
440,...6,26816.999999999993
441,Nenhum Automóvel,2745.678431372548
441,1 Automóvel,3513.486274509802
441,2 Automóveis,1131.835294117647
441,3 Automóveis ou Mais,0
441,...6,7390.999999999997
442,Nenhum Automóvel,1800.2275132275126
442,1 Automóvel,1832.2169312169306
442,2 Automóveis,810.5555555555554
442,3 Automóveis ou Mais,0
442,...6,4442.999999999999
443,Nenhum Automóvel,2693.5263176836843
443,1 Automóvel,1296.2280685969301
443,2 Automóveis,105.45028881970812
443,3 Automóveis ou Mais,153.7953248996779
443,...6,4249
444,Nenhum Automóvel,8407.95238095238
444,1 Automóvel,2926.8333333333335
444,2 Automóveis,646.2142857142857
444,3 Automóveis ou Mais,0
444,...6,11981
445,Nenhum Automóvel,10155.270149205418
445,1 Automóvel,15268.071042263387
445,2 Automóveis,6351.698483710407
445,3 Automóveis ou Mais,1088.9603248207868
445,...6,32864
446,Nenhum Automóvel,6150.99305090451
446,1 Automóvel,9498.964194952297
446,2 Automóveis,3638.0584801890577
446,3 Automóveis ou Mais,44.98427395413771
446,...6,19333.000000000004
447,Nenhum Automóvel,2666.7351793847993
447,1 Automóvel,11361.261847590979
447,2 Automóveis,2610.5787366159916
447,3 Automóveis ou Mais,286.4242364082335
447,...6,16925.000000000004
448,Nenhum Automóvel,4045.6973751015144
448,1 Automóvel,10944.717933198568
448,2 Automóveis,2120.1656349282935
448,3 Automóveis ou Mais,122.41905677162133
448,...6,17232.999999999996
449,Nenhum Automóvel,5151.474873399703
449,1 Automóvel,14011.370769449777
449,2 Automóveis,5393.352398288038
449,3 Automóveis ou Mais,959.8019588624876
449,...6,25516.000000000007
450,Nenhum Automóvel,28436.29262708361
450,1 Automóvel,25109.685320888373
450,2 Automóveis,980.4576829784072
450,3 Automóveis ou Mais,1659.5643690495988
450,...6,56185.99999999999
451,Nenhum Automóvel,15980.192602573907
451,1 Automóvel,12529.555882011626
451,2 Automóveis,4863.262894248432
451,3 Automóveis ou Mais,1241.9886211660391
451,...6,34615.00000000001
452,Nenhum Automóvel,4909.7555555555555
452,1 Automóvel,8542.00740740741
452,2 Automóveis,893.2370370370371
452,3 Automóveis ou Mais,0
452,...6,14345.000000000002
453,Nenhum Automóvel,3777.0406945650275
453,1 Automóvel,3994.1593054349705
453,2 Automóveis,1637.093217572495
453,3 Automóveis ou Mais,305.7067824275048
453,...6,9713.999999999998
454,Nenhum Automóvel,20713.88262077481
454,1 Automóvel,19962.27110665226
454,2 Automóveis,4332.688377836086
454,3 Automóveis ou Mais,424.1578947368421
454,...6,45432.99999999999
455,Nenhum Automóvel,11135.769001996387
455,1 Automóvel,7845.8393990162895
455,2 Automóveis,1153.3915989873256
455,3 Automóveis ou Mais,0
455,...6,20135
456,Nenhum Automóvel,16506.05526315789
456,1 Automóvel,14621.260526315788
456,2 Automóveis,2111.684210526316
456,3 Automóveis ou Mais,0
456,...6,33238.99999999999
457,Nenhum Automóvel,20062.538451712608
457,1 Automóvel,13008.698505658313
457,2 Automóveis,2047.7630426290832
457,3 Automóveis ou Mais,0
457,...6,35119.00000000001
458,Nenhum Automóvel,12386.976245210724
458,1 Automóvel,7461.245977011492
458,2 Automóveis,515.7777777777778
458,3 Automóveis ou Mais,0
458,...6,20363.999999999993
459,Nenhum Automóvel,17324.488392089435
459,1 Automóvel,6558.102983618388
459,2 Automóveis,441.408624292187
459,3 Automóveis ou Mais,0
459,...6,24324.00000000001
460,Nenhum Automóvel,6955.864418462017
460,1 Automóvel,9264.290424829976
460,2 Automóveis,3967.67129166516
460,3 Automóveis ou Mais,489.7390824341497
460,...6,20677.565217391304
461,Nenhum Automóvel,7215.664705882353
461,1 Automóvel,7924.647478991598
461,2 Automóveis,638.2878151260504
461,3 Automóveis ou Mais,70.4
461,...6,15849
462,Nenhum Automóvel,16519.834986672195
462,1 Automóvel,11825.78536681164
462,2 Automóveis,2975.3796465161704
462,3 Automóveis ou Mais,0
462,...6,31321.000000000007
463,Nenhum Automóvel,12893.666666666664
463,1 Automóvel,5938.149999999999
463,2 Automóveis,1787.1833333333332
463,3 Automóveis ou Mais,0
463,...6,20618.999999999996
464,Nenhum Automóvel,11364.078947368424
464,1 Automóvel,10443.736842105265
464,2 Automóveis,1327.1842105263158
464,3 Automóveis ou Mais,0
464,...6,23135.000000000004
465,Nenhum Automóvel,14994.433333333332
465,1 Automóvel,17849.266666666666
465,2 Automóveis,3273.499999999999
465,3 Automóveis ou Mais,1250.2333333333333
465,...6,37367.43333333333
466,Nenhum Automóvel,9975.549572649572
466,1 Automóvel,7337.3726495726505
466,2 Automóveis,223.07777777777775
466,3 Automóveis ou Mais,0
466,...6,17536
467,Nenhum Automóvel,2206.7935062608635
467,1 Automóvel,3268.0350781599095
467,2 Automóveis,548.2800205513023
467,3 Automóveis ou Mais,270.8913950279234
467,...6,6293.999999999998
468,Nenhum Automóvel,23701.91714010942
468,1 Automóvel,21817.018724794776
468,2 Automóveis,1158.0641350958329
468,3 Automóveis ou Mais,0
468,...6,46677.00000000003
469,Nenhum Automóvel,424.9499267220323
469,1 Automóvel,1001.0290669272107
469,2 Automóveis,288.03957010258915
469,3 Automóveis ou Mais,49.98143624816806
469,...6,1764.0000000000002
470,Nenhum Automóvel,1217.4999999999998
470,1 Automóvel,1125.9545454545453
470,2 Automóveis,91.54545454545455
470,3 Automóveis ou Mais,0
470,...6,2434.9999999999995
471,Nenhum Automóvel,2210.041794617144
471,1 Automóvel,2182.0552305056594
471,2 Automóveis,686.7259425349719
471,3 Automóveis ou Mais,134.21549388068567
471,...6,5213.038461538461
472,Nenhum Automóvel,4257.0500292340375
472,1 Automóvel,7415.205038131699
472,2 Automóveis,896.3130320076853
472,3 Automóveis ou Mais,151.4319006265802
472,...6,12720.000000000002
473,Nenhum Automóvel,2999.339690567762
473,1 Automóvel,3052.6969074337508
473,2 Automóveis,275.2018685352018
473,3 Automóveis ou Mais,192.76153346328786
473,...6,6520.000000000002
474,Nenhum Automóvel,691.8
474,1 Automóvel,983.1599999999997
474,2 Automóveis,206.36
474,3 Automóveis ou Mais,60.68
474,...6,1941.9999999999998
475,Nenhum Automóvel,4011.2198978413944
475,1 Automóvel,4756.484115779753
475,2 Automóveis,1199.2959863788526
475,3 Automóveis ou Mais,0
475,...6,9967
476,Nenhum Automóvel,13650.16185580621
476,1 Automóvel,11433.011508791167
476,2 Automóveis,2036.8266354026305
476,3 Automóveis ou Mais,0
476,...6,27120.000000000007
477,Nenhum Automóvel,4422.999999999999
477,1 Automóvel,6376.919999999997
477,2 Automóveis,3466.16
477,3 Automóveis ou Mais,1314.12
477,...6,15580.199999999995
478,Nenhum Automóvel,0
478,1 Automóvel,0
478,2 Automóveis,0
478,3 Automóveis ou Mais,0
478,...6,0
479,Nenhum Automóvel,0
479,1 Automóvel,0
479,2 Automóveis,0
479,3 Automóveis ou Mais,0
479,...6,0
480,Nenhum Automóvel,7033.291571658228
480,1 Automóvel,5194.513330720248
480,2 Automóveis,1194.1950976215228
480,3 Automóveis ou Mais,0
480,...6,13422
481,Nenhum Automóvel,8631.424848315128
481,1 Automóvel,10529.665565201152
481,2 Automóveis,1478.9095864837113
481,3 Automóveis ou Mais,0
481,...6,20639.99999999999
482,Nenhum Automóvel,3505.7140629686924
482,1 Automóvel,2696.336592348837
482,2 Automóveis,151.94934468246873
482,3 Automóveis ou Mais,0
482,...6,6353.999999999998
483,Nenhum Automóvel,389.50629921259844
483,1 Automóvel,317.2488188976378
483,2 Automóveis,5.130708661417323
483,3 Automóveis ou Mais,374.11417322834643
483,...6,1086
484,Nenhum Automóvel,23948.559600579054
484,1 Automóvel,17787.247025196877
484,2 Automóveis,853.8765537381016
484,3 Automóveis ou Mais,204.2935646719965
484,...6,42793.97674418604
485,Nenhum Automóvel,16420.02139594986
485,1 Automóvel,20710.00536427882
485,2 Automóveis,1477.2232397713115
485,3 Automóveis ou Mais,0
485,...6,38607.249999999985
486,Nenhum Automóvel,11419.142857142857
486,1 Automóvel,8697.190476190477
486,2 Automóveis,1874.6666666666665
486,3 Automóveis ou Mais,0
486,...6,21991.000000000004
487,Nenhum Automóvel,4232.333589471986
487,1 Automóvel,5745.745724652364
487,2 Automóveis,747.7229045036536
487,3 Automóveis ou Mais,322.2718554460708
487,...6,11048.074074074071
488,Nenhum Automóvel,4889.488814825125
488,1 Automóvel,6006.516654132448
488,2 Automóveis,1827.5119550957506
488,3 Automóveis ou Mais,460.4825759466759
488,...6,13184
489,Nenhum Automóvel,577.2483155270312
489,1 Automóvel,998.8043083469522
489,2 Automóveis,115.07018143134597
489,3 Automóveis ou Mais,32.87719469467028
489,...6,1723.9999999999998
490,Nenhum Automóvel,1393.5999999999995
490,1 Automóvel,2727.199999999999
490,2 Automóveis,273.2
490,3 Automóveis ou Mais,0
490,...6,4393.999999999998
491,Nenhum Automóvel,3048.6854446418683
491,1 Automóvel,6192.069995048207
491,2 Automóveis,1373.9215286475778
491,3 Automóveis ou Mais,1985.3230316623458
491,...6,12599.999999999996
492,Nenhum Automóvel,6466.815433782112
492,1 Automóvel,11513.905403513252
492,2 Automóveis,2359.7536643428493
492,3 Automóveis ou Mais,993.5254983617796
492,...6,21333.999999999993
493,Nenhum Automóvel,3586.67142857143
493,1 Automóvel,5137.485714285715
493,2 Automóveis,426.84285714285716
493,3 Automóveis ou Mais,0
493,...6,9151.000000000004
494,Nenhum Automóvel,8080.939134652984
494,1 Automóvel,10591.957136275943
494,2 Automóveis,1806.78870670618
494,3 Automóveis ou Mais,379.64835569822264
494,...6,20859.33333333333
495,Nenhum Automóvel,16856.760591119277
495,1 Automóvel,18378.19571988993
495,2 Automóveis,3331.061805894707
495,3 Automóveis ou Mais,260.98188309608884
495,...6,38827
496,Nenhum Automóvel,8632.314565374194
496,1 Automóvel,13625.907539686645
496,2 Automóveis,1702.7778949391657
496,3 Automóveis ou Mais,0
496,...6,23961.000000000004
497,Nenhum Automóvel,1665.155190420475
497,1 Automóvel,2192.7014096954053
497,2 Automóveis,435.31987047235293
497,3 Automóveis ou Mais,0
497,...6,4293.176470588233
498,Nenhum Automóvel,2070.552060100916
498,1 Automóvel,1624.4106160919268
498,2 Automóveis,419.03732380715854
498,3 Automóveis ou Mais,0
498,...6,4114.000000000002
499,Nenhum Automóvel,21561.646918696228
499,1 Automóvel,16707.54498827955
499,2 Automóveis,4210.687710914407
499,3 Automóveis ou Mais,0
499,...6,42479.87961789018
500,Nenhum Automóvel,9328.235231426475
500,1 Automóvel,6998.170912603184
500,2 Automóveis,399.90006246096186
500,3 Automóveis ou Mais,41.884269699858635
500,...6,16768.19047619048
501,Nenhum Automóvel,7495.3434343434365
501,1 Automóvel,7705.434343434344
501,2 Automóveis,1548.8888888888887
501,3 Automóveis ou Mais,388.3333333333333
501,...6,17138.000000000004
502,Nenhum Automóvel,2944.345454545455
502,1 Automóvel,3214.654545454546
502,2 Automóveis,436.3545454545455
502,3 Automóveis ou Mais,0
502,...6,6595.354545454547
503,Nenhum Automóvel,706.2195231668916
503,1 Automóvel,1081.4484930274402
503,2 Automóveis,223.33198380566802
503,3 Automóveis ou Mais,0
503,...6,2010.9999999999998
504,Nenhum Automóvel,17119.532543280424
504,1 Automóvel,16233.358603889832
504,2 Automóveis,2641.108852829738
504,3 Automóveis ou Mais,0
504,...6,35994
505,Nenhum Automóvel,295.00660326086967
505,1 Automóvel,782.9215217391304
505,2 Automóveis,1049.6066847826091
505,3 Automóveis ou Mais,468.76519021739136
505,...6,2596.3
506,Nenhum Automóvel,1857.3383448725085
506,1 Automóvel,6624.118581679503
506,2 Automóveis,1848.4422571257476
506,3 Automóveis ou Mais,684.1008163222425
506,...6,11014.000000000002
507,Nenhum Automóvel,2032.5085100562599
507,1 Automóvel,3005.4178786176712
507,2 Automóveis,1678.3592889324843
507,3 Automóveis ou Mais,816.7513594306201
507,...6,7533.037037037036
508,Nenhum Automóvel,16553.25722500171
508,1 Automóvel,22669.65078007504
508,2 Automóveis,3688.986285898454
508,3 Automóveis ou Mais,814.1057090247831
508,...6,43725.99999999999
509,Nenhum Automóvel,862.5555555555555
509,1 Automóvel,837.4444444444446
509,2 Automóveis,0
509,3 Automóveis ou Mais,0
509,...6,1700
510,Nenhum Automóvel,0
510,1 Automóvel,0
510,2 Automóveis,0
510,3 Automóveis ou Mais,0
510,...6,0
511,Nenhum Automóvel,4605.2770562770575
511,1 Automóvel,6108.48484848485
511,2 Automóveis,0
511,3 Automóveis ou Mais,117.23809523809524
511,...6,10831.000000000004
512,Nenhum Automóvel,4714.244800555966
512,1 Automóvel,8919.002934689948
512,2 Automóveis,1875.1651478943472
512,3 Automóveis ou Mais,254.58711685973788
512,...6,15763
513,Nenhum Automóvel,355.7572731811374
513,1 Automóvel,319.3754822311986
513,2 Automóveis,441.31983842418185
513,3 Automóveis ou Mais,83.54740616348205
513,...6,1199.9999999999998
514,Nenhum Automóvel,17866.098667502927
514,1 Automóvel,14702.464407170943
514,2 Automóveis,867.4369253261458
514,3 Automóveis ou Mais,0
514,...6,33436.000000000015
515,Nenhum Automóvel,17220.163779407452
515,1 Automóvel,20177.80687472077
515,2 Automóveis,681.0293458717877
515,3 Automóveis ou Mais,0
515,...6,38079.00000000001
516,Nenhum Automóvel,11696.092593849335
516,1 Automóvel,20148.932627765284
516,2 Automóveis,8550.451170404918
516,3 Automóveis ou Mais,1468.523607980447
516,...6,41863.999999999985
517,Nenhum Automóvel,2958.59375
517,1 Automóvel,2517.375
517,2 Automóveis,138.03125
517,3 Automóveis ou Mais,0
517,...6,5614
