COD_ZONA,GENERO,QTD
1,Masculino,1906.5863629369328
1,Feminino,1355.4145865505338
2,Masculino,2844.2018947204074
2,Feminino,2850.7988676635327
3,Masculino,7190.159317078942
3,Feminino,9939.841663311394
4,Masculino,13334.698454785055
4,Feminino,10754.300425268666
5,Masculino,7313.229367807691
5,Feminino,7642.7705124065915
6,Masculino,9165.654684351079
6,Feminino,12823.3459071253
7,Masculino,9081.409265976064
7,Feminino,9128.586484468373
8,Masculino,6218.863509123478
8,Feminino,6033.134228402831
9,Masculino,3457.925384592064
9,Feminino,3998.0747574324355
10,Masculino,765.6383366977077
10,Feminino,853.3618803474792
11,Masculino,1407.583318382209
11,Feminino,1305.4166765552293
12,Masculino,7181.525033783978
12,Feminino,7199.474060875988
13,Masculino,705.5893364992211
13,Feminino,729.4107079293508
14,Masculino,1373.3520371872019
14,Feminino,1963.6489492984372
15,Masculino,4175.529296828004
15,Feminino,4251.47280926225
16,Masculino,4715.683655005996
16,Feminino,7401.314392572254
17,Masculino,3390.034513280465
17,Feminino,3589.9658072883453
18,Masculino,9962.3383049732
18,Feminino,9277.665710732099
19,Masculino,9381.537937983545
19,Feminino,11350.462198926252
20,Masculino,11285.054265672787
20,Feminino,11777.950536953082
21,Masculino,9503.317237420904
21,Feminino,9187.681282580725
22,Masculino,7006.724091069234
22,Feminino,6616.277339476108
23,Masculino,2574.2698081856533
23,Feminino,2757.7299272236282
24,Masculino,5178.449254219153
24,Feminino,6244.554651219157
25,Masculino,10186.990707712137
25,Feminino,8214.011285031555
26,Masculino,6908.2682738299445
26,Feminino,7372.7303363555475
27,Masculino,8307.468602983523
27,Feminino,9228.533692980494
28,Masculino,3788.2211198470627
28,Feminino,5279.780988861767
29,Masculino,6526.849798123488
29,Feminino,6724.148803142129
30,Masculino,7713.426298184172
30,Feminino,11741.576489733528
31,Masculino,9619.093240057198
31,Feminino,10414.90162191372
32,Masculino,4417.044796341175
32,Feminino,4138.954625086954
33,Masculino,858.4333032592556
33,Feminino,980.5662540185143
34,Masculino,3219.817993463043
34,Feminino,4336.17991908172
35,Masculino,18275.20326654085
35,Feminino,21756.793068752686
36,Masculino,19113.22582250443
36,Feminino,23980.788137275344
37,Masculino,2061.095826761904
37,Feminino,2545.9040881644964
38,Masculino,1785.5849871857135
38,Feminino,2000.4149587285701
39,Masculino,3874.678182277309
39,Feminino,5482.319143282806
40,Masculino,3602.748233553246
40,Feminino,4275.25096820368
41,Masculino,10606.886986880796
41,Feminino,11444.108587818477
42,Masculino,2637.9415521359456
42,Feminino,2690.059394210456
43,Masculino,14124.905771453374
43,Feminino,13833.098204432841
44,Masculino,8354.996815785706
44,Feminino,9995.001736271422
45,Masculino,15921.625129041098
45,Feminino,17349.37395298891
46,Masculino,17865.885668135514
46,Feminino,18404.110248777743
47,Masculino,10095.460112820325
47,Feminino,12907.545338830994
48,Masculino,12573.579110396773
48,Feminino,11350.423509399536
49,Masculino,6822.820661629069
49,Feminino,6563.1771543655905
50,Masculino,4402.276733883687
50,Feminino,4493.7241990557295
51,Masculino,7216.689649046185
51,Feminino,8868.30633713987
52,Masculino,6360.4683738666645
52,Feminino,3784.53419348034
53,Masculino,5740.455988307781
53,Feminino,7552.543741498635
54,Masculino,3670.4667883922243
54,Feminino,5044.53318937802
55,Masculino,6171.761889163182
55,Feminino,9346.23693562637
56,Masculino,9862.73415017199
56,Feminino,11754.263077226467
57,Masculino,11008.035007864682
57,Feminino,13325.968012262587
58,Masculino,14835.365608148402
58,Feminino,15943.637595260027
59,Masculino,22776.613573403833
59,Feminino,29968.393396863146
60,Masculino,8824.692457012714
60,Feminino,13234.310945833668
61,Masculino,11083.339709562826
61,Feminino,17016.653577593253
62,Masculino,2618.4094536012276
62,Feminino,1946.5889829634184
63,Masculino,998.6426559029513
63,Feminino,1100.3567241392382
64,Masculino,15344.601137782187
64,Feminino,18041.38619002486
65,Masculino,13022.393459196834
65,Feminino,13837.610855662717
66,Masculino,4450.419992147496
66,Feminino,6472.580599225135
67,Masculino,5294.807610516592
67,Feminino,5279.190339525248
68,Masculino,14334.819976705337
68,Feminino,13125.186338959844
69,Masculino,4742.07541474137
69,Feminino,5278.926646313602
70,Masculino,5160.23121309111
70,Feminino,6542.769645057227
71,Masculino,13016.98945144735
71,Feminino,15426.006496302602
72,Masculino,4407.950234994923
72,Feminino,5684.047360290792
73,Masculino,4228.389733356808
73,Feminino,4529.609152438071
74,Masculino,5230.259387155778
74,Feminino,7534.740676077033
75,Masculino,6577.321814280442
75,Feminino,7699.6798156498735
76,Masculino,5275.526956559409
76,Feminino,5632.47033235585
77,Masculino,9399.915642229309
77,Feminino,11606.082208349613
78,Masculino,10022.318958804108
78,Feminino,10753.678063655381
79,Masculino,4955.139839562073
79,Feminino,5734.85950615241
80,Masculino,9244.356142569368
80,Feminino,10446.647726421508
81,Masculino,5884.790053917906
81,Feminino,6765.214052611933
82,Masculino,5353.704933415409
82,Feminino,5908.293556885104
83,Masculino,10418.509232262984
83,Feminino,11856.493416302543
84,Masculino,6418.989180029261
84,Feminino,10138.009569660968
85,Masculino,1872.7493466597246
85,Feminino,3160.251125184027
86,Masculino,1822.3835115276124
86,Feminino,1906.6169025460185
87,Masculino,7848.5060191820785
87,Feminino,8505.491441591466
88,Masculino,20639.4094739969
88,Feminino,24716.59596979217
89,Masculino,7066.066546023808
89,Feminino,6926.932064714286
90,Masculino,6076.765696849279
90,Feminino,7155.236324362934
91,Masculino,1106.3480747700833
91,Feminino,1243.6519313914785
92,Masculino,123.89848476923108
92,Feminino,200.10158065384684
93,Masculino,3895.4126618978084
93,Feminino,5136.585340712541
94,Masculino,1693.3029348485559
94,Feminino,2299.698116164492
95,Masculino,8866.630064272227
95,Feminino,8790.367319738893
96,Masculino,3733.777157433335
96,Feminino,3477.220277672224
97,Masculino,7430.8984413808275
97,Feminino,9179.102706843587
98,Masculino,913.8496570592589
98,Feminino,1538.1500054592577
99,Masculino,3798.6232882892637
99,Feminino,4321.375707243778
100,Masculino,8740.136632927128
100,Feminino,10613.866845950548
101,Masculino,11499.72881514285
101,Feminino,10358.27021141963
102,Masculino,5824.673519099768
102,Feminino,6818.329397178651
103,Masculino,1304.0394295714273
103,Feminino,1317.9603166551717
104,Masculino,3533.82128427981
104,Feminino,3530.1797135651536
105,Masculino,6631.348996123442
105,Feminino,7807.6535727126475
106,Masculino,1819.2671032020758
106,Feminino,2101.733523220197
107,Masculino,6757.107846547482
107,Feminino,8455.88793581701
108,Masculino,1778.908069725172
108,Feminino,1672.091469174823
109,Masculino,53146.51648637818
109,Feminino,66971.51039850217
110,Masculino,24894.868535033303
110,Feminino,25556.133440027817
111,Masculino,26894.178147814146
111,Feminino,24028.82069941452
112,Masculino,16052.325157247022
112,Feminino,19099.672656096507
113,Masculino,11507.98656567251
113,Feminino,12646.016561456214
114,Masculino,0
114,Feminino,0
115,Masculino,22889.55108116308
115,Feminino,26204.460951173198
116,Masculino,77410.007972438
116,Feminino,80497.00746414816
117,Masculino,33077.79394411764
117,Feminino,31017.190625898027
118,Masculino,7246.95893509798
118,Feminino,9505.04355448679
119,Masculino,44255.6807634773
119,Feminino,42990.311296460255
120,Masculino,0
120,Feminino,0
121,Masculino,40033.00539264105
121,Feminino,50239.97871110085
122,Masculino,23958.534028894293
122,Feminino,25994.45729305286
123,Masculino,35786.62204699998
123,Feminino,37279.38564849998
124,Masculino,32301.058931820895
124,Feminino,32564.9445309562
125,Masculino,23869.505549602207
125,Feminino,28730.50532904504
126,Masculino,15844.611587174286
126,Feminino,18234.392854106016
127,Masculino,29983.392102536207
127,Feminino,23957.62164127327
128,Masculino,663.3815400777125
128,Feminino,1130.6181545267139
129,Masculino,2359.716237809229
129,Feminino,2236.28433101041
130,Masculino,1564.641865861004
130,Feminino,1709.357998779923
131,Masculino,581.6153485
131,Feminino,645.3848969999998
132,Masculino,0
132,Feminino,0
133,Masculino,13860.72328812123
133,Feminino,22581.2744182121
134,Masculino,13245.002314104162
134,Feminino,15582.00179691667
135,Masculino,20444.579080064923
135,Feminino,17718.421893076913
136,Masculino,14260.795587590905
136,Feminino,18309.200146689393
137,Masculino,27375.96533054792
137,Feminino,26063.020895317666
138,Masculino,4062.135680380769
138,Feminino,3792.865897933332
139,Masculino,9858.288363559905
139,Feminino,14450.719388240308
140,Masculino,23631.47287883588
140,Feminino,23759.51756571281
141,Masculino,40652.97527446436
141,Feminino,38623.03723787877
142,Masculino,31751.413968636116
142,Feminino,34572.571090734986
143,Masculino,0
143,Feminino,0
144,Masculino,49918.80550604013
144,Feminino,54607.18180502908
145,Masculino,2181.1241211132065
145,Feminino,2298.8759566383637
146,Masculino,0
146,Feminino,0
147,Masculino,14296.950142723583
147,Feminino,19605.056273891492
148,Masculino,11080.437130925475
148,Feminino,11788.560388172215
149,Masculino,0
149,Feminino,0
150,Masculino,23149.051264749698
150,Feminino,28408.948481931344
151,Masculino,50133.56601414736
151,Feminino,59495.409057868324
152,Masculino,16077.40873383759
152,Feminino,19091.58976550528
153,Masculino,8555.52793858108
153,Feminino,7728.469658977478
154,Masculino,22391.580456546242
154,Feminino,23073.419221911518
155,Masculino,14248.798648873228
155,Feminino,17993.206204585338
156,Masculino,23513.961296725487
156,Feminino,20396.048292364703
157,Masculino,9361.948286899118
157,Feminino,10267.05597810074
158,Masculino,20706.668335886057
158,Feminino,39752.32489493794
159,Masculino,30296.416031154324
159,Feminino,33874.57903770862
160,Masculino,21731.01380248526
160,Feminino,28940.994047328844
161,Masculino,20109.991069750005
161,Feminino,27187.00616245983
162,Masculino,7530.248586699923
162,Feminino,8311.751375421745
163,Masculino,21244.310958600265
163,Feminino,26274.694374650022
164,Masculino,2907.8937304523806
164,Feminino,2941.104202571429
165,Masculino,1442.7010384301086
165,Feminino,1741.2982596682043
166,Masculino,15063.033269323056
166,Feminino,17812.961469207756
167,Masculino,9064.638426120238
167,Feminino,8375.359885749984
168,Masculino,10207.22468968832
168,Feminino,12294.773780857153
169,Masculino,10986.125964762341
169,Feminino,11473.872345938216
170,Masculino,15296.694755612732
170,Feminino,19396.304409047734
171,Masculino,20083.81252125975
171,Feminino,20582.191138703914
172,Masculino,9997.576420806412
172,Feminino,16790.42885039127
173,Masculino,12575.492154058602
173,Feminino,14242.503825881862
174,Masculino,22441.898869555265
174,Feminino,26444.1035900481
175,Masculino,14528.556812869849
175,Feminino,17263.439594380976
176,Masculino,22609.51591006077
176,Feminino,24218.48537739393
177,Masculino,5131.075724446712
177,Feminino,5052.925103209589
178,Masculino,0
178,Feminino,0
179,Masculino,0
179,Feminino,0
180,Masculino,32727.932313021163
180,Feminino,38381.06549945748
181,Masculino,24151.68352549272
181,Feminino,22448.305187401234
182,Masculino,21035.342017726118
182,Feminino,25910.665950660845
183,Masculino,20260.381236319452
183,Feminino,23398.617500524626
184,Masculino,12317.225077771962
184,Feminino,12406.771897526352
185,Masculino,15320.607382290822
185,Feminino,13808.38505147846
186,Masculino,5471.74918715053
186,Feminino,6275.249406600263
187,Masculino,22293.486421649428
187,Feminino,25969.52403615656
188,Masculino,13500.366479451146
188,Feminino,17581.62534481768
189,Masculino,27393.666777907525
189,Feminino,21331.33280102654
190,Masculino,16166.284698765157
190,Feminino,17581.713392364105
191,Masculino,0
191,Feminino,0
192,Masculino,17468.255991703893
192,Feminino,21484.7383259965
193,Masculino,13273.045013951634
193,Feminino,12391.953589053011
194,Masculino,12192.69853649425
194,Feminino,13652.301642014962
195,Masculino,18157.38771564504
195,Feminino,18889.606313379052
196,Masculino,17225.27063296376
196,Feminino,18764.721074471174
197,Masculino,10333.950946157853
197,Feminino,13790.051835851773
198,Masculino,14567.294924061925
198,Feminino,14917.697061085737
199,Masculino,48298.16486969779
199,Feminino,53451.80089078203
200,Masculino,16435.442500028137
200,Feminino,16860.55077607008
201,Masculino,32865.57508917304
201,Feminino,41801.43015803521
202,Masculino,36245.431184654604
202,Feminino,41384.56177098042
203,Masculino,25081.039139590423
203,Feminino,31975.973500252603
204,Masculino,53111.06324527561
204,Feminino,61967.92521544515
205,Masculino,49087.65915171394
205,Feminino,58305.35915793345
206,Masculino,16230.530022607674
206,Feminino,29684.466091442584
207,Masculino,42209.413181453725
207,Feminino,36816.59786501511
208,Masculino,18980.629534818177
208,Feminino,23538.373890381805
209,Masculino,20815.502632359014
209,Feminino,21376.494573746935
210,Masculino,14778.040219085913
210,Feminino,17391.96187785794
211,Masculino,26345.737962813175
211,Feminino,35816.25010818313
212,Masculino,19373.249781892657
212,Feminino,22648.750492414154
213,Masculino,18467.710543784637
213,Feminino,26090.278316257725
214,Masculino,11261.2593862112
214,Feminino,14770.737277995979
215,Masculino,17310.58035659761
215,Feminino,21884.413693409206
216,Masculino,19705.27415302839
216,Feminino,20582.72336515891
217,Masculino,14579.255737585852
217,Feminino,18501.748589136365
218,Masculino,27317.27925672772
218,Feminino,41016.71592526558
219,Masculino,23141.771905270023
219,Feminino,31333.229726266603
220,Masculino,19400.7464693505
220,Feminino,15109.254087345586
221,Masculino,19504.603794158083
221,Feminino,24911.39032538351
222,Masculino,19679.37997719162
222,Feminino,24832.614387324495
223,Masculino,13512.278652825145
223,Feminino,12979.716047263506
224,Masculino,0
224,Feminino,0
225,Masculino,15257.480281241345
225,Feminino,16560.52057214283
226,Masculino,55526.22602783133
226,Feminino,46751.78905918705
227,Masculino,32821.32899442586
227,Feminino,31147.664834445954
228,Masculino,23785.238600425986
228,Feminino,20534.776866936372
229,Masculino,70632.91814300386
229,Feminino,82233.07839302851
230,Masculino,33752.41260764995
230,Feminino,43369.60588332688
231,Masculino,17585.325794506614
231,Feminino,17712.676075578987
232,Masculino,20900.09659382726
232,Feminino,21313.90847744544
233,Masculino,33787.36926594234
233,Feminino,33473.6424906603
234,Masculino,33469.29960924021
234,Feminino,37356.694197454446
235,Masculino,42320.1623334059
235,Feminino,43088.85339518517
236,Masculino,4772.634578236416
236,Feminino,7284.366133805982
237,Masculino,3972.7312794188815
237,Feminino,4202.268088480657
238,Masculino,9373.144670210027
238,Feminino,9886.859059626951
239,Masculino,7449.5279088809475
239,Feminino,8030.472857994041
240,Masculino,9029.111575767829
240,Feminino,10359.884738711893
241,Masculino,4348.78547162527
241,Feminino,5323.212014250547
242,Masculino,13745.306330553245
242,Feminino,13366.688199425042
243,Masculino,23006.509148976853
243,Feminino,21772.495683409576
244,Masculino,32345.947977887678
244,Feminino,29958.046978569444
245,Masculino,11128.511924300861
245,Feminino,13462.492034594734
246,Masculino,12922.84131907708
246,Feminino,17050.15752463292
247,Masculino,48074.3597377959
247,Feminino,50688.64918541326
248,Masculino,0
248,Feminino,0
249,Masculino,23190.187548905258
249,Feminino,23624.82174851318
250,Masculino,9469.849002066587
250,Feminino,9709.14993261803
251,Masculino,13221.163130696972
251,Feminino,11162.839874439394
252,Masculino,9124.241782637117
252,Feminino,13364.75681860757
253,Masculino,2377.4263895803706
253,Feminino,2690.5728636312574
254,Masculino,16323.61816085607
254,Feminino,17750.38710196412
255,Masculino,30600.15867745293
255,Feminino,34900.833050853566
256,Masculino,13632.000311512804
256,Feminino,15837.001120888877
257,Masculino,21031.114236578265
257,Feminino,23088.87628198313
258,Masculino,30312.365535384277
258,Feminino,39052.626489374175
259,Masculino,17760.660206392113
259,Feminino,20183.34006243896
260,Masculino,21098.05901290031
260,Feminino,24926.942303264877
261,Masculino,24765.719976525423
261,Feminino,31550.277819038743
262,Masculino,40462.90728944105
262,Feminino,44719.11039222053
263,Masculino,28398.71241890643
263,Feminino,34813.2803084096
264,Masculino,36058.28118834709
264,Feminino,30889.707975921552
265,Masculino,21284.93143737257
265,Feminino,22962.062839449205
266,Masculino,9234.259342268417
266,Feminino,9524.743492005333
267,Masculino,11328.161851209248
267,Feminino,13880.840209820359
268,Masculino,7294.0815315701575
268,Feminino,6680.918558624663
269,Masculino,9279.617794562879
269,Feminino,12179.38602395
270,Masculino,4226.899212834983
270,Feminino,5067.100755115914
271,Masculino,0
271,Feminino,0
272,Masculino,8739.49027467143
272,Feminino,10766.512303800011
273,Masculino,24209.420810925254
273,Feminino,37266.56441820828
274,Masculino,16016.947701528856
274,Feminino,19809.049802340287
275,Masculino,20423.88017717036
275,Feminino,17815.119888428882
276,Masculino,46404.22101699842
276,Feminino,46200.76496193796
277,Masculino,27186.398862574562
277,Feminino,32265.602541771048
278,Masculino,66915.07333404069
278,Feminino,71923.91257731491
279,Masculino,32772.29293893724
279,Feminino,50729.71508397582
280,Masculino,7045.301199230329
280,Feminino,13068.70098854805
281,Masculino,16598.812635345428
281,Feminino,24423.1819522021
282,Masculino,15333.190359037282
282,Feminino,18456.80362389255
283,Masculino,4973.49734746192
283,Feminino,5710.5052110895995
284,Masculino,25362.324495740206
284,Feminino,25638.677018880833
285,Masculino,51541.37289323135
285,Feminino,54738.59900304769
286,Masculino,4144.701486789736
286,Feminino,4974.300527785127
287,Masculino,12978.040286758278
287,Feminino,14298.964032970543
288,Masculino,10726.896386298431
288,Feminino,11103.101959728956
289,Masculino,21825.515953759306
289,Feminino,25723.483570639302
290,Masculino,27045.997957963227
290,Feminino,29018.994641323516
291,Masculino,38289.92110035147
291,Feminino,37519.09396414954
292,Masculino,31089.78611710952
292,Feminino,34543.20220997144
293,Masculino,39606.85102336027
293,Feminino,46424.146972569484
294,Masculino,52155.14609158072
294,Feminino,61321.86814534748
295,Masculino,55435.95019158743
295,Feminino,58744.03960903822
296,Masculino,1998.462889930645
296,Feminino,2149.536760503226
297,Masculino,1376.1599356881234
297,Feminino,1530.840321531622
298,Masculino,67684.1241000882
298,Feminino,77963.89023943391
299,Masculino,3937.947913851067
299,Feminino,4425.049938117025
300,Masculino,15297.474561047495
300,Feminino,19607.536370279202
301,Masculino,6090.916035657744
301,Feminino,6392.085966962559
302,Masculino,7613.00247135714
302,Feminino,8773.998156160711
303,Masculino,5257.899040542228
303,Feminino,5067.099735743861
304,Masculino,37412.397726725
304,Feminino,41225.59706917936
305,Masculino,55361.53947798095
305,Feminino,71929.47136458615
306,Masculino,37351.93529247305
306,Feminino,44857.04535058827
307,Masculino,49041.255981534465
307,Feminino,55374.76641701644
308,Masculino,22101.30210795809
308,Feminino,19777.707739786783
309,Masculino,31729.557401548966
309,Feminino,34002.43649920257
310,Masculino,12084.213065043412
310,Feminino,16210.783302986114
311,Masculino,39100.83620892807
311,Feminino,49435.16614031366
312,Masculino,17451.514065359483
312,Feminino,20855.38033399012
313,Masculino,10417.073423978305
313,Feminino,13848.931288817761
314,Masculino,50873.69377534501
314,Feminino,54381.322000533655
315,Masculino,59964.569832309186
315,Feminino,62477.45495338279
316,Masculino,7102.871188136675
316,Feminino,8457.12803405912
317,Masculino,2067.218701223182
317,Feminino,2238.782122533326
318,Masculino,9471.117723628144
318,Feminino,13436.877861231393
319,Masculino,4915.211374331435
319,Feminino,4099.787280934295
320,Masculino,33624.22379948298
320,Feminino,40236.769464713696
321,Masculino,20442.239204102156
321,Feminino,22352.765122235734
322,Masculino,16948.7662834988
322,Feminino,22491.227120614552
323,Masculino,33090.261178677036
323,Feminino,29619.75240764712
324,Masculino,27021.402960141513
324,Feminino,44329.58512687751
325,Masculino,18328.38661801514
325,Feminino,21728.603379352437
326,Masculino,22294.90029119418
326,Feminino,28760.11201939819
327,Masculino,8903.569281481767
327,Feminino,10819.42827519585
328,Masculino,10792.088785625589
328,Feminino,11864.914903812132
329,Masculino,18935.501197476
329,Feminino,15470.498049603942
330,Masculino,19211.415978816593
330,Feminino,23070.588097877044
331,Masculino,17197.309664564113
331,Feminino,24979.698595307025
332,Masculino,21696.018703474252
332,Feminino,22035.994672587836
333,Masculino,9691.633462183949
333,Feminino,10273.365700733155
334,Masculino,19766.996118503528
334,Feminino,16916.00660387177
335,Masculino,17314.448151276276
335,Feminino,23063.560854095507
336,Masculino,22448.69134525589
336,Feminino,23136.300703385696
337,Masculino,11109.994649610582
337,Feminino,11427.00187593218
338,Masculino,14514.670798573394
338,Feminino,17029.336501831
339,Masculino,0
339,Feminino,0
340,Masculino,3514.734057130455
340,Feminino,4223.263350926659
341,Masculino,4837.763123030656
341,Feminino,5703.237320846668
342,Masculino,15397.048468150162
342,Feminino,20309.946188281017
343,Masculino,1897.0134921096494
343,Feminino,1679.9863406871345
344,Masculino,25365.525879942037
344,Feminino,27324.470469658383
345,Masculino,18005.80667261588
345,Feminino,23140.186311420464
346,Masculino,0
346,Feminino,0
347,Masculino,35476.73487373422
347,Feminino,34090.28505962851
348,Masculino,2455.711461552586
348,Feminino,2555.29006946075
349,Masculino,0
349,Feminino,0
350,Masculino,35688.09081112446
350,Feminino,36255.90312984379
351,Masculino,33266.67603353225
351,Feminino,42414.33342605684
352,Masculino,0
352,Feminino,0
353,Masculino,0
353,Feminino,0
354,Masculino,0
354,Feminino,0
355,Masculino,31173.006094783832
355,Feminino,27450.989609238375
356,Masculino,51285.78257672916
356,Feminino,54538.23857726062
357,Masculino,2027.1710489767434
357,Feminino,3194.8276151627874
358,Masculino,22301.910897228918
358,Feminino,21602.08331533482
359,Masculino,9843.455872669896
359,Feminino,7961.53952223295
360,Masculino,10416.50926145981
360,Feminino,7661.4937039762335
361,Masculino,7092.044563885448
361,Feminino,7813.956318854286
362,Masculino,7471.767685653583
362,Feminino,5813.2323581393
363,Masculino,17486.165492782915
363,Feminino,24038.835289508774
364,Masculino,7018.160713714279
364,Feminino,6400.842124719318
365,Masculino,2038.32243389786
365,Feminino,2670.6789047884954
366,Masculino,16090.850007016457
366,Feminino,15434.143966839478
367,Masculino,13319.854092684722
367,Feminino,14464.143266411596
368,Masculino,23979.748025477085
368,Feminino,28077.26328735417
369,Masculino,23237.31751262136
369,Feminino,32745.67544474314
370,Masculino,37544.75477394677
370,Feminino,48241.25515722224
371,Masculino,31732.83476009773
371,Feminino,43763.168263405896
372,Masculino,33599.32818597984
372,Feminino,33138.666539862104
373,Masculino,37786.70351250239
373,Feminino,32892.30790407031
374,Masculino,0
374,Feminino,0
375,Masculino,46710.22636219883
375,Feminino,40978.76168259699
376,Masculino,19979.892741122858
376,Feminino,20472.09824300742
377,Masculino,86533.29553810187
377,Feminino,101077.70463049284
378,Masculino,45307.95087302583
378,Feminino,53331.03214846879
379,Masculino,24419.201075861896
379,Feminino,35696.79541122498
380,Masculino,54793.76664623276
380,Feminino,49854.24600609644
381,Masculino,0
381,Feminino,0
382,Masculino,47098.32101674213
382,Feminino,51672.64548411999
383,Masculino,37400.61495524665
383,Feminino,39400.37953574767
384,Masculino,13181.720137305518
384,Feminino,15702.27507354993
385,Masculino,0
385,Feminino,0
386,Masculino,2161.9854684999978
386,Feminino,1732.01406792857
387,Masculino,37131.53279319252
387,Feminino,38959.4686576439
388,Masculino,3172.544769758597
388,Feminino,3221.455436773335
389,Masculino,18539.141331950217
389,Feminino,21937.852583496195
390,Masculino,6835.912255578201
390,Feminino,6767.088322611962
391,Masculino,38348.13142833843
391,Feminino,44267.862014218554
392,Masculino,0
392,Feminino,0
393,Masculino,48859.19965598292
393,Feminino,55944.80150037626
394,Masculino,10209.776608687938
394,Feminino,9829.222600016916
395,Masculino,46925.087180538605
395,Feminino,46529.895785155946
396,Masculino,54288.578959508144
396,Feminino,52334.420377100716
397,Masculino,34921.39922154115
397,Feminino,36676.599398992286
398,Masculino,50705.92979346621
398,Feminino,59727.06033917601
399,Masculino,34566.60215196685
399,Feminino,35996.38568839043
400,Masculino,49218.75862534262
400,Feminino,62729.228049464655
401,Masculino,62526.79600705045
401,Feminino,73581.20627204186
402,Masculino,10038.931064767428
402,Feminino,10716.07362722221
403,Masculino,7746.325490564095
403,Feminino,7990.676093942843
404,Masculino,39666.87456592997
404,Feminino,47981.13400600797
405,Masculino,16297.126270631708
405,Feminino,17594.877439465854
406,Masculino,15947.00388205105
406,Feminino,19170.988288685134
407,Masculino,57426.189038224
407,Feminino,56570.78442735993
408,Masculino,22585.604045242657
408,Feminino,24975.39910606403
409,Masculino,8490.997820094684
409,Feminino,8302.999455836622
410,Masculino,4249.7426999451955
410,Feminino,5142.257706540909
411,Masculino,7753.794720177651
411,Feminino,7611.205670838067
412,Masculino,17669.7464519249
412,Feminino,18660.253753959703
413,Masculino,12850.017232597216
413,Feminino,13854.984727856476
414,Masculino,16294.148728933807
414,Feminino,15182.849084834945
415,Masculino,8314.495669847358
415,Feminino,8244.508095953066
416,Masculino,13314.013935294395
416,Feminino,15286.989497577993
417,Masculino,20663.55536778951
417,Feminino,23105.446349167814
418,Masculino,25623.34558019542
418,Feminino,24864.66245783367
419,Masculino,16458.294651141907
419,Feminino,20952.70376962233
420,Masculino,2268.1621125089587
420,Feminino,2191.8388738351236
421,Masculino,7242.612036508813
421,Feminino,7585.389607394943
422,Masculino,25199.638125104248
422,Feminino,30559.361933979748
423,Masculino,14891.766200691363
423,Feminino,16559.232581242522
424,Masculino,10209.320281380958
424,Feminino,13592.676668240189
425,Masculino,13564.248736966214
425,Feminino,13278.75293000623
426,Masculino,9151.252907363807
426,Feminino,10490.74640925258
427,Masculino,21245.184394936066
427,Feminino,20680.827067918268
428,Masculino,23931.037958087945
428,Feminino,28059.966982162157
429,Masculino,33294.37585954014
429,Feminino,26417.639479866837
430,Masculino,21893.52997842752
430,Feminino,18976.466019641593
431,Masculino,46169.98764882178
431,Feminino,59588.005964521915
432,Masculino,49333.46453297008
432,Feminino,62108.549826328184
433,Masculino,59089.081017105884
433,Feminino,58815.94441538485
434,Masculino,1540.5273555011074
434,Feminino,1498.4715397893556
435,Masculino,16536.880781849282
435,Feminino,17627.115722334762
436,Masculino,55783.37057229631
436,Feminino,72099.651575152835
437,Masculino,80235.93221766617
437,Feminino,87620.12164008076
438,Masculino,47530.281935310464
438,Feminino,48230.69199139324
439,Masculino,12379.173756650158
439,Feminino,12892.825142897831
440,Masculino,37650.55283760516
440,Feminino,43584.46677130516
441,Masculino,9623.147862428817
441,Feminino,13200.854015217084
442,Masculino,5728.727765744184
442,Feminino,7999.2702310744335
443,Masculino,6307.907552629042
443,Feminino,6605.092442512575
444,Masculino,15989.434751390574
444,Feminino,19602.557107098135
445,Masculino,45008.481868368435
445,Feminino,50473.486409435696
446,Masculino,27171.54212625142
446,Feminino,27816.44788920901
447,Masculino,21762.58233050312
447,Feminino,22711.410520030357
448,Masculino,22184.090840072884
448,Feminino,23289.920303187286
449,Masculino,30210.268933827
449,Feminino,36994.74563285087
450,Masculino,83993.34713329624
450,Feminino,88266.64411737959
451,Masculino,45436.11504903439
451,Feminino,56734.88713123963
452,Masculino,21007.381274706288
452,Feminino,26129.613490614658
453,Masculino,14139.638675620778
453,Feminino,16480.35064223851
454,Masculino,72838.9678197739
454,Feminino,70090.01106655611
455,Masculino,31807.94238002289
455,Feminino,25618.061851577786
456,Masculino,49666.94371040737
456,Feminino,49939.06900321291
457,Masculino,56477.68146664802
457,Feminino,51477.30120458682
458,Masculino,29363.890380823203
458,Feminino,31879.118432318974
459,Masculino,32071.453280293557
459,Feminino,42445.56060024143
460,Masculino,30498.167239614046
460,Feminino,28636.819770918148
461,Masculino,20395.432613806624
461,Feminino,27683.56680300992
462,Masculino,45910.57442616299
462,Feminino,55060.40699539779
463,Masculino,27447.611096226065
463,Feminino,39386.391630853315
464,Masculino,34721.31329531202
464,Feminino,37976.67287972852
465,Masculino,55854.14173544545
465,Feminino,60171.884797077415
466,Masculino,29524.38159297333
466,Feminino,26201.624335939265
467,Masculino,10501.339878646262
467,Feminino,9095.656669005148
468,Masculino,69403.43684790726
468,Feminino,83214.58636244484
469,Masculino,3012.862607822461
469,Feminino,2245.138728693244
470,Masculino,3870.990497314282
470,Feminino,4063.0106875809483
471,Masculino,7810.177886187954
471,Feminino,7394.820697391416
472,Masculino,20008.70023860869
472,Feminino,19949.29936367773
473,Masculino,9923.355566666518
473,Feminino,11029.648881653166
474,Masculino,2807.27493454878
474,Feminino,3143.7242305243894
475,Masculino,15076.63079414716
475,Feminino,14918.372611471841
476,Masculino,35393.341183875564
476,Feminino,47573.645821426675
477,Masculino,23056.976513746966
477,Feminino,23248.028621004014
478,Masculino,0
478,Feminino,0
479,Masculino,0
479,Feminino,0
480,Masculino,18537.945256136318
480,Feminino,23512.061570011014
481,Masculino,33879.112877206484
481,Feminino,30910.88420904251
482,Masculino,8783.793232324791
482,Feminino,11010.20727625642
483,Masculino,1917.226066483333
483,Feminino,1401.774539308333
484,Masculino,63345.33355213973
484,Feminino,68347.66970896821
485,Masculino,52387.041269617956
485,Feminino,58285.95643226784
486,Masculino,34547.07089621958
486,Feminino,35096.929042038486
487,Masculino,15800.961366120171
487,Feminino,17982.028750126632
488,Masculino,23490.433590197557
488,Feminino,20157.55860934683
489,Masculino,2426.1163077347783
489,Feminino,2028.8837693188748
490,Masculino,4854.6650894331515
490,Feminino,6667.333474591796
491,Masculino,14309.0964256518
491,Feminino,22590.89812201932
492,Masculino,29919.40022670153
492,Feminino,30342.60882002341
493,Masculino,14535.3522892672
493,Feminino,16495.645462046
494,Masculino,31067.19333126546
494,Feminino,32495.820088208027
495,Masculino,53049.49369093048
495,Feminino,68919.50935643082
496,Masculino,36541.394307215596
496,Feminino,35517.59570902872
497,Masculino,6021.343387117659
497,Feminino,6768.659699635587
498,Masculino,4406.651487572374
498,Feminino,7193.3463576473805
499,Masculino,61099.69840406507
499,Feminino,68240.28672979325
500,Masculino,22916.69643857968
500,Feminino,26900.315990108807
501,Masculino,24285.228250238477
501,Feminino,27016.775740092995
502,Masculino,10483.389047139543
502,Feminino,10258.6138330189
503,Masculino,2859.481562944261
503,Feminino,3043.5203186977087
504,Masculino,49662.45884790845
504,Feminino,56645.56435942311
505,Masculino,3762.1687295858565
505,Feminino,4170.832011404038
506,Masculino,14848.570432825316
506,Feminino,18412.42744781048
507,Masculino,9931.442061917936
507,Feminino,13393.561390234117
508,Masculino,70405.29066429836
508,Feminino,68447.69923683269
509,Masculino,2340.310560839726
509,Feminino,3164.688404873826
510,Masculino,0
510,Feminino,0
511,Masculino,16170.29203566675
511,Feminino,19945.698629300143
512,Masculino,28346.372521213798
512,Feminino,22210.617503615442
513,Masculino,1697.6183521013409
513,Feminino,1889.3824585196223
514,Masculino,54627.30914149399
514,Feminino,49998.68757158128
515,Masculino,60295.77429067657
515,Feminino,60525.233915008364
516,Masculino,64420.23949788738
516,Feminino,67187.73935073928
517,Masculino,8590.086916905844
517,Feminino,9516.916386894474
