COD_ZONA,FAIXA_RENDA,QTD
1,até 1.908,937.928736912615
1,1.908 a 3.816,1316.7032168620838
1,3.816 a 7.632,660.2499226527364
1,7.632 a 11.448,347.11907306003076
1,mais de 11.448,0
2,até 1.908,1002.3178855579945
2,1.908 a 3.816,3340.652931937453
2,3.816 a 7.632,1107.8205004036427
2,7.632 a 11.448,244.20944448484846
2,mais de 11.448,0
3,até 1.908,3408.3133784824504
3,1.908 a 3.816,8149.860712609643
3,3.816 a 7.632,4580.821790482452
3,7.632 a 11.448,0
3,mais de 11.448,991.0050988157889
4,até 1.908,2819.5235756441457
4,1.908 a 3.816,7196.843827610032
4,3.816 a 7.632,9492.656251404012
4,7.632 a 11.448,2265.062414650835
4,mais de 11.448,2314.9128107447036
5,até 1.908,1907.4518041153844
5,1.908 a 3.816,7250.362164390105
5,3.816 a 7.632,4076.7547097472543
5,7.632 a 11.448,1444.8027245769235
5,mais de 11.448,276.6284773846155
6,até 1.908,4327.734865766075
6,1.908 a 3.816,15164.125161531198
6,3.816 a 7.632,1969.9322205223907
6,7.632 a 11.448,527.2083436567171
6,mais de 11.448,0
7,até 1.908,1547.2097413333336
7,1.908 a 3.816,7703.630856129911
7,3.816 a 7.632,8381.459271340165
7,7.632 a 11.448,577.6958816410261
7,mais de 11.448,0
8,até 1.908,2471.3797546666674
8,1.908 a 3.816,5288.214638212943
8,3.816 a 7.632,4132.299353257814
8,7.632 a 11.448,259.00625336111096
8,mais de 11.448,101.09773802777772
9,até 1.908,1451.1498042500007
9,1.908 a 3.816,2810.854819607265
9,3.816 a 7.632,2532.563146824327
9,7.632 a 11.448,568.3791162077704
9,mais de 11.448,93.05325513513515
10,até 1.908,489.27836380506454
10,1.908 a 3.816,1061.9569056636522
10,3.816 a 7.632,67.76494757647069
10,7.632 a 11.448,0
10,mais de 11.448,0
11,até 1.908,421.28782461290325
11,1.908 a 3.816,1267.8546844398832
11,3.816 a 7.632,734.9842999706747
11,7.632 a 11.448,168.89847391397842
11,mais de 11.448,119.97471199999994
12,até 1.908,1545.6376021842404
12,1.908 a 3.816,8595.108818315543
12,3.816 a 7.632,2455.8329788926994
12,7.632 a 11.448,1366.1255305615998
12,mais de 11.448,418.29416470588245
13,até 1.908,312.88172223064964
13,1.908 a 3.816,912.8136419994809
13,3.816 a 7.632,209.30468019844182
13,7.632 a 11.448,0
13,mais de 11.448,0
14,até 1.908,327.7096929531505
14,1.908 a 3.816,2430.5029573579154
14,3.816 a 7.632,578.788336174573
14,7.632 a 11.448,0
14,mais de 11.448,0
15,até 1.908,2377.467009253289
15,1.908 a 3.816,4384.025985985898
15,3.816 a 7.632,1381.5051130851073
15,7.632 a 11.448,284.00399776595765
15,mais de 11.448,0
16,até 1.908,219.80688052631575
16,1.908 a 3.816,9696.534728313829
16,3.816 a 7.632,2200.6564387381054
16,7.632 a 11.448,0
16,mais de 11.448,0
17,até 1.908,1139.2573960486063
17,1.908 a 3.816,3689.5099722890022
17,3.816 a 7.632,1963.145456199019
17,7.632 a 11.448,188.08749603218422
17,mais de 11.448,0
18,até 1.908,1846.4800678154563
18,1.908 a 3.816,7708.428501028647
18,3.816 a 7.632,5918.957078789469
18,7.632 a 11.448,1865.7454858101255
18,mais de 11.448,1900.3928822616015
19,até 1.908,1321.3764181226638
19,1.908 a 3.816,6051.601582649284
19,3.816 a 7.632,9722.87124964253
19,7.632 a 11.448,2589.40089818692
19,mais de 11.448,1046.749988308412
20,até 1.908,1932.362144552135
20,1.908 a 3.816,5143.995798900882
20,3.816 a 7.632,7154.465614223559
20,7.632 a 11.448,6751.261122319575
20,mais de 11.448,2080.9201226297164
21,até 1.908,1706.6063698184935
21,1.908 a 3.816,2294.239847499187
21,3.816 a 7.632,7529.66469841504
21,7.632 a 11.448,5676.81973495385
21,mais de 11.448,1483.6678693150707
22,até 1.908,635.8145113714286
22,1.908 a 3.816,6009.884066214286
22,3.816 a 7.632,4824.176511784623
22,7.632 a 11.448,1092.749128375
22,mais de 11.448,1060.3772128000003
23,até 1.908,62.83256612658223
23,1.908 a 3.816,2953.6981486919844
23,3.816 a 7.632,1877.6971980421927
23,7.632 a 11.448,437.77182254852283
23,mais de 11.448,0
24,até 1.908,1536.8307349595746
24,1.908 a 3.816,5289.142860448944
24,3.816 a 7.632,3967.8762416297877
24,7.632 a 11.448,134.72596170000003
24,mais de 11.448,494.42810670000006
25,até 1.908,2725.617975825269
25,1.908 a 3.816,7999.161480109862
25,3.816 a 7.632,6607.374406460728
25,7.632 a 11.448,326.25843339130444
25,mais de 11.448,742.5896969565218
26,até 1.908,1452.3020377924
26,1.908 a 3.816,4521.070503861964
26,3.816 a 7.632,6562.949174708662
26,7.632 a 11.448,1309.7584851151453
26,mais de 11.448,434.9184087073172
27,até 1.908,173.24540394761874
27,1.908 a 3.816,2082.9212944441542
27,3.816 a 7.632,8750.62030925755
27,7.632 a 11.448,2743.053752978352
27,mais de 11.448,3786.1615353363595
28,até 1.908,238.41859359705887
28,1.908 a 3.816,1380.547701095589
28,3.816 a 7.632,6246.23963011618
28,7.632 a 11.448,698.2909884000009
28,mais de 11.448,504.50519550000047
29,até 1.908,854.2444187297294
29,1.908 a 3.816,2447.8315841314065
29,3.816 a 7.632,6738.995008649581
29,7.632 a 11.448,1997.821452000932
29,mais de 11.448,1212.1061377539613
30,até 1.908,196.61816113815718
30,1.908 a 3.816,1704.0584135723661
30,3.816 a 7.632,7930.565899914435
30,7.632 a 11.448,3896.8272476940683
30,mais de 11.448,5726.933065598659
31,até 1.908,619.1981096422384
31,1.908 a 3.816,8063.0806521277
31,3.816 a 7.632,9301.980758332711
31,7.632 a 11.448,1722.2246606159547
31,mais de 11.448,327.5106812523189
32,até 1.908,263.19839193653735
32,1.908 a 3.816,2836.403189524585
32,3.816 a 7.632,3346.6991694369176
32,7.632 a 11.448,1497.1017294699236
32,mais de 11.448,612.5969410601629
33,até 1.908,27.188003037036943
33,1.908 a 3.816,64.86555990740717
33,3.816 a 7.632,376.03696046296164
33,7.632 a 11.448,350.2301826481468
33,mais de 11.448,1020.6788512222179
34,até 1.908,61.55993743190682
34,1.908 a 3.816,574.9047575719864
34,3.816 a 7.632,1548.0287672217955
34,7.632 a 11.448,1992.1784148326917
34,mais de 11.448,3379.326035486389
35,até 1.908,11124.458055635587
35,1.908 a 3.816,15098.881477799
35,3.816 a 7.632,9122.37065208014
35,7.632 a 11.448,4578.663890445486
35,mais de 11.448,107.62225933333333
36,até 1.908,1306.4620853295594
36,1.908 a 3.816,13184.590389771456
36,3.816 a 7.632,18937.87353277469
36,7.632 a 11.448,6697.738631606508
36,mais de 11.448,2967.3493202976138
37,até 1.908,228.6749092499999
37,1.908 a 3.816,1210.9172976853354
37,3.816 a 7.632,2096.446254541665
37,7.632 a 11.448,881.1537865662875
37,mais de 11.448,189.80766688311672
38,até 1.908,369.6631740428569
38,1.908 a 3.816,1149.881810657142
38,3.816 a 7.632,1413.487144714285
38,7.632 a 11.448,723.2652436714282
38,mais de 11.448,129.70257282857136
39,até 1.908,788.9882941425511
39,1.908 a 3.816,4128.273654721005
39,3.816 a 7.632,2642.382183123451
39,7.632 a 11.448,949.8921481193267
39,mais de 11.448,847.4610454537806
40,até 1.908,1007.2775107961028
40,1.908 a 3.816,4262.539984553359
40,3.816 a 7.632,2116.8031419396057
40,7.632 a 11.448,291.1727732178568
40,mais de 11.448,200.20579124999975
41,até 1.908,3414.2962087719975
41,1.908 a 3.816,8382.726809009735
41,3.816 a 7.632,7979.467763787117
41,7.632 a 11.448,1594.580026529477
41,mais de 11.448,679.9247666009057
42,até 1.908,448.921513186928
42,1.908 a 3.816,2870.1289678496732
42,3.816 a 7.632,1468.6837715999993
42,7.632 a 11.448,165.8565078274509
42,mais de 11.448,374.4101858823526
43,até 1.908,982.1138912523112
43,1.908 a 3.816,7261.844115967686
43,3.816 a 7.632,15609.2170479046
43,7.632 a 11.448,2434.6322272197676
43,mais de 11.448,1670.1966935418588
44,até 1.908,1622.1752726142838
44,1.908 a 3.816,3187.6275759999976
44,3.816 a 7.632,9471.875669599991
44,7.632 a 11.448,1989.654702899998
44,mais de 11.448,2078.665330942854
45,até 1.908,1111.565379427651
45,1.908 a 3.816,7498.712641258385
45,3.816 a 7.632,22054.676629852198
45,7.632 a 11.448,1770.7501090813964
45,mais de 11.448,835.2943224103606
46,até 1.908,5624.222184811988
46,1.908 a 3.816,13199.924714072224
46,3.816 a 7.632,13612.923334039458
46,7.632 a 11.448,1506.1539690357404
46,mais de 11.448,2326.771714953834
47,até 1.908,1710.974192525469
47,1.908 a 3.816,8703.533191256345
47,3.816 a 7.632,9530.149580158151
47,7.632 a 11.448,1905.01348048847
47,mais de 11.448,1153.3350072228604
48,até 1.908,3794.7965534696177
48,1.908 a 3.816,7861.532001099652
48,3.816 a 7.632,10499.887419878192
48,7.632 a 11.448,436.5157604651163
48,mais de 11.448,1331.2708848837208
49,até 1.908,707.7610498411565
49,1.908 a 3.816,3484.013812054873
49,3.816 a 7.632,4796.250465605338
49,7.632 a 11.448,2426.790718616387
49,mais de 11.448,1971.1817698768991
50,até 1.908,24.9628535151515
50,1.908 a 3.816,3417.784187169116
50,3.816 a 7.632,3625.807999318432
50,7.632 a 11.448,1436.8093385657412
50,mais de 11.448,390.6365543709687
51,até 1.908,0
51,1.908 a 3.816,2312.465876816955
51,3.816 a 7.632,4716.5914811290295
51,7.632 a 11.448,5780.663853441977
51,mais de 11.448,3275.2747747980843
52,até 1.908,113.57318561111116
52,1.908 a 3.816,1817.7118314854704
52,3.816 a 7.632,3091.692098490598
52,7.632 a 11.448,1711.7479601914529
52,mais de 11.448,3410.2774915683735
53,até 1.908,416.6714844939994
53,1.908 a 3.816,1378.0577631184683
53,3.816 a 7.632,7021.343241313196
53,7.632 a 11.448,2672.6853811204055
53,mais de 11.448,1804.2418597603573
54,até 1.908,143.43993621052599
54,1.908 a 3.816,1653.2265786817018
54,3.816 a 7.632,5055.987004807006
54,7.632 a 11.448,742.806319048453
54,mais de 11.448,1119.540139022554
55,até 1.908,205.67268403959883
55,1.908 a 3.816,5262.314836359516
55,3.816 a 7.632,5824.148055693856
55,7.632 a 11.448,3104.4529260948284
55,mais de 11.448,1121.4103226017526
56,até 1.908,234.83739102564053
56,1.908 a 3.816,3988.6298673952947
56,3.816 a 7.632,8635.532913118572
56,7.632 a 11.448,4911.000031927346
56,mais de 11.448,3846.9970239316162
57,até 1.908,161.70356738064515
57,1.908 a 3.816,2341.2893149935485
57,3.816 a 7.632,14235.551537630683
57,7.632 a 11.448,4129.444426613425
57,mais de 11.448,3466.01417350898
58,até 1.908,1181.0461157786553
58,1.908 a 3.816,8946.726440665996
58,3.816 a 7.632,15570.481008411964
58,7.632 a 11.448,3288.6536251301864
58,mais de 11.448,1792.0960134216277
59,até 1.908,4075.1815765203473
59,1.908 a 3.816,11345.876766884461
59,3.816 a 7.632,17085.194590680363
59,7.632 a 11.448,7091.004031554352
59,mais de 11.448,13147.750004627453
60,até 1.908,767.1806000610821
60,1.908 a 3.816,3541.7218853194618
60,3.816 a 7.632,12151.340018154135
60,7.632 a 11.448,1043.41314076829
60,mais de 11.448,4555.347758543423
61,até 1.908,1492.046091577464
61,1.908 a 3.816,5809.93743491324
61,3.816 a 7.632,13326.307513768461
61,7.632 a 11.448,3598.285697014648
61,mais de 11.448,3873.4165498822545
62,até 1.908,46.59241124390258
62,1.908 a 3.816,717.4856896536601
62,3.816 a 7.632,2226.883731609762
62,7.632 a 11.448,786.9481599390266
62,mais de 11.448,787.0884441182943
63,até 1.908,0
63,1.908 a 3.816,50.643644641350065
63,3.816 a 7.632,672.8912469915596
63,7.632 a 11.448,685.1757551983106
63,mais de 11.448,690.2887332109688
64,até 1.908,924.7424934974301
64,1.908 a 3.816,4524.736242768024
64,3.816 a 7.632,13726.011596049584
64,7.632 a 11.448,8274.198524880812
64,mais de 11.448,5936.298470611195
65,até 1.908,0
65,1.908 a 3.816,1189.3715871485972
65,3.816 a 7.632,10132.07742168677
65,7.632 a 11.448,7462.742703293187
65,mais de 11.448,8075.812602730941
66,até 1.908,51.266710956521514
66,1.908 a 3.816,1180.5195213353988
66,3.816 a 7.632,5253.447211474362
66,7.632 a 11.448,1160.7482053392825
66,mais de 11.448,3277.018942267065
67,até 1.908,0
67,1.908 a 3.816,1032.547854155844
67,3.816 a 7.632,3136.7257260331894
67,7.632 a 11.448,3455.05881293723
67,mais de 11.448,2949.665556915585
68,até 1.908,0
68,1.908 a 3.816,1450.8047425394116
68,3.816 a 7.632,19841.18253820741
68,7.632 a 11.448,5037.897059560141
68,mais de 11.448,1130.121975358225
69,até 1.908,0
69,1.908 a 3.816,1092.7164410542637
69,3.816 a 7.632,3694.4956461092333
69,7.632 a 11.448,2177.3717615503865
69,mais de 11.448,3056.4182123410865
70,até 1.908,62.29262366071422
70,1.908 a 3.816,1841.5572503278377
70,3.816 a 7.632,6759.028204799442
70,7.632 a 11.448,2226.5555215952368
70,mais de 11.448,813.5672577651098
71,até 1.908,0
71,1.908 a 3.816,2980.7506340526284
71,3.816 a 7.632,11996.960576328931
71,7.632 a 11.448,8374.583275815785
71,mais de 11.448,5090.70146155263
72,até 1.908,898.5942764904767
72,1.908 a 3.816,672.3576362336512
72,3.816 a 7.632,3258.6124083257173
72,7.632 a 11.448,3314.936685686352
72,mais de 11.448,1947.496588549526
73,até 1.908,504.24507070010446
73,1.908 a 3.816,1554.4620273569658
73,3.816 a 7.632,3097.6996041933958
73,7.632 a 11.448,1710.072588305121
73,mais de 11.448,1891.519595239291
74,até 1.908,111.56762462015064
74,1.908 a 3.816,1266.477034372325
74,3.816 a 7.632,4672.498657596427
74,7.632 a 11.448,4046.623436352067
74,mais de 11.448,2667.8333102918436
75,até 1.908,0
75,1.908 a 3.816,924.0315983978062
75,3.816 a 7.632,5363.054542511272
75,7.632 a 11.448,2591.208933673753
75,mais de 11.448,5398.706555347502
76,até 1.908,0
76,1.908 a 3.816,1531.917404087307
76,3.816 a 7.632,3101.3423186545733
76,7.632 a 11.448,2889.437619438297
76,mais de 11.448,3385.299946735089
77,até 1.908,1067.476034616541
77,1.908 a 3.816,3941.4801942981476
77,3.816 a 7.632,5694.087704005195
77,7.632 a 11.448,5887.156790779922
77,mais de 11.448,4415.797126879114
78,até 1.908,77.30199601673645
78,1.908 a 3.816,1422.846756715102
78,3.816 a 7.632,13903.705417732977
78,7.632 a 11.448,3303.4096355846355
78,mais de 11.448,2068.7332164100435
79,até 1.908,0
79,1.908 a 3.816,993.0769896598518
79,3.816 a 7.632,4389.0208275784325
79,7.632 a 11.448,3479.980058989216
79,mais de 11.448,1827.92146948699
80,até 1.908,694.651346968166
80,1.908 a 3.816,4076.8395632762467
80,3.816 a 7.632,8656.284896838453
80,7.632 a 11.448,3439.7009710798
80,mais de 11.448,2823.5270908281823
81,até 1.908,0
81,1.908 a 3.816,237.28119496268667
81,3.816 a 7.632,3180.982782835823
81,7.632 a 11.448,2643.4017746268664
81,mais de 11.448,6588.338354104473
82,até 1.908,510.7442814760101
82,1.908 a 3.816,4354.541315887632
82,3.816 a 7.632,5037.528804311875
82,7.632 a 11.448,1172.4752235833328
82,mais de 11.448,186.70886504166666
83,até 1.908,423.0988929573406
83,1.908 a 3.816,3877.6902717689327
83,3.816 a 7.632,8199.471910012833
83,7.632 a 11.448,4949.954275456849
83,mais de 11.448,4824.787298369519
84,até 1.908,81.15609990996828
84,1.908 a 3.816,1353.7788353653934
84,3.816 a 7.632,4053.249943337638
84,7.632 a 11.448,5900.124271501632
84,mais de 11.448,5168.68959957559
85,até 1.908,0
85,1.908 a 3.816,267.27047472222245
85,3.816 a 7.632,1558.8971287847241
85,7.632 a 11.448,1662.7932254548634
85,mais de 11.448,1544.0396428819467
86,até 1.908,67.08302495705531
86,1.908 a 3.816,920.7341504907985
86,3.816 a 7.632,1278.3936740613522
86,7.632 a 11.448,567.0933051533748
86,mais de 11.448,895.6962594110439
87,até 1.908,125.48310739062488
87,1.908 a 3.816,1511.7247653547627
87,3.816 a 7.632,7221.151095056022
87,7.632 a 11.448,4462.070109247827
87,mais de 11.448,3033.5683837243314
88,até 1.908,1036.9408748929948
88,1.908 a 3.816,5307.963498586076
88,3.816 a 7.632,18054.67056978344
88,7.632 a 11.448,12415.58963779627
88,mais de 11.448,8540.840862730282
89,até 1.908,148.48451321428564
89,1.908 a 3.816,3599.096354380952
89,3.816 a 7.632,4631.005254928573
89,7.632 a 11.448,2724.1493397142854
89,mais de 11.448,2890.2631484999997
90,até 1.908,67.04628986609441
90,1.908 a 3.816,1631.4623470439785
90,3.816 a 7.632,2537.0007729304216
90,7.632 a 11.448,2850.575104996416
90,mais de 11.448,6145.917506375306
91,até 1.908,954.8607963547068
91,1.908 a 3.816,727.9892567788244
91,3.816 a 7.632,342.7010203179115
91,7.632 a 11.448,226.30376120068627
91,mais de 11.448,98.14517150943408
92,até 1.908,7.772264653846175
92,1.908 a 3.816,84.8504689615387
92,3.816 a 7.632,160.47070753846205
92,7.632 a 11.448,57.18357311538477
92,mais de 11.448,13.723051153846194
93,até 1.908,293.29818147118556
93,1.908 a 3.816,2020.6797225689347
93,3.816 a 7.632,3693.8469339415233
93,7.632 a 11.448,1466.1397784832504
93,mais de 11.448,1558.0333861454521
94,até 1.908,108.82004670270261
94,1.908 a 3.816,817.0011201090404
94,3.816 a 7.632,1826.4262399245113
94,7.632 a 11.448,410.36653323718514
94,mais de 11.448,830.3871110396083
95,até 1.908,0
95,1.908 a 3.816,3995.7595998722286
95,3.816 a 7.632,6903.661080288893
95,7.632 a 11.448,3091.4400944000085
95,mais de 11.448,3666.136609450011
96,até 1.908,23.448480888888923
96,1.908 a 3.816,598.3386268277785
96,3.816 a 7.632,1365.284198755558
96,7.632 a 11.448,1493.6534840666686
96,mais de 11.448,3730.272644566669
97,até 1.908,0
97,1.908 a 3.816,2122.681715181002
97,3.816 a 7.632,6387.1971013063385
97,7.632 a 11.448,2149.9977554208463
97,mais de 11.448,5950.1245763162015
98,até 1.908,502.66964077036965
98,1.908 a 3.816,691.6563875703699
98,3.816 a 7.632,807.6493403555551
98,7.632 a 11.448,260.92150773333327
98,mais de 11.448,189.10278608888902
99,até 1.908,1064.2991774157774
99,1.908 a 3.816,2013.0205535174123
99,3.816 a 7.632,3009.223904319826
99,7.632 a 11.448,1328.5578661968732
99,mais de 11.448,704.8974940831556
100,até 1.908,163.189554
100,1.908 a 3.816,4869.5922524294065
100,3.816 a 7.632,8452.326686426804
100,7.632 a 11.448,2466.8522450722194
100,mais de 11.448,3402.0427409492527
101,até 1.908,754.6668130625001
101,1.908 a 3.816,4426.453788
101,3.816 a 7.632,6844.563963758921
101,7.632 a 11.448,5946.59994333035
101,mais de 11.448,3885.7145184107135
102,até 1.908,150.25371386666666
102,1.908 a 3.816,2401.162040242921
102,3.816 a 7.632,5941.677559898057
102,7.632 a 11.448,2440.274337474428
102,mais de 11.448,1709.6352647963456
103,até 1.908,42.04554417077177
103,1.908 a 3.816,398.3688776190475
103,3.816 a 7.632,933.5607317422009
103,7.632 a 11.448,715.5225851756983
103,mais de 11.448,532.502007518883
104,até 1.908,26.726446298968916
104,1.908 a 3.816,858.3936209064776
104,3.816 a 7.632,2506.6465478957953
104,7.632 a 11.448,1663.4269300080944
104,mais de 11.448,2008.8074527356312
105,até 1.908,904.1000160000002
105,1.908 a 3.816,1831.606580371315
105,3.816 a 7.632,4144.619477352324
105,7.632 a 11.448,4213.621809646174
105,mais de 11.448,3345.054685466266
106,até 1.908,1564.3549500638849
106,1.908 a 3.816,2189.8795035674434
106,3.816 a 7.632,166.7661727909442
106,7.632 a 11.448,0
106,mais de 11.448,0
107,até 1.908,52.09949055585929
107,1.908 a 3.816,1136.7766978507802
107,3.816 a 7.632,5987.253211224713
107,7.632 a 11.448,5038.071278566345
107,mais de 11.448,2998.795104166791
108,até 1.908,367.73156333671324
108,1.908 a 3.816,1755.4063451541933
108,3.816 a 7.632,1123.0186635409082
108,7.632 a 11.448,204.84296686818175
108,mais de 11.448,0
109,até 1.908,25559.097726577715
109,1.908 a 3.816,42413.729965873914
109,3.816 a 7.632,44935.971877322016
109,7.632 a 11.448,7209.227315106737
109,mais de 11.448,0
110,até 1.908,7139.251643454835
110,1.908 a 3.816,14935.814694081082
110,3.816 a 7.632,25149.95907243901
110,7.632 a 11.448,2165.3165602377976
110,mais de 11.448,1060.6600048483886
111,até 1.908,3885.3855400296
111,1.908 a 3.816,21299.640929007186
111,3.816 a 7.632,16975.871113230445
111,7.632 a 11.448,6920.765030807585
111,mais de 11.448,1841.336234153845
112,até 1.908,11137.892459928042
112,1.908 a 3.816,17772.17586019192
112,3.816 a 7.632,5043.669158410414
112,7.632 a 11.448,0
112,mais de 11.448,1198.2603348131513
113,até 1.908,430.0870907705691
113,1.908 a 3.816,13423.287714994403
113,3.816 a 7.632,9616.108395159674
113,7.632 a 11.448,0
113,mais de 11.448,684.5199262040816
114,até 1.908,0
114,1.908 a 3.816,0
114,3.816 a 7.632,0
114,7.632 a 11.448,0
114,mais de 11.448,0
115,até 1.908,16681.970326148174
115,1.908 a 3.816,22994.070894356442
115,3.816 a 7.632,9417.970811831658
115,7.632 a 11.448,0
115,mais de 11.448,0
116,até 1.908,40346.26270295085
116,1.908 a 3.816,90453.6519659609
116,3.816 a 7.632,23818.187721457893
116,7.632 a 11.448,3288.91304621654
116,mais de 11.448,0
117,até 1.908,16899.746574321576
117,1.908 a 3.816,31109.74461668235
117,3.816 a 7.632,14361.578950078438
117,7.632 a 11.448,1723.914428933333
117,mais de 11.448,0
118,até 1.908,2606.153219721557
118,1.908 a 3.816,6401.051701712463
118,3.816 a 7.632,7364.330249639446
118,7.632 a 11.448,319.558148923078
118,mais de 11.448,60.90916958823528
119,até 1.908,29684.607599318173
119,1.908 a 3.816,42987.602199880705
119,3.816 a 7.632,12360.0000125
119,7.632 a 11.448,0
119,mais de 11.448,2213.7822482386346
120,até 1.908,0
120,1.908 a 3.816,0
120,3.816 a 7.632,0
120,7.632 a 11.448,0
120,mais de 11.448,0
121,até 1.908,25000.689986074067
121,1.908 a 3.816,46620.00507693022
121,3.816 a 7.632,15317.958532667846
121,7.632 a 11.448,3334.330508069766
121,mais de 11.448,0
122,até 1.908,24396.923209023258
122,1.908 a 3.816,15291.72119406343
122,3.816 a 7.632,10264.346918860467
122,7.632 a 11.448,0
122,mais de 11.448,0
123,até 1.908,21117.84041373331
123,1.908 a 3.816,42070.69292399997
123,3.816 a 7.632,9361.602832766659
123,7.632 a 11.448,515.8715250000002
123,mais de 11.448,0
124,até 1.908,17167.67280791237
124,1.908 a 3.816,28514.888496740998
124,3.816 a 7.632,14041.352645670107
124,7.632 a 11.448,5142.089512453609
124,mais de 11.448,0
125,até 1.908,13433.9928686906
125,1.908 a 3.816,27710.163122057886
125,3.816 a 7.632,10366.178329773742
125,7.632 a 11.448,266.30919750000004
125,mais de 11.448,823.367360625
126,até 1.908,4810.354500658529
126,1.908 a 3.816,18681.063646756786
126,3.816 a 7.632,8903.33629521386
126,7.632 a 11.448,165.77785356923061
126,mais de 11.448,1518.4721450818963
127,até 1.908,5424.917328606625
127,1.908 a 3.816,16943.81212129606
127,3.816 a 7.632,28176.842112529997
127,7.632 a 11.448,2830.9522492318843
127,mais de 11.448,564.4899321449273
128,até 1.908,184.9991045893148
128,1.908 a 3.816,287.2318874225583
128,3.816 a 7.632,781.8836859492721
128,7.632 a 11.448,282.716250426336
128,mais de 11.448,257.16876621694587
129,até 1.908,512.1880514193429
129,1.908 a 3.816,1132.248758223367
129,3.816 a 7.632,2160.277492589627
129,7.632 a 11.448,684.2838084920638
129,mais de 11.448,107.00245809523814
130,até 1.908,1121.4083600193053
130,1.908 a 3.816,1585.711432027027
130,3.816 a 7.632,402.84847945173783
130,7.632 a 11.448,57.934945714285774
130,mais de 11.448,106.09664742857156
131,até 1.908,324.6284144999999
131,1.908 a 3.816,415.31424299999986
131,3.816 a 7.632,397.9990329999999
131,7.632 a 11.448,40.64085
131,mais de 11.448,48.417705000000005
132,até 1.908,0
132,1.908 a 3.816,0
132,3.816 a 7.632,0
132,7.632 a 11.448,0
132,mais de 11.448,0
133,até 1.908,1034.354417666667
133,1.908 a 3.816,10311.311739848488
133,3.816 a 7.632,11036.48147281819
133,7.632 a 11.448,4831.960251666667
133,mais de 11.448,9227.889824333337
134,até 1.908,3736.1162940416643
134,1.908 a 3.816,6318.103961270829
134,3.816 a 7.632,10714.675739874992
134,7.632 a 11.448,5370.431583208332
134,mais de 11.448,2687.6765326249993
135,até 1.908,4270.143631202535
135,1.908 a 3.816,5904.9583923478585
135,3.816 a 7.632,18430.571273720303
135,7.632 a 11.448,6692.247694458513
135,mais de 11.448,2865.079981412626
136,até 1.908,7002.291714818181
136,1.908 a 3.816,13017.972725632575
136,3.816 a 7.632,8271.763089420449
136,7.632 a 11.448,3618.138284977272
136,mais de 11.448,659.829919431818
137,até 1.908,6998.054670697218
137,1.908 a 3.816,19343.95431236093
137,3.816 a 7.632,23372.1644565089
137,7.632 a 11.448,2159.8401426064684
137,mais de 11.448,1564.972643692055
138,até 1.908,1614.7972319903845
138,1.908 a 3.816,4140.305839491027
138,3.816 a 7.632,1120.9973333493595
138,7.632 a 11.448,801.38546575
138,mais de 11.448,177.51570773333341
139,até 1.908,5571.43453107217
139,1.908 a 3.816,8432.351915993197
139,3.816 a 7.632,7351.93109947634
139,7.632 a 11.448,2953.2902052585036
139,mais de 11.448,0
140,até 1.908,11892.773813539747
140,1.908 a 3.816,19143.810228585884
140,3.816 a 7.632,14680.41130757692
140,7.632 a 11.448,955.754332738461
140,mais de 11.448,718.2407621076918
141,até 1.908,11661.073291321207
141,1.908 a 3.816,35609.747700199965
141,3.816 a 7.632,27300.136082565125
141,7.632 a 11.448,4705.055438256814
141,mais de 11.448,0
142,até 1.908,21814.232708974872
142,1.908 a 3.816,30391.49582612936
142,3.816 a 7.632,11674.039722718931
142,7.632 a 11.448,1795.8856587296877
142,mais de 11.448,648.331142818238
143,até 1.908,0
143,1.908 a 3.816,0
143,3.816 a 7.632,0
143,7.632 a 11.448,0
143,mais de 11.448,0
144,até 1.908,14486.065496818494
144,1.908 a 3.816,35516.59222073766
144,3.816 a 7.632,26549.89728515744
144,7.632 a 11.448,11484.979289523357
144,mais de 11.448,16488.453018832344
145,até 1.908,82.77143849999999
145,1.908 a 3.816,1075.0235823018857
145,3.816 a 7.632,2731.9546587830173
145,7.632 a 11.448,316.1963279999999
145,mais de 11.448,274.0540701666666
146,até 1.908,0
146,1.908 a 3.816,0
146,3.816 a 7.632,0
146,7.632 a 11.448,0
146,mais de 11.448,0
147,até 1.908,1369.4472647296757
147,1.908 a 3.816,20248.492839644907
147,3.816 a 7.632,6955.251856662795
147,7.632 a 11.448,5234.692307744369
147,mais de 11.448,94.12214783333334
148,até 1.908,5565.3565967075865
148,1.908 a 3.816,10845.402165685091
148,3.816 a 7.632,4727.944221319194
148,7.632 a 11.448,1408.9175410781238
148,mais de 11.448,321.3769943076922
149,até 1.908,0
149,1.908 a 3.816,0
149,3.816 a 7.632,0
149,7.632 a 11.448,0
149,mais de 11.448,0
150,até 1.908,17767.9705829821
150,1.908 a 3.816,31071.123885733028
150,3.816 a 7.632,2718.9052779659223
150,7.632 a 11.448,0
150,mais de 11.448,0
151,até 1.908,19780.453405837507
151,1.908 a 3.816,72076.14229374466
151,3.816 a 7.632,15662.438325072422
151,7.632 a 11.448,1167.9013987777776
151,mais de 11.448,942.0396485833331
152,até 1.908,11622.47515952104
152,1.908 a 3.816,9106.160755714838
152,3.816 a 7.632,12389.583704371706
152,7.632 a 11.448,776.2540703823533
152,mais de 11.448,1274.524809352942
153,até 1.908,738.4337531969692
153,1.908 a 3.816,2498.8043336666665
153,3.816 a 7.632,8107.165895248568
153,7.632 a 11.448,2088.381667671989
153,mais de 11.448,2851.211947774366
154,até 1.908,7879.247261809901
154,1.908 a 3.816,11908.37156007006
154,3.816 a 7.632,12991.525597751286
154,7.632 a 11.448,5210.748503957466
154,mais de 11.448,7475.106754869056
155,até 1.908,8287.781249782993
155,1.908 a 3.816,16705.983027866518
155,3.816 a 7.632,5700.87562124303
155,7.632 a 11.448,1547.3649545660369
155,mais de 11.448,0
156,até 1.908,10427.741852756864
156,1.908 a 3.816,15311.859730749025
156,3.816 a 7.632,17831.475973584318
156,7.632 a 11.448,338.93203200000016
156,mais de 11.448,0
157,até 1.908,1769.8531573371113
157,1.908 a 3.816,9403.346598403841
157,3.816 a 7.632,7136.658146730695
157,7.632 a 11.448,1319.1463625282045
157,mais de 11.448,0
158,até 1.908,11745.567625438774
158,1.908 a 3.816,16980.780355927713
158,3.816 a 7.632,21815.711514698985
158,7.632 a 11.448,4254.682317559523
158,mais de 11.448,5662.251417198982
159,até 1.908,19864.000463355667
159,1.908 a 3.816,25254.06351594436
159,3.816 a 7.632,16672.767516713477
159,7.632 a 11.448,1987.6887961827952
159,mais de 11.448,392.4747766666668
160,até 1.908,8954.273689407051
160,1.908 a 3.816,24110.100869521146
160,3.816 a 7.632,9916.224403042945
160,7.632 a 11.448,4301.738693217948
160,mais de 11.448,3389.670194625002
161,até 1.908,14078.611962986366
161,1.908 a 3.816,25607.257868251512
161,3.816 a 7.632,5771.434061221974
161,7.632 a 11.448,0
161,mais de 11.448,1839.6933397500002
162,até 1.908,1553.7452541026394
162,1.908 a 3.816,9207.157060834972
162,3.816 a 7.632,3662.2630823538607
162,7.632 a 11.448,369.70338656603803
162,mais de 11.448,1049.1311782641517
163,até 1.908,3288.0186008138394
163,1.908 a 3.816,15136.887995769554
163,3.816 a 7.632,17535.57968317693
163,7.632 a 11.448,7346.388023573139
163,mais de 11.448,4212.131029916804
164,até 1.908,760.3305590238099
164,1.908 a 3.816,2315.318235738095
164,3.816 a 7.632,2694.0750862619047
164,7.632 a 11.448,79.27405200000011
164,mais de 11.448,0
165,até 1.908,596.5045478172043
165,1.908 a 3.816,721.3455836036869
165,3.816 a 7.632,1596.364016709679
165,7.632 a 11.448,160.9050903870968
165,mais de 11.448,108.88005958064518
166,até 1.908,0
166,1.908 a 3.816,9691.531770382986
166,3.816 a 7.632,18007.675633324754
166,7.632 a 11.448,5176.787334823061
166,mais de 11.448,0
167,até 1.908,1971.5425296677204
167,1.908 a 3.816,2739.3472821518967
167,3.816 a 7.632,9657.015950892393
167,7.632 a 11.448,2362.381271462022
167,mais de 11.448,709.7112776962016
168,até 1.908,1403.9936127532478
168,1.908 a 3.816,6734.59135628572
168,3.816 a 7.632,11879.059686415594
168,7.632 a 11.448,982.6244530909091
168,mais de 11.448,1501.729362
169,até 1.908,1765.7121322419098
169,1.908 a 3.816,5665.412479761739
169,3.816 a 7.632,6306.223180401714
169,7.632 a 11.448,6076.995110859728
169,mais de 11.448,2645.6554074354867
170,até 1.908,8123.130880747385
170,1.908 a 3.816,16181.888465978538
170,3.816 a 7.632,7847.773439363126
170,7.632 a 11.448,1343.0235119047602
170,mais de 11.448,1197.1828666666652
171,até 1.908,6355.056933345323
171,1.908 a 3.816,20675.084077984007
171,3.816 a 7.632,6989.401748275115
171,7.632 a 11.448,4656.532183393287
171,mais de 11.448,1989.9287169659449
172,até 1.908,2046.8807656222348
172,1.908 a 3.816,10560.50828805098
172,3.816 a 7.632,9191.939321049653
172,7.632 a 11.448,4550.849042520268
172,mais de 11.448,437.82785395454516
173,até 1.908,3627.242729782738
173,1.908 a 3.816,11633.269150076
173,3.816 a 7.632,10601.519777977559
173,7.632 a 11.448,0
173,mais de 11.448,955.9643221041658
174,até 1.908,5278.668941633702
174,1.908 a 3.816,36489.5009877145
174,3.816 a 7.632,7117.832530255179
174,7.632 a 11.448,0
174,mais de 11.448,0
175,até 1.908,7525.21965642857
175,1.908 a 3.816,13590.892227749218
175,3.816 a 7.632,9799.80626707302
175,7.632 a 11.448,876.0782559999997
175,mais de 11.448,0
176,até 1.908,6446.4845365878755
176,1.908 a 3.816,24305.5236956089
176,3.816 a 7.632,13289.769956324602
176,7.632 a 11.448,2786.223098933333
176,mais de 11.448,0
177,até 1.908,3847.8454404222357
177,1.908 a 3.816,5727.683974269254
177,3.816 a 7.632,608.4714129648141
177,7.632 a 11.448,0
177,mais de 11.448,0
178,até 1.908,0
178,1.908 a 3.816,0
178,3.816 a 7.632,0
178,7.632 a 11.448,0
178,mais de 11.448,0
179,até 1.908,0
179,1.908 a 3.816,0
179,3.816 a 7.632,0
179,7.632 a 11.448,0
179,mais de 11.448,0
180,até 1.908,10077.823254526318
180,1.908 a 3.816,40364.88861840574
180,3.816 a 7.632,18778.215527324344
180,7.632 a 11.448,1772.081870222222
180,mais de 11.448,115.98854199999997
181,até 1.908,10809.046967442902
181,1.908 a 3.816,20285.968163938895
181,3.816 a 7.632,9157.78544724206
181,7.632 a 11.448,5522.215604607744
181,mais de 11.448,824.9725296623367
182,até 1.908,4523.919866918753
182,1.908 a 3.816,18736.138290087158
182,3.816 a 7.632,17651.444510860114
182,7.632 a 11.448,3584.051282571079
182,mais de 11.448,2450.454017949864
183,até 1.908,5465.474942777917
183,1.908 a 3.816,25253.479097431133
183,3.816 a 7.632,11983.960468492194
183,7.632 a 11.448,956.0842281428555
183,mais de 11.448,0
184,até 1.908,6049.337370441945
184,1.908 a 3.816,12424.548892956836
184,3.816 a 7.632,5256.471650626816
184,7.632 a 11.448,993.6390612727281
184,mais de 11.448,0
185,até 1.908,14236.561666991716
185,1.908 a 3.816,13232.738064265506
185,3.816 a 7.632,1659.6927025120585
185,7.632 a 11.448,0
185,mais de 11.448,0
186,até 1.908,1700.574203464773
186,1.908 a 3.816,6805.659624605562
186,3.816 a 7.632,2604.2993667634346
186,7.632 a 11.448,206.28618120000016
186,mais de 11.448,430.17921771701873
187,até 1.908,15931.247602907426
187,1.908 a 3.816,26345.736881856166
187,3.816 a 7.632,5986.025973042395
187,7.632 a 11.448,0
187,mais de 11.448,0
188,até 1.908,13015.820042517142
188,1.908 a 3.816,10573.48279353689
188,3.816 a 7.632,5240.081152393897
188,7.632 a 11.448,1067.4481519402975
188,mais de 11.448,1185.1596838805963
189,até 1.908,8689.364930684123
189,1.908 a 3.816,33462.30565687703
189,3.816 a 7.632,4275.699506945457
189,7.632 a 11.448,508.0369550675002
189,mais de 11.448,1789.5925293600008
190,até 1.908,4093.11639785881
190,1.908 a 3.816,17422.823151411612
190,3.816 a 7.632,9990.075604714453
190,7.632 a 11.448,1029.4977829508207
190,mais de 11.448,1212.485154193549
191,até 1.908,0
191,1.908 a 3.816,0
191,3.816 a 7.632,0
191,7.632 a 11.448,0
191,mais de 11.448,0
192,até 1.908,2831.223973156287
192,1.908 a 3.816,21301.009526704493
192,3.816 a 7.632,13565.656504302598
192,7.632 a 11.448,748.4183691891892
192,mais de 11.448,506.6859443478266
193,até 1.908,8701.385983982713
193,1.908 a 3.816,7906.136187631646
193,3.816 a 7.632,7017.793972313479
193,7.632 a 11.448,2039.6824590768188
193,mais de 11.448,0
194,até 1.908,9068.563172746663
194,1.908 a 3.816,12929.576867896
194,3.816 a 7.632,3846.8601378665453
194,7.632 a 11.448,0
194,mais de 11.448,0
195,até 1.908,14918.551039422346
195,1.908 a 3.816,15146.911613136432
195,3.816 a 7.632,3397.1928433257744
195,7.632 a 11.448,2421.671718974571
195,mais de 11.448,1162.666814164949
196,até 1.908,5839.232936943403
196,1.908 a 3.816,23854.561151961203
196,3.816 a 7.632,5667.941063236226
196,7.632 a 11.448,0
196,mais de 11.448,628.2565552941176
197,até 1.908,5207.674273274038
197,1.908 a 3.816,11758.664247329336
197,3.816 a 7.632,5204.272620072917
197,7.632 a 11.448,1639.3698174999995
197,mais de 11.448,314.0218238333333
198,até 1.908,4765.32152714286
198,1.908 a 3.816,17492.721472547644
198,3.816 a 7.632,6126.77036369524
198,7.632 a 11.448,433.96471200000036
198,mais de 11.448,666.2139097619046
199,até 1.908,29921.217563666647
199,1.908 a 3.816,44128.89559215748
199,3.816 a 7.632,22457.355184043965
199,7.632 a 11.448,1824.2139252271052
199,mais de 11.448,3418.283495384617
200,até 1.908,8477.408022606392
200,1.908 a 3.816,16081.240457951273
200,3.816 a 7.632,7600.194541696445
200,7.632 a 11.448,1137.1502538441177
200,mais de 11.448,0
201,até 1.908,19711.203328345007
201,1.908 a 3.816,36506.028378407726
201,3.816 a 7.632,15710.624368879433
201,7.632 a 11.448,2739.1491715760885
201,mais de 11.448,0
202,até 1.908,12407.177603661763
202,1.908 a 3.816,53048.454163572926
202,3.816 a 7.632,8742.019311400321
202,7.632 a 11.448,3432.341877
202,mais de 11.448,0
203,até 1.908,11173.387720249628
203,1.908 a 3.816,35017.30541029166
203,3.816 a 7.632,10457.69109472091
203,7.632 a 11.448,408.62841458083807
203,mais de 11.448,0
204,até 1.908,51112.41054928263
204,1.908 a 3.816,56446.37727017289
204,3.816 a 7.632,7520.2006412652545
204,7.632 a 11.448,0
204,mais de 11.448,0
205,até 1.908,30157.346839015525
205,1.908 a 3.816,67142.91160589572
205,3.816 a 7.632,9414.493445554323
205,7.632 a 11.448,678.2664191818182
205,mais de 11.448,0
206,até 1.908,13892.184929072095
206,1.908 a 3.816,25046.983562397527
206,3.816 a 7.632,6975.8276225806385
206,7.632 a 11.448,0
206,mais de 11.448,0
207,até 1.908,22196.342276697356
207,1.908 a 3.816,42037.01108983653
207,3.816 a 7.632,14792.65767993495
207,7.632 a 11.448,0
207,mais de 11.448,0
208,até 1.908,9824.237870590912
208,1.908 a 3.816,16451.952383312127
208,3.816 a 7.632,13303.76967010304
208,7.632 a 11.448,2939.0435011939417
208,mais de 11.448,0
209,até 1.908,7060.008652681907
209,1.908 a 3.816,20958.006971431674
209,3.816 a 7.632,7793.457720090469
209,7.632 a 11.448,6072.918969678281
209,mais de 11.448,307.6048922236148
210,até 1.908,753.687301037574
210,1.908 a 3.816,10593.164345141835
210,3.816 a 7.632,10670.947222354096
210,7.632 a 11.448,7106.333494542187
210,mais de 11.448,3045.8697338681586
211,até 1.908,11175.441748930403
211,1.908 a 3.816,25555.353551531127
211,3.816 a 7.632,22327.29466817582
211,7.632 a 11.448,1547.180088
211,mais de 11.448,1556.7180143589744
212,até 1.908,12028.786470816289
212,1.908 a 3.816,19515.337245568506
212,3.816 a 7.632,8421.207529495865
212,7.632 a 11.448,2056.669028426151
212,mais de 11.448,0
213,até 1.908,6114.852795515386
213,1.908 a 3.816,18544.409908776943
213,3.816 a 7.632,17808.826883350015
213,7.632 a 11.448,2089.8992724000022
213,mais de 11.448,0
214,até 1.908,8704.297558363582
214,1.908 a 3.816,9077.863475973332
214,3.816 a 7.632,7633.384032630799
214,7.632 a 11.448,616.4515972394364
214,mais de 11.448,0
215,até 1.908,7402.892662934381
215,1.908 a 3.816,19253.236017256375
215,3.816 a 7.632,9730.107123103011
215,7.632 a 11.448,2808.7582467130414
215,mais de 11.448,0
216,até 1.908,4441.18166091881
216,1.908 a 3.816,21757.59492990625
216,3.816 a 7.632,10790.618995906536
216,7.632 a 11.448,1161.0458308860743
216,mais de 11.448,2137.5561005696172
217,até 1.908,5944.635951250242
217,1.908 a 3.816,11647.829324382943
217,3.816 a 7.632,14536.466844003919
217,7.632 a 11.448,526.0069921489367
217,mais de 11.448,426.0652149361706
218,até 1.908,6096.386913184173
218,1.908 a 3.816,45313.06396787698
218,3.816 a 7.632,16924.54430093214
218,7.632 a 11.448,0
218,mais de 11.448,0
219,até 1.908,18596.90579449578
219,1.908 a 3.816,18764.816639307803
219,3.816 a 7.632,17113.279197733067
219,7.632 a 11.448,0
219,mais de 11.448,0
220,até 1.908,9638.990304850502
220,1.908 a 3.816,12217.699658784883
220,3.816 a 7.632,10255.008425538412
220,7.632 a 11.448,962.2509721212123
220,mais de 11.448,1436.0511954010694
221,até 1.908,6797.526484628344
221,1.908 a 3.816,18595.728365700907
221,3.816 a 7.632,12265.74779161091
221,7.632 a 11.448,5261.856536124126
221,mais de 11.448,1495.1349414772735
222,até 1.908,6840.894245661697
222,1.908 a 3.816,19498.955720440616
222,3.816 a 7.632,11521.427061188235
222,7.632 a 11.448,5184.703451489001
222,mais de 11.448,1466.013885736573
223,até 1.908,6023.729929035322
223,1.908 a 3.816,15435.73944936191
223,3.816 a 7.632,5032.525321691413
223,7.632 a 11.448,0
223,mais de 11.448,0
224,até 1.908,0
224,1.908 a 3.816,0
224,3.816 a 7.632,0
224,7.632 a 11.448,0
224,mais de 11.448,0
225,até 1.908,8249.143151458356
225,1.908 a 3.816,20269.21618777536
225,3.816 a 7.632,2352.495862193374
225,7.632 a 11.448,947.1456519571008
225,mais de 11.448,0
226,até 1.908,13620.068115463497
226,1.908 a 3.816,66965.30627960211
226,3.816 a 7.632,21692.640691952784
226,7.632 a 11.448,0
226,mais de 11.448,0
227,até 1.908,10207.478424988534
227,1.908 a 3.816,35080.829701990835
227,3.816 a 7.632,18680.685701892417
227,7.632 a 11.448,0
227,mais de 11.448,0
228,até 1.908,15155.153584712378
228,1.908 a 3.816,18689.195901313364
228,3.816 a 7.632,10475.66598133661
228,7.632 a 11.448,0
228,mais de 11.448,0
229,até 1.908,51402.748323736945
229,1.908 a 3.816,74159.39373112735
229,3.816 a 7.632,27303.85448116799
229,7.632 a 11.448,0
229,mais de 11.448,0
230,até 1.908,15328.181162319204
230,1.908 a 3.816,43741.6755375538
230,3.816 a 7.632,17500.4815352577
230,7.632 a 11.448,551.6802558461546
230,mais de 11.448,0
231,até 1.908,6276.464183407913
231,1.908 a 3.816,21028.50271734871
231,3.816 a 7.632,7301.760420907908
231,7.632 a 11.448,691.2745484210525
231,mais de 11.448,0
232,até 1.908,4740.32867088658
232,1.908 a 3.816,25407.775785787
232,3.816 a 7.632,11995.492844999122
232,7.632 a 11.448,70.40776959999998
232,mais de 11.448,0
233,até 1.908,19716.48962491669
233,1.908 a 3.816,28424.490239070554
233,3.816 a 7.632,12864.359035217956
233,7.632 a 11.448,6255.67285739744
233,mais de 11.448,0
234,até 1.908,22045.986674574473
234,1.908 a 3.816,46165.6251811796
234,3.816 a 7.632,465.292890940542
234,7.632 a 11.448,2149.0890600000066
234,mais de 11.448,0
235,até 1.908,30574.902836264864
235,1.908 a 3.816,37893.52421841122
235,3.816 a 7.632,14491.852386503224
235,7.632 a 11.448,2448.736287411765
235,mais de 11.448,0
236,até 1.908,749.4323109717387
236,1.908 a 3.816,1296.402805932608
236,3.816 a 7.632,5259.523689607069
236,7.632 a 11.448,3193.6065459092392
236,mais de 11.448,1558.0353596217383
237,até 1.908,233.10161286096817
237,1.908 a 3.816,2588.104570757424
237,3.816 a 7.632,4353.274531748238
237,7.632 a 11.448,742.723950542905
237,mais de 11.448,257.79470199000093
238,até 1.908,3105.0142596018823
238,1.908 a 3.816,6298.8768935266435
238,3.816 a 7.632,6355.925472489026
238,7.632 a 11.448,2633.2634834012547
238,mais de 11.448,866.9236208181817
239,até 1.908,193.62583180555555
239,1.908 a 3.816,7003.980345553566
239,3.816 a 7.632,6886.013074950393
239,7.632 a 11.448,978.8843610416666
239,mais de 11.448,417.4971535238095
240,até 1.908,1024.5176084848488
240,1.908 a 3.816,7511.276077312354
240,3.816 a 7.632,8335.885514332866
240,7.632 a 11.448,1325.13206375944
240,mais de 11.448,1192.1850505902091
241,até 1.908,1764.9752352280118
241,1.908 a 3.816,4394.920012026043
241,3.816 a 7.632,3060.0957957196347
241,7.632 a 11.448,0
241,mais de 11.448,452.00644290212847
242,até 1.908,7933.708996663661
242,1.908 a 3.816,10322.284301459458
242,3.816 a 7.632,6759.800489007458
242,7.632 a 11.448,2096.2007428477236
242,mais de 11.448,0
243,até 1.908,7017.069749728794
243,1.908 a 3.816,17796.778635127608
243,3.816 a 7.632,18762.242365063328
243,7.632 a 11.448,1202.9140824666663
243,mais de 11.448,0
244,até 1.908,17071.063713504467
244,1.908 a 3.816,33133.52684960534
244,3.816 a 7.632,9176.505061476686
244,7.632 a 11.448,1827.20596613986
244,mais de 11.448,1095.6933657307693
245,até 1.908,5246.339187569437
245,1.908 a 3.816,9132.372986410226
245,3.816 a 7.632,7346.810970147509
245,7.632 a 11.448,2563.3740724099457
245,mais de 11.448,302.10674235849024
246,até 1.908,3420.114911086579
246,1.908 a 3.816,16843.013985090056
246,3.816 a 7.632,9287.269776847616
246,7.632 a 11.448,422.60017068571426
246,mais de 11.448,0
247,até 1.908,12395.311052222945
247,1.908 a 3.816,35436.144971650436
247,3.816 a 7.632,44172.442979192754
247,7.632 a 11.448,2198.4093785574432
247,mais de 11.448,4560.700541585577
248,até 1.908,0
248,1.908 a 3.816,0
248,3.816 a 7.632,0
248,7.632 a 11.448,0
248,mais de 11.448,0
249,até 1.908,10402.630067462376
249,1.908 a 3.816,20742.018862418412
249,3.816 a 7.632,9186.119037246797
249,7.632 a 11.448,6188.941308551721
249,mais de 11.448,295.30002173913044
250,até 1.908,830.4133377172826
250,1.908 a 3.816,6151.457944128656
250,3.816 a 7.632,9796.073903958108
250,7.632 a 11.448,2305.651038945518
250,mais de 11.448,95.40270993506495
251,até 1.908,1787.9884466818194
251,1.908 a 3.816,9436.81339261364
251,3.816 a 7.632,9650.256867386366
251,7.632 a 11.448,3282.719567204546
251,mais de 11.448,226.2247312499999
252,até 1.908,5646.157250294542
252,1.908 a 3.816,11069.44051860549
252,3.816 a 7.632,4040.285142760212
252,7.632 a 11.448,372.3322682051283
252,mais de 11.448,1360.7834213793117
253,até 1.908,2223.5637935132
253,1.908 a 3.816,2212.4425522230586
253,3.816 a 7.632,443.92351870905355
253,7.632 a 11.448,188.06938876632074
253,mais de 11.448,0
254,até 1.908,3531.096458197412
254,1.908 a 3.816,7451.8618289221895
254,3.816 a 7.632,16982.44864188367
254,7.632 a 11.448,2878.3500529154453
254,mais de 11.448,3230.248280901469
255,até 1.908,13910.941469457164
255,1.908 a 3.816,34221.032872432246
255,3.816 a 7.632,15093.77420141709
255,7.632 a 11.448,2275.2431849999994
255,mais de 11.448,0
256,até 1.908,8207.635177547
256,1.908 a 3.816,14945.645066307676
256,3.816 a 7.632,5835.198578632476
256,7.632 a 11.448,398.4490099145298
256,mais de 11.448,82.07360000000003
257,até 1.908,8981.815174647305
257,1.908 a 3.816,19836.702036585746
257,3.816 a 7.632,14301.552073834106
257,7.632 a 11.448,999.9212334942549
257,mais de 11.448,0
258,até 1.908,20420.717141380323
258,1.908 a 3.816,36825.35675352906
258,3.816 a 7.632,12118.918129849093
258,7.632 a 11.448,0
258,mais de 11.448,0
259,até 1.908,5516.932886674466
259,1.908 a 3.816,27332.864457105632
259,3.816 a 7.632,5094.20292505098
259,7.632 a 11.448,0
259,mais de 11.448,0
260,até 1.908,14380.268852036479
260,1.908 a 3.816,20752.73740456106
260,3.816 a 7.632,10891.995059567653
260,7.632 a 11.448,0
260,mais de 11.448,0
261,até 1.908,14418.381827965997
261,1.908 a 3.816,17548.354261540702
261,3.816 a 7.632,24349.26170605748
261,7.632 a 11.448,0
261,mais de 11.448,0
262,até 1.908,14780.616766553847
262,1.908 a 3.816,57266.973231846176
262,3.816 a 7.632,12259.010598261542
262,7.632 a 11.448,0
262,mais de 11.448,875.417085
263,até 1.908,14370.44135597966
263,1.908 a 3.816,40087.90556602615
263,3.816 a 7.632,8753.645805310183
263,7.632 a 11.448,0
263,mais de 11.448,0
264,até 1.908,11304.857263575603
264,1.908 a 3.816,30182.973875135012
264,3.816 a 7.632,25460.15802555802
264,7.632 a 11.448,0
264,mais de 11.448,0
265,até 1.908,12372.108509500566
265,1.908 a 3.816,12439.501388275012
265,3.816 a 7.632,14275.64736653079
265,7.632 a 11.448,5159.73701251539
265,mais de 11.448,0
266,até 1.908,4393.122545371125
266,1.908 a 3.816,11292.787737771321
266,3.816 a 7.632,3073.0925511313
266,7.632 a 11.448,0
266,mais de 11.448,0
267,até 1.908,3368.3468730367963
267,1.908 a 3.816,13336.309662285004
267,3.816 a 7.632,7621.3053477078
267,7.632 a 11.448,134.8110321818184
267,mais de 11.448,748.229145818183
268,até 1.908,661.3365441380914
268,1.908 a 3.816,1573.5182736609422
268,3.816 a 7.632,4570.997490708294
268,7.632 a 11.448,2665.676064627772
268,mais de 11.448,4503.471717059702
269,até 1.908,1118.3257167692304
269,1.908 a 3.816,2602.8303148291357
269,3.816 a 7.632,8591.484924713055
269,7.632 a 11.448,4970.581344863305
269,mais de 11.448,4175.781517338127
270,até 1.908,0
270,1.908 a 3.816,1610.290670289925
270,3.816 a 7.632,5281.5200883249945
270,7.632 a 11.448,1236.4315765472775
270,mais de 11.448,1165.7576327886975
271,até 1.908,0
271,1.908 a 3.816,0
271,3.816 a 7.632,0
271,7.632 a 11.448,0
271,mais de 11.448,0
272,até 1.908,1338.1051355428588
272,1.908 a 3.816,6233.548277628569
272,3.816 a 7.632,9376.918077571434
272,7.632 a 11.448,2254.403165228571
272,mais de 11.448,303.02792249999936
273,até 1.908,4850.161458961038
273,1.908 a 3.816,30545.6149378852
273,3.816 a 7.632,19489.63614296189
273,7.632 a 11.448,4291.841313189061
273,mais de 11.448,2298.731376136364
274,até 1.908,1089.4552577291677
274,1.908 a 3.816,13589.35109179808
274,3.816 a 7.632,12819.355901668814
274,7.632 a 11.448,6901.807705881416
274,mais de 11.448,1426.027546791667
275,até 1.908,1806.960487635841
275,1.908 a 3.816,6486.376434632687
275,3.816 a 7.632,20290.005322845984
275,7.632 a 11.448,4770.279995385814
275,mais de 11.448,4885.377825098906
276,até 1.908,13124.320709153075
276,1.908 a 3.816,39988.24873861422
276,3.816 a 7.632,34552.86436635273
276,7.632 a 11.448,2747.090358520411
276,mais de 11.448,2192.4618062959216
277,até 1.908,11394.240166365214
277,1.908 a 3.816,21745.482484170247
277,3.816 a 7.632,18977.963194652497
277,7.632 a 11.448,6982.379726049546
277,mais de 11.448,351.93583310810743
278,até 1.908,35765.51364740039
278,1.908 a 3.816,74884.60294927027
278,3.816 a 7.632,26869.141407208415
278,7.632 a 11.448,1319.727907476563
278,mais de 11.448,0
279,até 1.908,24172.52190996646
279,1.908 a 3.816,53596.83881190398
279,3.816 a 7.632,5732.647301042617
279,7.632 a 11.448,0
279,mais de 11.448,0
280,até 1.908,470.23167870646853
280,1.908 a 3.816,5401.928543573913
280,3.816 a 7.632,9559.928988678326
280,7.632 a 11.448,3134.08923548623
280,mais de 11.448,1547.8237413334305
281,até 1.908,1588.341108196079
281,1.908 a 3.816,5521.614960021502
281,3.816 a 7.632,19044.76571656708
281,7.632 a 11.448,6836.1133243209915
281,mais de 11.448,8031.159478441857
282,até 1.908,6771.337445859652
282,1.908 a 3.816,10918.585436824562
282,3.816 a 7.632,14473.869771287287
282,7.632 a 11.448,1375.9507893750024
282,mais de 11.448,250.25053958333342
283,até 1.908,1821.7848514661289
283,1.908 a 3.816,2730.681127375907
283,3.816 a 7.632,5121.496753119737
283,7.632 a 11.448,774.4118467948713
283,mais de 11.448,235.6279797948716
284,até 1.908,9846.51317124268
284,1.908 a 3.816,26679.449269695662
284,3.816 a 7.632,12363.749845885628
284,7.632 a 11.448,825.8137953431952
284,mais de 11.448,1285.4754324538792
285,até 1.908,21027.070760574217
285,1.908 a 3.816,59815.829498958556
285,3.816 a 7.632,22902.673333621264
285,7.632 a 11.448,2534.398303125
285,mais de 11.448,0
286,até 1.908,800.4754270522355
286,1.908 a 3.816,2473.220976050406
286,3.816 a 7.632,5144.816364409721
286,7.632 a 11.448,0
286,mais de 11.448,700.4892470625
287,até 1.908,2817.5192354068836
287,1.908 a 3.816,10876.757456114281
287,3.816 a 7.632,9783.20242786956
287,7.632 a 11.448,668.771953607007
287,mais de 11.448,3130.7532467310934
288,até 1.908,5221.863162794412
288,1.908 a 3.816,11334.992802418628
288,3.816 a 7.632,4702.273328745202
288,7.632 a 11.448,118.09344224999997
288,mais de 11.448,452.7756098191492
289,até 1.908,10795.01680013574
289,1.908 a 3.816,13718.382360764912
289,3.816 a 7.632,17247.1033026148
289,7.632 a 11.448,5788.497060883165
289,mais de 11.448,0
290,até 1.908,6245.009762492648
290,1.908 a 3.816,43315.58768875008
290,3.816 a 7.632,6504.395148044121
290,7.632 a 11.448,0
290,mais de 11.448,0
291,até 1.908,11723.52968535785
291,1.908 a 3.816,34758.28060661686
291,3.816 a 7.632,22846.665645157136
291,7.632 a 11.448,4122.147290810707
291,mais de 11.448,2358.3918365584414
292,até 1.908,23783.583113652374
292,1.908 a 3.816,15727.630940233335
292,3.816 a 7.632,25236.075452814282
292,7.632 a 11.448,885.6988203809527
292,mais de 11.448,0
293,até 1.908,27502.966624660978
293,1.908 a 3.816,42983.110326263835
293,3.816 a 7.632,9710.667166463163
293,7.632 a 11.448,1914.7635212340413
293,mais de 11.448,3919.4903573076963
294,até 1.908,27736.63823018743
294,1.908 a 3.816,81283.98345357414
294,3.816 a 7.632,4456.39255316668
294,7.632 a 11.448,0
294,mais de 11.448,0
295,até 1.908,30378.09120581358
295,1.908 a 3.816,56296.563886610435
295,3.816 a 7.632,25655.583706770285
295,7.632 a 11.448,1849.7510014313361
295,mais de 11.448,0
296,até 1.908,2060.8510910758064
296,1.908 a 3.816,2087.1485593580646
296,3.816 a 7.632,0
296,7.632 a 11.448,0
296,mais de 11.448,0
297,até 1.908,479.31132205377054
297,1.908 a 3.816,1003.4292094066634
297,3.816 a 7.632,971.6481330770177
297,7.632 a 11.448,99.65677952900924
297,mais de 11.448,352.95481315328533
298,até 1.908,55315.14927968724
298,1.908 a 3.816,70909.36198140861
298,3.816 a 7.632,14679.839174208204
298,7.632 a 11.448,4743.663904218057
298,mais de 11.448,0
299,até 1.908,3060.017531542555
299,1.908 a 3.816,3581.095633882982
299,3.816 a 7.632,1133.0297573936177
299,7.632 a 11.448,588.8549291489364
299,mais de 11.448,0
300,até 1.908,556.0315637368415
300,1.908 a 3.816,5114.125062762129
300,3.816 a 7.632,14894.087860673606
300,7.632 a 11.448,7416.342302191725
300,mais de 11.448,6924.424141962401
301,até 1.908,337.7969224171113
301,1.908 a 3.816,656.1120205828856
301,3.816 a 7.632,5114.851174010683
301,7.632 a 11.448,2835.08422171122
301,mais de 11.448,3539.1576638983843
302,até 1.908,582.3543165392856
302,1.908 a 3.816,2996.1995216392834
302,3.816 a 7.632,3958.77261383928
302,7.632 a 11.448,6017.229942785707
302,mais de 11.448,2832.4442327142824
303,até 1.908,357.1744074320421
303,1.908 a 3.816,4192.447778252393
303,3.816 a 7.632,4548.218475724199
303,7.632 a 11.448,896.0672380191596
303,mais de 11.448,331.0908768583001
304,até 1.908,12988.739956340054
304,1.908 a 3.816,53502.32464029541
304,3.816 a 7.632,8687.195054960748
304,7.632 a 11.448,3459.735144308177
304,mais de 11.448,0
305,até 1.908,19044.944380398098
305,1.908 a 3.816,82567.8859733286
305,3.816 a 7.632,25353.59480925885
305,7.632 a 11.448,324.58567958155896
305,mais de 11.448,0
306,até 1.908,18820.003732245117
306,1.908 a 3.816,48909.244604360305
306,3.816 a 7.632,14479.732306455895
306,7.632 a 11.448,0
306,mais de 11.448,0
307,até 1.908,22365.633191613106
307,1.908 a 3.816,56023.25644759219
307,3.816 a 7.632,23951.858106657037
307,7.632 a 11.448,2075.2746526885235
307,mais de 11.448,0
308,até 1.908,19759.261619487555
308,1.908 a 3.816,19429.161734373607
308,3.816 a 7.632,2690.5864938837162
308,7.632 a 11.448,0
308,mais de 11.448,0
309,até 1.908,22295.067318111855
309,1.908 a 3.816,27382.547848886665
309,3.816 a 7.632,14476.809904680182
309,7.632 a 11.448,1577.5688290728058
309,mais de 11.448,0
310,até 1.908,10694.110402855913
310,1.908 a 3.816,13274.012656883684
310,3.816 a 7.632,4326.873308289935
310,7.632 a 11.448,0
310,mais de 11.448,0
311,até 1.908,29013.9958132549
311,1.908 a 3.816,52035.45263256201
311,3.816 a 7.632,7269.964938718948
311,7.632 a 11.448,216.5889647058823
311,mais de 11.448,0
312,até 1.908,7363.008867154067
312,1.908 a 3.816,14228.23598783347
312,3.816 a 7.632,11984.576331484723
312,7.632 a 11.448,3417.2534692442696
312,mais de 11.448,1313.8197436330745
313,até 1.908,5697.237356679586
313,1.908 a 3.816,13296.664671505623
313,3.816 a 7.632,3244.5787606831477
313,7.632 a 11.448,1371.8874109910894
313,mais de 11.448,655.6365129366294
314,até 1.908,12483.886908427357
314,1.908 a 3.816,79609.45626462337
314,3.816 a 7.632,10689.464275706967
314,7.632 a 11.448,0
314,mais de 11.448,2472.208327120881
315,até 1.908,33961.7847431092
315,1.908 a 3.816,64169.955219045645
315,3.816 a 7.632,21640.45014213123
315,7.632 a 11.448,2669.8346814058827
315,mais de 11.448,0
316,até 1.908,0
316,1.908 a 3.816,1037.7393004801743
316,3.816 a 7.632,8830.464336461322
316,7.632 a 11.448,3260.495070685429
316,mais de 11.448,2431.3005145688894
317,até 1.908,6.603856336231852
317,1.908 a 3.816,141.42900985507177
317,3.816 a 7.632,884.8805911362281
317,7.632 a 11.448,795.6763219072428
317,mais de 11.448,2477.4110445217266
318,até 1.908,91.18116163096511
318,1.908 a 3.816,9296.421367480223
318,3.816 a 7.632,10480.4070748252
318,7.632 a 11.448,1437.3013474858276
318,mais de 11.448,1602.6846334373336
319,até 1.908,625.493602808572
319,1.908 a 3.816,2000.1390912942866
319,3.816 a 7.632,2390.8914411628575
319,7.632 a 11.448,623.6576601600032
319,mais de 11.448,3374.8168598400116
320,até 1.908,31594.370687621347
320,1.908 a 3.816,31892.75142225774
320,3.816 a 7.632,5445.984884854521
320,7.632 a 11.448,1222.1428438774522
320,mais de 11.448,3705.7434255856633
321,até 1.908,2461.6107624374995
321,1.908 a 3.816,2976.8243764924787
321,3.816 a 7.632,7775.502481914158
321,7.632 a 11.448,7931.734129883811
321,mais de 11.448,21649.332575609933
322,até 1.908,1698.369817139849
322,1.908 a 3.816,9595.50356424452
322,3.816 a 7.632,15216.711098143125
322,7.632 a 11.448,9417.097810108602
322,mais de 11.448,3512.3111144771915
323,até 1.908,5658.361553909093
323,1.908 a 3.816,29589.015103567464
323,3.816 a 7.632,24031.6810428524
323,7.632 a 11.448,2891.55192445673
323,mais de 11.448,539.4039615384613
324,até 1.908,22442.75720486041
324,1.908 a 3.816,35757.16193717439
324,3.816 a 7.632,13151.068944984188
324,7.632 a 11.448,0
324,mais de 11.448,0
325,até 1.908,5007.216925763501
325,1.908 a 3.816,20270.452140777634
325,3.816 a 7.632,13406.361615657213
325,7.632 a 11.448,1372.9593151692313
325,mais de 11.448,0
326,até 1.908,11385.641116085655
326,1.908 a 3.816,18685.13967783073
326,3.816 a 7.632,18242.88703877295
326,7.632 a 11.448,2741.344477903009
326,mais de 11.448,0
327,até 1.908,2922.1649459007926
327,1.908 a 3.816,5757.308190240444
327,3.816 a 7.632,2664.7695272741676
327,7.632 a 11.448,3482.367339264109
327,mais de 11.448,4896.387553997997
328,até 1.908,325.3687453712205
328,1.908 a 3.816,6055.617582259095
328,3.816 a 7.632,6257.87544825256
328,7.632 a 11.448,5815.29731043626
328,mais de 11.448,4202.844603118597
329,até 1.908,2806.1610124797107
329,1.908 a 3.816,10686.073849866394
329,3.816 a 7.632,10254.616923632015
329,7.632 a 11.448,4203.8432419982855
329,mais de 11.448,6455.30421910356
330,até 1.908,6817.088938985858
330,1.908 a 3.816,19619.176641677783
330,3.816 a 7.632,13174.727579017024
330,7.632 a 11.448,1918.8031313492052
330,mais de 11.448,752.2077856637804
331,até 1.908,1519.239096026608
331,1.908 a 3.816,27745.87926598367
331,3.816 a 7.632,9130.597484562257
331,7.632 a 11.448,1988.1283318017972
331,mais de 11.448,1793.1640814967902
332,até 1.908,15547.514410304382
332,1.908 a 3.816,16895.880026839506
332,3.816 a 7.632,10689.279286955209
332,7.632 a 11.448,152.17874414814816
332,mais de 11.448,447.16090781481483
333,até 1.908,2764.1477930164
333,1.908 a 3.816,11549.922283525702
333,3.816 a 7.632,5308.279409843085
333,7.632 a 11.448,342.6496765319151
333,mais de 11.448,0
334,até 1.908,4199.963352317647
334,1.908 a 3.816,21275.022173461177
334,3.816 a 7.632,9329.772498796481
334,7.632 a 11.448,290.9896228
334,mais de 11.448,1587.255075
335,até 1.908,7686.408514569869
335,1.908 a 3.816,14024.123783122435
335,3.816 a 7.632,13714.22662715705
335,7.632 a 11.448,2589.273813374998
335,mais de 11.448,2363.9762671474346
336,até 1.908,906.7476429375
336,1.908 a 3.816,35269.48655227268
336,3.816 a 7.632,6297.486777065178
336,7.632 a 11.448,2070.966172000001
336,mais de 11.448,1040.3049043661986
337,até 1.908,2016.9988390984274
337,1.908 a 3.816,8638.8054484145
337,3.816 a 7.632,7902.874135993845
337,7.632 a 11.448,1721.9412504116626
337,mais de 11.448,2256.3768516243417
338,até 1.908,11718.223457990374
338,1.908 a 3.816,9240.029009426591
338,3.816 a 7.632,8033.629369658529
338,7.632 a 11.448,1167.4960284617139
338,mais de 11.448,1384.6294348671718
339,até 1.908,0
339,1.908 a 3.816,0
339,3.816 a 7.632,0
339,7.632 a 11.448,0
339,mais de 11.448,0
340,até 1.908,339.38603861058783
340,1.908 a 3.816,1735.9943178773558
340,3.816 a 7.632,1908.1009220840438
340,7.632 a 11.448,1353.9441139375408
340,mais de 11.448,2400.572015547576
341,até 1.908,110.588670612527
341,1.908 a 3.816,2710.232350404135
341,3.816 a 7.632,4299.1871628335
341,7.632 a 11.448,1923.2911221488441
341,mais de 11.448,1497.701137878318
342,até 1.908,1816.598264994063
342,1.908 a 3.816,8387.91229723466
342,3.816 a 7.632,19361.25346808767
342,7.632 a 11.448,4288.750705024759
342,mais de 11.448,1852.4799210900346
343,até 1.908,510.23732378947386
343,1.908 a 3.816,1953.1970423494158
343,3.816 a 7.632,1069.097216657895
343,7.632 a 11.448,44.468250000000005
343,mais de 11.448,0
344,até 1.908,5721.37574082609
344,1.908 a 3.816,26399.707833654255
344,3.816 a 7.632,18497.60900294617
344,7.632 a 11.448,1776.7314452173923
344,mais de 11.448,294.5723269565218
345,até 1.908,5305.67480714285
345,1.908 a 3.816,28616.102092344987
345,3.816 a 7.632,7224.216084548509
345,7.632 a 11.448,0
345,mais de 11.448,0
346,até 1.908,0
346,1.908 a 3.816,0
346,3.816 a 7.632,0
346,7.632 a 11.448,0
346,mais de 11.448,0
347,até 1.908,13972.496271665334
347,1.908 a 3.816,33637.43126550116
347,3.816 a 7.632,20717.005313611797
347,7.632 a 11.448,995.6123606399998
347,mais de 11.448,244.4747219444444
348,até 1.908,1763.0841834222888
348,1.908 a 3.816,2371.291850805335
348,3.816 a 7.632,668.1204749999988
348,7.632 a 11.448,150.6516396428571
348,mais de 11.448,57.85338214285713
349,até 1.908,0
349,1.908 a 3.816,0
349,3.816 a 7.632,0
349,7.632 a 11.448,0
349,mais de 11.448,0
350,até 1.908,23541.31309274357
350,1.908 a 3.816,35530.99835985221
350,3.816 a 7.632,12871.682488372484
350,7.632 a 11.448,0
350,mais de 11.448,0
351,até 1.908,19377.82331483429
351,1.908 a 3.816,48020.56217190625
351,3.816 a 7.632,8018.423629848488
351,7.632 a 11.448,264.20034300000015
351,mais de 11.448,0
352,até 1.908,0
352,1.908 a 3.816,0
352,3.816 a 7.632,0
352,7.632 a 11.448,0
352,mais de 11.448,0
353,até 1.908,0
353,1.908 a 3.816,0
353,3.816 a 7.632,0
353,7.632 a 11.448,0
353,mais de 11.448,0
354,até 1.908,0
354,1.908 a 3.816,0
354,3.816 a 7.632,0
354,7.632 a 11.448,0
354,mais de 11.448,0
355,até 1.908,14280.617767960772
355,1.908 a 3.816,33767.10304110868
355,3.816 a 7.632,10576.274894952758
355,7.632 a 11.448,0
355,mais de 11.448,0
356,até 1.908,44983.83494100224
356,1.908 a 3.816,54351.65437769184
356,3.816 a 7.632,5476.272264283525
356,7.632 a 11.448,1012.2595710121929
356,mais de 11.448,0
357,até 1.908,1225.7518626744177
357,1.908 a 3.816,3900.5586913023217
357,3.816 a 7.632,95.68811016279065
357,7.632 a 11.448,0
357,mais de 11.448,0
358,até 1.908,15940.235304527356
358,1.908 a 3.816,19916.710532811478
358,3.816 a 7.632,3881.135784331576
358,7.632 a 11.448,2499.8610963571427
358,mais de 11.448,1666.0514945361992
359,até 1.908,7019.330261638887
359,1.908 a 3.816,6493.381206054912
359,3.816 a 7.632,3227.6276579459236
359,7.632 a 11.448,447.4169492787239
359,mais de 11.448,617.2393199844041
360,até 1.908,6421.10305746518
360,1.908 a 3.816,7657.239007707935
360,3.816 a 7.632,3999.660900262931
360,7.632 a 11.448,0
360,mais de 11.448,0
361,até 1.908,6787.356737540481
361,1.908 a 3.816,6918.730989028095
361,3.816 a 7.632,669.4050613651036
361,7.632 a 11.448,530.5080948060528
361,mais de 11.448,0
362,até 1.908,1309.6939176153437
362,1.908 a 3.816,2064.8705384145746
362,3.816 a 7.632,8613.083875664648
362,7.632 a 11.448,1005.6354670074078
362,mais de 11.448,291.7162450909093
363,até 1.908,2858.8009921798243
363,1.908 a 3.816,21466.96502694518
363,3.816 a 7.632,12591.678374500008
363,7.632 a 11.448,2805.2757126666665
363,mais de 11.448,1802.2806760000003
364,até 1.908,6831.353847811753
364,1.908 a 3.816,5656.549557100833
364,3.816 a 7.632,654.3645116067219
364,7.632 a 11.448,276.7349219142858
364,mais de 11.448,0
365,até 1.908,762.7311435533957
365,1.908 a 3.816,1784.366686303373
365,3.816 a 7.632,1340.18531524788
365,7.632 a 11.448,821.7181935817063
365,mais de 11.448,0
366,até 1.908,2682.695856207971
366,1.908 a 3.816,18755.79566658136
366,3.816 a 7.632,6756.888889886922
366,7.632 a 11.448,3329.61356117968
366,mais de 11.448,0
367,até 1.908,4439.416306501924
367,1.908 a 3.816,8044.825266888115
367,3.816 a 7.632,8349.639507707416
367,7.632 a 11.448,5834.421994484831
367,mais de 11.448,1115.6942835140187
368,até 1.908,6400.973594859064
368,1.908 a 3.816,25541.386223762227
368,3.816 a 7.632,19262.263188997185
368,7.632 a 11.448,212.33434382978734
368,mais de 11.448,640.053961382979
369,até 1.908,7997.456343150793
369,1.908 a 3.816,21037.932137989694
369,3.816 a 7.632,20928.329600889712
369,7.632 a 11.448,4163.766858861583
369,mais de 11.448,1855.5080164727037
370,até 1.908,11836.440824888896
370,1.908 a 3.816,41076.912354840286
370,3.816 a 7.632,29571.935494384266
370,7.632 a 11.448,2724.822946944444
370,mais de 11.448,575.898310111111
371,até 1.908,10547.503610240436
371,1.908 a 3.816,38860.70778160007
371,3.816 a 7.632,21968.440896572243
371,7.632 a 11.448,2224.888819999999
371,mais de 11.448,1894.4619150909073
372,até 1.908,25109.735093281102
372,1.908 a 3.816,15742.927883705652
372,3.816 a 7.632,19918.33749078307
372,7.632 a 11.448,5740.357060872118
372,mais de 11.448,226.6371972
373,até 1.908,13187.23554441256
373,1.908 a 3.816,34941.189087243685
373,3.816 a 7.632,21709.268816630774
373,7.632 a 11.448,841.3179682857143
373,mais de 11.448,0
374,até 1.908,0
374,1.908 a 3.816,0
374,3.816 a 7.632,0
374,7.632 a 11.448,0
374,mais de 11.448,0
375,até 1.908,18813.603920116122
375,1.908 a 3.816,43702.849899479894
375,3.816 a 7.632,25172.534225199797
375,7.632 a 11.448,0
375,mais de 11.448,0
376,até 1.908,13463.664210268318
376,1.908 a 3.816,19461.00549647306
376,3.816 a 7.632,6832.115132520982
376,7.632 a 11.448,695.2061448679245
376,mais de 11.448,0
377,até 1.908,48475.7819308671
377,1.908 a 3.816,89000.94052186883
377,3.816 a 7.632,40311.885901123445
377,7.632 a 11.448,7563.737649205909
377,mais de 11.448,2258.6541655294186
378,até 1.908,20662.780116931375
378,1.908 a 3.816,62791.7129637629
378,3.816 a 7.632,15184.489940800366
378,7.632 a 11.448,0
378,mais de 11.448,0
379,até 1.908,9401.2369400857
379,1.908 a 3.816,34334.687726476746
379,3.816 a 7.632,15991.381138086883
379,7.632 a 11.448,388.69068243750013
379,mais de 11.448,0
380,até 1.908,22567.63302339839
380,1.908 a 3.816,52067.09276570684
380,3.816 a 7.632,30013.286863223984
380,7.632 a 11.448,0
380,mais de 11.448,0
381,até 1.908,0
381,1.908 a 3.816,0
381,3.816 a 7.632,0
381,7.632 a 11.448,0
381,mais de 11.448,0
382,até 1.908,38844.193959887074
382,1.908 a 3.816,45948.90699869605
382,3.816 a 7.632,11443.505635993253
382,7.632 a 11.448,2534.359906285717
382,mais de 11.448,0
383,até 1.908,29355.65500207076
383,1.908 a 3.816,30356.240342118967
383,3.816 a 7.632,16110.476065778974
383,7.632 a 11.448,978.6230810256412
383,mais de 11.448,0
384,até 1.908,13081.959346390471
384,1.908 a 3.816,11212.851776011923
384,3.816 a 7.632,4589.184088453056
384,7.632 a 11.448,0
384,mais de 11.448,0
385,até 1.908,0
385,1.908 a 3.816,0
385,3.816 a 7.632,0
385,7.632 a 11.448,0
385,mais de 11.448,0
386,até 1.908,1682.5464534999983
386,1.908 a 3.816,1622.7631231428556
386,3.816 a 7.632,588.6899597857138
386,7.632 a 11.448,0
386,mais de 11.448,0
387,até 1.908,13563.023106675711
387,1.908 a 3.816,50987.94189933646
387,3.816 a 7.632,9621.444618011226
387,7.632 a 11.448,0
387,mais de 11.448,1918.5918268130254
388,até 1.908,2272.257116037544
388,1.908 a 3.816,2858.404954529476
388,3.816 a 7.632,1263.3381359649125
388,7.632 a 11.448,0
388,mais de 11.448,0
389,até 1.908,14111.29502809574
389,1.908 a 3.816,15069.705886695665
389,3.816 a 7.632,7848.387080296348
389,7.632 a 11.448,1012.932321571428
389,mais de 11.448,2434.673598787233
390,até 1.908,5467.296078793065
390,1.908 a 3.816,5703.354443947807
390,3.816 a 7.632,2308.65071990053
390,7.632 a 11.448,0
390,mais de 11.448,123.69933554875917
391,até 1.908,31423.578361782773
391,1.908 a 3.816,39504.72669076348
391,3.816 a 7.632,9372.339818571863
391,7.632 a 11.448,2315.348571438891
391,mais de 11.448,0
392,até 1.908,0
392,1.908 a 3.816,0
392,3.816 a 7.632,0
392,7.632 a 11.448,0
392,mais de 11.448,0
393,até 1.908,34725.16915823138
393,1.908 a 3.816,46435.79118291131
393,3.816 a 7.632,23643.0408152165
393,7.632 a 11.448,0
393,mais de 11.448,0
394,até 1.908,6619.0303345869315
394,1.908 a 3.816,10155.153857727404
394,3.816 a 7.632,3264.8150163905125
394,7.632 a 11.448,0
394,mais de 11.448,0
395,até 1.908,26251.51576385109
395,1.908 a 3.816,47782.458228731564
395,3.816 a 7.632,18731.239984274707
395,7.632 a 11.448,689.7689888372088
395,mais de 11.448,0
396,até 1.908,28307.988224463315
396,1.908 a 3.816,56328.68255788977
396,3.816 a 7.632,18303.346341283708
396,7.632 a 11.448,1016.5352683022545
396,mais de 11.448,2666.4469446697676
397,até 1.908,17068.778204367463
397,1.908 a 3.816,52758.50187653339
397,3.816 a 7.632,1770.7185396325633
397,7.632 a 11.448,0
397,mais de 11.448,0
398,até 1.908,38286.14599003664
398,1.908 a 3.816,63190.90379765439
398,3.816 a 7.632,8025.244553049486
398,7.632 a 11.448,519.5026911223522
398,mais de 11.448,411.1931007793137
399,até 1.908,28911.609475142177
399,1.908 a 3.816,37427.35135837057
399,3.816 a 7.632,4224.027006844534
399,7.632 a 11.448,0
399,mais de 11.448,0
400,até 1.908,37914.97584707261
400,1.908 a 3.816,48923.040161266035
400,3.816 a 7.632,25109.970666468686
400,7.632 a 11.448,0
400,mais de 11.448,0
401,até 1.908,43616.419916069324
401,1.908 a 3.816,72167.58499161534
401,3.816 a 7.632,14051.15550100605
401,7.632 a 11.448,5692.360384296373
401,mais de 11.448,580.4814861052638
402,até 1.908,7033.427956085265
402,1.908 a 3.816,8184.330005503867
402,3.816 a 7.632,5537.246730400511
402,7.632 a 11.448,0
402,mais de 11.448,0
403,até 1.908,5384.787790914393
403,1.908 a 3.816,7754.467864155413
403,3.816 a 7.632,2457.5305275371347
403,7.632 a 11.448,0
403,mais de 11.448,140.2154019
404,até 1.908,20662.68162077887
404,1.908 a 3.816,39536.66444783365
404,3.816 a 7.632,25359.294452820686
404,7.632 a 11.448,393.8220655544795
404,mais de 11.448,1695.5459849502663
405,até 1.908,4940.254114725605
405,1.908 a 3.816,13079.978965390233
405,3.816 a 7.632,11518.719046500002
405,7.632 a 11.448,1732.2562560000013
405,mais de 11.448,2620.7953274817073
406,até 1.908,4557.27034211178
406,1.908 a 3.816,7892.731548408566
406,3.816 a 7.632,18038.214472141008
406,7.632 a 11.448,1968.2334972380545
406,mais de 11.448,2661.542310836786
407,até 1.908,25347.157165762274
407,1.908 a 3.816,60012.27441674567
407,3.816 a 7.632,26750.313936722952
407,7.632 a 11.448,1887.2279463529408
407,mais de 11.448,0
408,até 1.908,19909.305625064168
408,1.908 a 3.816,23675.97685084839
408,3.816 a 7.632,3975.720675394128
408,7.632 a 11.448,0
408,mais de 11.448,0
409,até 1.908,7449.904274458696
409,1.908 a 3.816,6768.32577977154
409,3.816 a 7.632,2575.767221701076
409,7.632 a 11.448,0
409,mais de 11.448,0
410,até 1.908,6131.375264837574
410,1.908 a 3.816,2879.6375441550226
410,3.816 a 7.632,380.9875974935064
410,7.632 a 11.448,0
410,mais de 11.448,0
411,até 1.908,4029.831247001891
411,1.908 a 3.816,6243.8487257065035
411,3.816 a 7.632,5091.320418307326
411,7.632 a 11.448,0
411,mais de 11.448,0
412,até 1.908,7284.1531927326005
412,1.908 a 3.816,19401.314029575085
412,3.816 a 7.632,8251.199099576927
412,7.632 a 11.448,998.3653092857141
412,mais de 11.448,394.968574714286
413,até 1.908,8649.634629416665
413,1.908 a 3.816,6538.9904783388865
413,3.816 a 7.632,9294.688575407401
413,7.632 a 11.448,1626.0508645500004
413,mais de 11.448,595.6374127407404
414,até 1.908,13217.05976753692
414,1.908 a 3.816,13535.696915828348
414,3.816 a 7.632,3435.0549983528444
414,7.632 a 11.448,1289.1861320506332
414,mais de 11.448,0
415,até 1.908,5597.214962821567
415,1.908 a 3.816,10257.287074628752
415,3.816 a 7.632,704.50172835010585
415,7.632 a 11.448,0
415,mais de 11.448,0
416,até 1.908,3619.349476660015
416,1.908 a 3.816,19985.802858840598
416,3.816 a 7.632,4246.724522003364
416,7.632 a 11.448,749.1265753684208
416,mais de 11.448,0
417,até 1.908,4216.849506868422
417,1.908 a 3.816,17165.314373628302
417,3.816 a 7.632,16812.20630277961
417,7.632 a 11.448,2969.367575368422
417,mais de 11.448,2605.2639583125
418,até 1.908,10569.089275338878
418,1.908 a 3.816,21623.92004792515
418,3.816 a 7.632,13841.667748532225
418,7.632 a 11.448,1198.6849658544702
418,mais de 11.448,3254.6460003783786
419,até 1.908,7742.486868320512
419,1.908 a 3.816,11008.040027764508
419,3.816 a 7.632,15981.446358692649
419,7.632 a 11.448,2081.239499410256
419,mais de 11.448,597.7856665762707
420,até 1.908,593.6936428673835
420,1.908 a 3.816,2135.0746468817188
420,3.816 a 7.632,1025.0322325089603
420,7.632 a 11.448,73.0119288888889
420,mais de 11.448,633.1885351971323
421,até 1.908,1431.1664413822987
421,1.908 a 3.816,7754.589574369483
421,3.816 a 7.632,4413.929029096415
421,7.632 a 11.448,502.37161722222174
421,mais de 11.448,725.9449818333329
422,até 1.908,599.4755430117642
422,1.908 a 3.816,13061.76239901731
422,3.816 a 7.632,23803.66891392843
422,7.632 a 11.448,10590.587954185281
422,mais de 11.448,7703.505248941166
423,até 1.908,717.3915536696409
423,1.908 a 3.816,11777.700995269168
423,3.816 a 7.632,14922.752962513041
423,7.632 a 11.448,3330.409480297774
423,mais de 11.448,702.7437901842674
424,até 1.908,1251.4964063263162
424,1.908 a 3.816,12253.969853419909
424,3.816 a 7.632,9299.523390363354
424,7.632 a 11.448,477.5660699136844
424,mais de 11.448,519.4412295978948
425,até 1.908,6942.813926228228
425,1.908 a 3.816,11719.814102431703
425,3.816 a 7.632,8180.373638312511
425,7.632 a 11.448,0
425,mais de 11.448,0
426,até 1.908,649.0844571626556
426,1.908 a 3.816,4768.551003101602
426,3.816 a 7.632,9838.071296410955
426,7.632 a 11.448,3934.9619770909067
426,mais de 11.448,451.3305828502671
427,até 1.908,2697.437483359815
427,1.908 a 3.816,16364.438734411404
427,3.816 a 7.632,21958.6604528831
427,7.632 a 11.448,418.675600733333
427,mais de 11.448,486.7991914666663
428,até 1.908,7170.479089731103
428,1.908 a 3.816,26752.22416239028
428,3.816 a 7.632,14399.005807271644
428,7.632 a 11.448,3669.2958808570747
428,mais de 11.448,0
429,até 1.908,3250.5745157415467
429,1.908 a 3.816,22821.476407378796
429,3.816 a 7.632,30084.824061086623
429,7.632 a 11.448,1997.4268309333359
429,mais de 11.448,1557.7135242666686
430,até 1.908,5808.173163014832
430,1.908 a 3.816,21448.00351806591
430,3.816 a 7.632,10600.300545907194
430,7.632 a 11.448,3013.518771081197
430,mais de 11.448,0
431,até 1.908,18592.85529524697
431,1.908 a 3.816,53548.0997049462
431,3.816 a 7.632,29494.777348672174
431,7.632 a 11.448,4122.261264478261
431,mais de 11.448,0
432,até 1.908,9522.65373801575
432,1.908 a 3.816,51460.92621638525
432,3.816 a 7.632,35529.04475777656
432,7.632 a 11.448,6982.1586892570485
432,mais de 11.448,7947.230957863651
433,até 1.908,26461.336320831906
433,1.908 a 3.816,67599.03435514789
433,3.816 a 7.632,23844.654756510936
433,7.632 a 11.448,0
433,mais de 11.448,0
434,até 1.908,1269.3217387117504
434,1.908 a 3.816,1701.2138571396886
434,3.816 a 7.632,68.46329943902433
434,7.632 a 11.448,0
434,mais de 11.448,0
435,até 1.908,6413.201538764206
435,1.908 a 3.816,12736.81699155206
435,3.816 a 7.632,13870.174009534949
435,7.632 a 11.448,1143.8039643328327
435,mais de 11.448,0
436,até 1.908,18573.410050871207
436,1.908 a 3.816,68889.94171609986
436,3.816 a 7.632,40419.670380478055
436,7.632 a 11.448,0
436,mais de 11.448,0
437,até 1.908,55310.95840101706
437,1.908 a 3.816,82303.1900935477
437,3.816 a 7.632,30241.905363181988
437,7.632 a 11.448,0
437,mais de 11.448,0
438,até 1.908,31663.75298670065
438,1.908 a 3.816,50478.41550490729
438,3.816 a 7.632,13618.805435095792
438,7.632 a 11.448,0
438,mais de 11.448,0
439,até 1.908,6981.825373421054
439,1.908 a 3.816,12255.041714540253
439,3.816 a 7.632,5260.200568174921
439,7.632 a 11.448,774.931243411764
439,mais de 11.448,0
440,até 1.908,12812.203386414276
440,1.908 a 3.816,41896.641154710356
440,3.816 a 7.632,18028.787666824675
440,7.632 a 11.448,8497.387400961035
440,mais de 11.448,0
441,até 1.908,7157.658052726265
441,1.908 a 3.816,8471.891621455348
441,3.816 a 7.632,6664.9072815892805
441,7.632 a 11.448,529.5449218749993
441,mais de 11.448,0
442,até 1.908,2656.628875536688
442,1.908 a 3.816,6127.429152562815
442,3.816 a 7.632,4458.159728719112
442,7.632 a 11.448,485.78024000000005
442,mais de 11.448,0
443,até 1.908,3105.833336879517
443,1.908 a 3.816,6178.643813832169
443,3.816 a 7.632,3628.522844429927
443,7.632 a 11.448,0
443,mais de 11.448,0
444,até 1.908,10233.278405867772
444,1.908 a 3.816,22684.025228357536
444,3.816 a 7.632,1996.7702377569317
444,7.632 a 11.448,677.9179865064943
444,mais de 11.448,0
445,até 1.908,9643.453019800992
445,1.908 a 3.816,35806.40101798623
445,3.816 a 7.632,44752.86459375312
445,7.632 a 11.448,2053.1712524255317
445,mais de 11.448,3226.078393838231
446,até 1.908,4847.805224027674
446,1.908 a 3.816,20873.850173719376
446,3.816 a 7.632,24560.032975218437
446,7.632 a 11.448,2605.0745762828274
446,mais de 11.448,2101.22706621212
447,até 1.908,953.9208320777875
447,1.908 a 3.816,9143.439814090214
447,3.816 a 7.632,23840.33267161023
447,7.632 a 11.448,7830.458312854524
447,mais de 11.448,2705.841219900725
448,até 1.908,2210.754823005327
448,1.908 a 3.816,13849.342257621187
448,3.816 a 7.632,19785.150654117864
448,7.632 a 11.448,5810.323615315793
448,mais de 11.448,3818.439793200004
449,até 1.908,2779.343715471804
449,1.908 a 3.816,13794.732847322974
449,3.816 a 7.632,38103.57686720214
449,7.632 a 11.448,8447.243123465087
449,mais de 11.448,4080.118013215877
450,até 1.908,36450.41440518435
450,1.908 a 3.816,82405.50564626597
450,3.816 a 7.632,43088.609731371114
450,7.632 a 11.448,8201.357164665205
450,mais de 11.448,2114.1043031892577
451,até 1.908,12049.272054916288
451,1.908 a 3.816,65792.60022299357
451,3.816 a 7.632,18007.510387641225
451,7.632 a 11.448,4720.952593291877
451,mais de 11.448,1600.666921431063
452,até 1.908,11026.625023389875
452,1.908 a 3.816,21500.454484071277
452,3.816 a 7.632,14609.9152578598
452,7.632 a 11.448,0
452,mais de 11.448,0
453,até 1.908,7377.888252315136
453,1.908 a 3.816,11134.998213820838
453,3.816 a 7.632,12107.102851723312
453,7.632 a 11.448,0
453,mais de 11.448,0
454,até 1.908,30597.18017246786
454,1.908 a 3.816,61595.413092554925
454,3.816 a 7.632,47659.73694156616
454,7.632 a 11.448,3076.6486797410807
454,mais de 11.448,0
455,até 1.908,16913.55941050453
455,1.908 a 3.816,15697.23217833534
455,3.816 a 7.632,19936.638898002187
455,7.632 a 11.448,944.4923850277772
455,mais de 11.448,3934.0813597308265
456,até 1.908,24244.876138958312
456,1.908 a 3.816,62953.21655505549
456,3.816 a 7.632,9396.389464791659
456,7.632 a 11.448,0
456,mais de 11.448,3011.530554814811
457,até 1.908,19758.58574734466
457,1.908 a 3.816,61180.14706405714
457,3.816 a 7.632,22458.673465649266
457,7.632 a 11.448,4557.5763941837795
457,mais de 11.448,0
458,até 1.908,8112.966382641948
458,1.908 a 3.816,37916.77742128196
458,3.816 a 7.632,15213.265009218287
458,7.632 a 11.448,0
458,mais de 11.448,0
459,até 1.908,18981.557858465578
459,1.908 a 3.816,47438.74244902294
459,3.816 a 7.632,7965.956716421486
459,7.632 a 11.448,0
459,mais de 11.448,130.75685662500004
460,até 1.908,6262.247501988308
460,1.908 a 3.816,27144.5727610468
460,3.816 a 7.632,19550.708230812877
460,7.632 a 11.448,5174.0460870000015
460,mais de 11.448,1003.4124296842115
461,até 1.908,5441.267321726121
461,1.908 a 3.816,27015.132341383418
461,3.816 a 7.632,14091.15717275283
461,7.632 a 11.448,1531.442580954192
461,mais de 11.448,0
462,até 1.908,22288.027507679206
462,1.908 a 3.816,57477.4574524392
462,3.816 a 7.632,18341.472377260427
462,7.632 a 11.448,2864.024084181933
462,mais de 11.448,0
463,até 1.908,18329.55538145989
463,1.908 a 3.816,40070.45176150052
463,3.816 a 7.632,8433.995584118979
463,7.632 a 11.448,0
463,mais de 11.448,0
464,até 1.908,21708.877932449563
464,1.908 a 3.816,31037.867557304504
464,3.816 a 7.632,18243.582398019826
464,7.632 a 11.448,1707.6582872666663
464,mais de 11.448,0
465,até 1.908,28083.18610928805
465,1.908 a 3.816,56096.76990518432
465,3.816 a 7.632,30036.222628356416
465,7.632 a 11.448,1809.8478896941187
465,mais de 11.448,0
466,até 1.908,16561.481238173234
466,1.908 a 3.816,31334.94343643002
466,3.816 a 7.632,7829.581254309363
466,7.632 a 11.448,0
466,mais de 11.448,0
467,até 1.908,4917.448173447156
467,1.908 a 3.816,11237.023437464297
467,3.816 a 7.632,2697.304582579956
467,7.632 a 11.448,522.0911035599995
467,mais de 11.448,223.12925059999978
468,até 1.908,36776.07497624999
468,1.908 a 3.816,88959.21592517092
468,3.816 a 7.632,26882.732308931118
468,7.632 a 11.448,0
468,mais de 11.448,0
469,até 1.908,1990.9322556355755
469,1.908 a 3.816,2544.9795955468076
469,3.816 a 7.632,630.2470672328146
469,7.632 a 11.448,91.84241810050702
469,mais de 11.448,0
470,até 1.908,2452.9101667619025
470,1.908 a 3.816,3573.377924723806
470,3.816 a 7.632,1907.7130934095221
470,7.632 a 11.448,0
470,mais de 11.448,0
471,até 1.908,5231.8227007512705
471,1.908 a 3.816,7311.739523616406
471,3.816 a 7.632,2066.585615400275
471,7.632 a 11.448,215.29170159782586
471,mais de 11.448,379.55904221359265
472,até 1.908,5949.521561156395
472,1.908 a 3.816,29278.027932605786
472,3.816 a 7.632,4730.450108524245
472,7.632 a 11.448,0
472,mais de 11.448,0
473,até 1.908,4928.29848691787
473,1.908 a 3.816,11512.783391041621
473,3.816 a 7.632,3036.591983079491
473,7.632 a 11.448,1475.3305872807014
473,mais de 11.448,0
474,até 1.908,2487.292447498475
474,1.908 a 3.816,3171.184124574694
474,3.816 a 7.632,292.52259300000003
474,7.632 a 11.448,0
474,mais de 11.448,0
475,até 1.908,10267.388641696962
475,1.908 a 3.816,13992.7293250476
475,3.816 a 7.632,5301.483837082252
475,7.632 a 11.448,433.4016017922075
475,mais de 11.448,0
476,até 1.908,21588.05372947039
476,1.908 a 3.816,38036.815544539895
476,3.816 a 7.632,17269.876131038127
476,7.632 a 11.448,4042.5133528356464
476,mais de 11.448,2029.72824741818
477,até 1.908,8241.23268722377
477,1.908 a 3.816,14831.125245671317
477,3.816 a 7.632,11513.660609310475
477,7.632 a 11.448,4022.139282207427
477,mais de 11.448,7696.847310338041
478,até 1.908,0
478,1.908 a 3.816,0
478,3.816 a 7.632,0
478,7.632 a 11.448,0
478,mais de 11.448,0
479,até 1.908,0
479,1.908 a 3.816,0
479,3.816 a 7.632,0
479,7.632 a 11.448,0
479,mais de 11.448,0
480,até 1.908,5472.336610588223
480,1.908 a 3.816,27795.833883902145
480,3.816 a 7.632,8520.594049202433
480,7.632 a 11.448,0
480,mais de 11.448,261.2422824545454
481,até 1.908,9297.278310421061
481,1.908 a 3.816,45219.598231580996
481,3.816 a 7.632,10273.120544246975
481,7.632 a 11.448,0
481,mais de 11.448,0
482,até 1.908,4143.5216027948745
482,1.908 a 3.816,11191.444656641035
482,3.816 a 7.632,4187.021452529919
482,7.632 a 11.448,0
482,mais de 11.448,272.01279661538496
483,até 1.908,45.556142933333284
483,1.908 a 3.816,1002.3609882750001
483,3.816 a 7.632,1243.0983937083333
483,7.632 a 11.448,144.850856375
483,mais de 11.448,883.1342245000001
484,até 1.908,33562.25007488349
484,1.908 a 3.816,81819.30094611047
484,3.816 a 7.632,15067.530301263752
484,7.632 a 11.448,1243.9219388502036
484,mais de 11.448,0
485,até 1.908,22297.63284925435
485,1.908 a 3.816,60777.65274120221
485,3.816 a 7.632,23565.284062281604
485,7.632 a 11.448,4032.4280491475693
485,mais de 11.448,0
486,até 1.908,14916.809933846169
486,1.908 a 3.816,46584.46299267953
486,3.816 a 7.632,8142.7270117323815
486,7.632 a 11.448,0
486,mais de 11.448,0
487,até 1.908,3576.3149327872366
487,1.908 a 3.816,18322.584605605352
487,3.816 a 7.632,9684.96513666988
487,7.632 a 11.448,432.5211221428571
487,mais de 11.448,1766.6043190414746
488,até 1.908,12603.013430990124
488,1.908 a 3.816,22315.16790532558
488,3.816 a 7.632,3866.491419568581
488,7.632 a 11.448,1806.3045494961439
488,mais de 11.448,3057.0148941639654
489,até 1.908,710.2619424966578
489,1.908 a 3.816,1111.5350420943087
489,3.816 a 7.632,2036.3065619497702
489,7.632 a 11.448,134.53565937777796
489,mais de 11.448,462.3608711351404
490,até 1.908,937.3088279607836
490,1.908 a 3.816,3821.023298358285
490,3.816 a 7.632,4813.047447196078
490,7.632 a 11.448,1169.0438246666658
490,mais de 11.448,781.5751658431366
491,até 1.908,5496.457250628422
491,1.908 a 3.816,10910.315636805359
491,3.816 a 7.632,12726.90799752057
491,7.632 a 11.448,3071.243397063655
491,mais de 11.448,4695.070265653098
492,até 1.908,7554.147114018883
492,1.908 a 3.816,24719.51235094728
492,3.816 a 7.632,23476.065868338927
492,7.632 a 11.448,4145.607210086552
492,mais de 11.448,366.67650333333324
493,até 1.908,8290.608376910599
493,1.908 a 3.816,14416.474702448704
493,3.816 a 7.632,8323.914671953888
493,7.632 a 11.448,0
493,mais de 11.448,0
494,até 1.908,11946.557959576818
494,1.908 a 3.816,30257.499625870132
494,3.816 a 7.632,12988.892697689065
494,7.632 a 11.448,4964.12710271679
494,mais de 11.448,3405.9360336206923
495,até 1.908,26468.238633090597
495,1.908 a 3.816,56241.24225572799
495,3.816 a 7.632,30988.995199608275
495,7.632 a 11.448,8270.526958934424
495,mais de 11.448,0
496,até 1.908,11028.192364095237
496,1.908 a 3.816,26862.634091768505
496,3.816 a 7.632,28455.177264612852
496,7.632 a 11.448,3260.98680212066
496,mais de 11.448,2451.9994936470557
497,até 1.908,2337.409886659519
497,1.908 a 3.816,4745.3835698529665
497,3.816 a 7.632,4752.869884677216
497,7.632 a 11.448,658.0358652076114
497,mais de 11.448,296.3038803559321
498,até 1.908,430.2082291789483
498,1.908 a 3.816,6218.82695467106
498,3.816 a 7.632,4090.8371389486906
498,7.632 a 11.448,185.7511759578951
498,mais de 11.448,674.3743464631592
499,até 1.908,35196.14657967301
499,1.908 a 3.816,55823.360441727404
499,3.816 a 7.632,34357.728556428774
499,7.632 a 11.448,2294.572844326174
499,mais de 11.448,1668.1767117029638
500,até 1.908,13191.062723076688
500,1.908 a 3.816,28093.55014014539
500,3.816 a 7.632,8532.399565466383
500,7.632 a 11.448,0
500,mais de 11.448,0
501,até 1.908,13091.925084690965
501,1.908 a 3.816,26119.718434429986
501,3.816 a 7.632,9370.332919225955
501,7.632 a 11.448,1407.4055902702723
501,mais de 11.448,1312.6219617142851
502,até 1.908,4105.102798256909
502,1.908 a 3.816,14305.670531004376
502,3.816 a 7.632,1855.9870383506557
502,7.632 a 11.448,475.2425125465124
502,mais de 11.448,0
503,até 1.908,1665.6414646636174
503,1.908 a 3.816,2472.059843702461
503,3.816 a 7.632,1463.0161543661927
503,7.632 a 11.448,302.2844189096992
503,mais de 11.448,0
504,até 1.908,14960.850744589758
504,1.908 a 3.816,68106.75607253483
504,3.816 a 7.632,23240.41639020698
504,7.632 a 11.448,0
504,mais de 11.448,0
505,até 1.908,911.1339977499997
505,1.908 a 3.816,1013.671179944444
505,3.816 a 7.632,2101.591834727272
505,7.632 a 11.448,1248.4681679015143
505,mais de 11.448,2658.135560666665
506,até 1.908,948.0190012390519
506,1.908 a 3.816,7167.357347250478
506,3.816 a 7.632,17392.815755050866
506,7.632 a 11.448,5086.58223321362
506,mais de 11.448,2666.223543881788
507,até 1.908,2021.073154735539
507,1.908 a 3.816,8628.423503429758
507,3.816 a 7.632,7272.471124647809
507,7.632 a 11.448,1778.378726458227
507,mais de 11.448,3624.656942880734
508,até 1.908,52191.50893891163
508,1.908 a 3.816,59080.314444494696
508,3.816 a 7.632,19697.788516484845
508,7.632 a 11.448,5655.042564642743
508,mais de 11.448,2228.3354365972245
509,até 1.908,2922.901295693946
509,1.908 a 3.816,2582.0976700196065
509,3.816 a 7.632,0
509,7.632 a 11.448,0
509,mais de 11.448,0
510,até 1.908,0
510,1.908 a 3.816,0
510,3.816 a 7.632,0
510,7.632 a 11.448,0
510,mais de 11.448,0
511,até 1.908,9707.092166973973
511,1.908 a 3.816,23230.61719897793
511,3.816 a 7.632,3178.281299015008
511,7.632 a 11.448,0
511,mais de 11.448,0
512,até 1.908,10887.72812503235
512,1.908 a 3.816,27593.452517170786
512,3.816 a 7.632,11533.29283703543
512,7.632 a 11.448,0
512,mais de 11.448,542.5165455906772
513,até 1.908,595.8686837709886
513,1.908 a 3.816,1394.6652114242422
513,3.816 a 7.632,298.8401613045205
513,7.632 a 11.448,146.9594385454546
513,mais de 11.448,1150.667315575758
514,até 1.908,33369.42492512413
514,1.908 a 3.816,58219.13504097533
514,3.816 a 7.632,11298.216789506469
514,7.632 a 11.448,1203.684944
514,mais de 11.448,535.5350134693898
515,até 1.908,35536.52856628267
515,1.908 a 3.816,69720.17274969045
515,3.816 a 7.632,13228.751979071136
515,7.632 a 11.448,2335.5549106407466
515,mais de 11.448,0
516,até 1.908,11529.921591001768
516,1.908 a 3.816,43728.047157868765
516,3.816 a 7.632,43717.03759166075
516,7.632 a 11.448,14548.025096959404
516,mais de 11.448,18084.94741113603
517,até 1.908,6641.4098070941545
517,1.908 a 3.816,9211.914592370125
517,3.816 a 7.632,1987.9864168360386
517,7.632 a 11.448,265.69248749999997
517,mais de 11.448,0
