COD_ZONA,TIPO_RENDA,QTD
1,Familiar...3,3264.3019456691186
1,Per Capita,1151.8119085941719
1,Familiar...5,2884.1917969777733
2,Familiar...3,3104.5878529623997
2,Per Capita,1276.7241050542561
2,Familiar...5,2884.1917969777733
3,Familiar...3,3919.328811604226
3,Per Capita,1624.473611778854
3,Familiar...5,3400
4,Familiar...3,5209.049144341562
4,Per Capita,2722.0521265940356
4,Familiar...5,3579.5773007233374
5,Familiar...3,4248.337484478004
5,Per Capita,2286.648637600677
5,Familiar...5,3500
6,Familiar...3,2678.7987019575758
6,Per Capita,1146.4902408477344
6,Familiar...5,2323.8951481988993
7,Familiar...3,4226.570290280834
7,Per Capita,1471.988744440361
7,Familiar...5,3987.8200213074133
8,Familiar...3,3360.8079830568067
8,Per Capita,1127.5932180869747
8,Familiar...5,2800
9,Familiar...3,3383.6538041860294
9,Per Capita,1028.8013717777271
9,Familiar...5,2500
10,Familiar...3,2198.0915076181427
10,Per Capita,634.0386636458496
10,Familiar...5,2323.8951481988993
11,Familiar...3,3475.8073929206566
11,Per Capita,1194.0481003490588
11,Familiar...5,3000
12,Familiar...3,3500.005036867465
12,Per Capita,1153.8505614641367
12,Familiar...5,2588.930150365536
13,Familiar...3,2730.7728695562737
13,Per Capita,804.9595038739387
13,Familiar...5,2550
14,Familiar...3,2947.491403286272
14,Per Capita,975.1362143452726
14,Familiar...5,2732.57590976586
15,Familiar...3,2735.0821425997574
15,Per Capita,1053.9167573046307
15,Familiar...5,2500
16,Familiar...3,3207.5285556173203
16,Per Capita,1214.7685824435491
16,Familiar...5,3044.220031372028
17,Familiar...3,3044.942922526898
17,Per Capita,1060.0887563959
17,Familiar...5,3000
18,Familiar...3,5070.790175874632
18,Per Capita,1737.3514481639386
18,Familiar...5,3778.188723137328
19,Familiar...3,5314.657750612096
19,Per Capita,1920.064937739184
19,Familiar...5,4949.292915471136
20,Familiar...3,5949.8390263732545
20,Per Capita,2332.6728211209324
20,Familiar...5,4800
21,Familiar...3,5906.289215753305
21,Per Capita,2339.637730249715
21,Familiar...5,6142.579211762394
22,Familiar...3,5427.276435546922
22,Per Capita,2388.750355305268
22,Familiar...5,4000
23,Familiar...3,4127.774027258391
23,Per Capita,1976.4080297317887
23,Familiar...5,3579.5773007233374
24,Familiar...3,3627.879939827998
24,Per Capita,1703.5753605908192
24,Familiar...5,3213.1273686852314
25,Familiar...3,3629.362285380057
25,Per Capita,1577.1087273042488
25,Familiar...5,3044.220031372028
26,Familiar...3,4387.082553360669
26,Per Capita,1994.8702448560796
26,Familiar...5,4209.082628655712
27,Familiar...3,7805.720816430832
27,Per Capita,3398.977894065631
27,Familiar...5,6000
28,Familiar...3,5357.215141870363
28,Per Capita,2605.9407251455627
28,Familiar...5,4689.119012599244
29,Familiar...3,5988.582322277093
29,Per Capita,3203.7630793023936
29,Familiar...5,4949.292915471136
30,Familiar...3,9274.3921939284
30,Per Capita,4384.15575141565
30,Familiar...5,6843.126521721684
31,Familiar...3,4442.969428766649
31,Per Capita,2496.925508024329
31,Familiar...5,3800
32,Familiar...3,5695.567501701376
32,Per Capita,3055.476461035772
32,Familiar...5,4949.292915471136
33,Familiar...3,11733.006771789658
33,Per Capita,3745.1205182646067
33,Familiar...5,11000
34,Familiar...3,12630.92828636843
34,Per Capita,5334.211659175469
34,Familiar...5,9000
35,Familiar...3,3898.7609675555505
35,Per Capita,1860.657351716426
35,Familiar...5,3044.220031372028
36,Familiar...3,5514.8258875230385
36,Per Capita,2431.5435766345254
36,Familiar...5,4442.6219037445335
37,Familiar...3,5570.981829098459
37,Per Capita,1844.0953866418506
37,Familiar...5,5000
38,Familiar...3,4667.074578855225
38,Per Capita,1350.419158130671
38,Familiar...5,4000
39,Familiar...3,4434.296789508094
39,Per Capita,1462.934498422771
39,Familiar...5,3579.5773007233374
40,Familiar...3,3624.132076960932
40,Per Capita,1192.863090600965
40,Familiar...5,3000
41,Familiar...3,3717.895998657758
41,Per Capita,1256.5153027380775
41,Familiar...5,3200
42,Familiar...3,3860.4117537365237
42,Per Capita,1113.6358505269793
42,Familiar...5,2900
43,Familiar...3,5367.124401825992
43,Per Capita,1939.2904713086743
43,Familiar...5,5000
44,Familiar...3,5188.283535063131
44,Per Capita,1861.2791938063558
44,Familiar...5,4100
45,Familiar...3,4999.470083717866
45,Per Capita,1800.0256615438661
45,Familiar...5,4860
46,Familiar...3,4263.685617407729
46,Per Capita,1514.4111555025847
46,Familiar...5,3391.4064624103316
47,Familiar...3,4451.50789658337
47,Per Capita,1585.6908690157975
47,Familiar...5,3500
48,Familiar...3,4217.986094874235
48,Per Capita,1502.8469125378358
48,Familiar...5,4000
49,Familiar...3,6120.448984294538
49,Per Capita,2686.669961109836
49,Familiar...5,4600
50,Familiar...3,5032.4620402393275
50,Per Capita,1853.2311055386358
50,Familiar...5,4209.082628655712
51,Familiar...3,9420.730551425606
51,Per Capita,3586.1453254895314
51,Familiar...5,7500
52,Familiar...3,9855.518234438245
52,Per Capita,4445.4253354204075
52,Familiar...5,7000
53,Familiar...3,6847.543409552838
53,Per Capita,2647.7374438052507
53,Familiar...5,6483.397775533098
54,Familiar...3,5883.441536282598
54,Per Capita,2634.215597605584
54,Familiar...5,4689.119012599244
55,Familiar...3,5656.072107612175
55,Per Capita,2326.8698975098523
55,Familiar...5,5223.90246383501
56,Familiar...3,6742.92656475941
56,Per Capita,3086.715891968609
56,Familiar...5,6000
57,Familiar...3,7645.072427071335
57,Per Capita,3286.87177633144
57,Familiar...5,6142.579211762394
58,Familiar...3,5660.735275395306
58,Per Capita,2224.273865147451
58,Familiar...5,4500
59,Familiar...3,6236.808601886384
59,Per Capita,2449.7901893675385
59,Familiar...5,4442.6219037445335
60,Familiar...3,7303.002246052094
60,Per Capita,2753.213268427311
60,Familiar...5,5513.74861373784
61,Familiar...3,6199.690833896711
61,Per Capita,2661.896362272556
61,Familiar...5,5223.90246383501
62,Familiar...3,7225.875779066852
62,Per Capita,3154.693397555185
62,Familiar...5,6591.698887766549
63,Familiar...3,9962.573895991654
63,Per Capita,3013.928676733372
63,Familiar...5,9461.630457536376
64,Familiar...3,7888.495671754843
64,Per Capita,3514.689320558743
64,Familiar...5,6483.397775533098
65,Familiar...3,8587.202204289404
65,Per Capita,3830.0322368330685
65,Familiar...5,7623.5696729183865
66,Familiar...3,8522.223586097534
66,Per Capita,3755.146012926566
66,Familiar...5,6142.579211762394
67,Familiar...3,9187.41611901339
67,Per Capita,3862.1214834690727
67,Familiar...5,8046.560403221799
68,Familiar...3,6390.484213556552
68,Per Capita,2974.8558235142095
68,Familiar...5,6483.397775533098
69,Familiar...3,9031.617580085518
69,Per Capita,4459.478554538742
69,Familiar...5,8000
70,Familiar...3,6858.702711143875
70,Per Capita,3146.5754213366645
70,Familiar...5,5819.67676195421
71,Familiar...3,7290.730056814491
71,Per Capita,3010.569796324853
71,Familiar...5,6843.126521721684
72,Familiar...3,7390.500145799185
72,Per Capita,2869.9343017002593
72,Familiar...5,7222.81467427629
73,Familiar...3,8239.740670979781
73,Per Capita,3545.0270379240815
73,Familiar...5,5968
74,Familiar...3,9213.972078749932
74,Per Capita,4425.449473950816
74,Familiar...5,7623.5696729183865
75,Familiar...3,9653.004086139867
75,Per Capita,4621.974392334232
75,Familiar...5,7623.5696729183865
76,Familiar...3,11066.861905160504
76,Per Capita,4353.494337892905
76,Familiar...5,8046.560403221799
77,Familiar...3,7978.485793144226
77,Per Capita,3997.979151289005
77,Familiar...5,6843.126521721684
78,Familiar...3,6575.878601689181
78,Per Capita,3009.4081009576016
78,Familiar...5,6360.541877550074
79,Familiar...3,7794.148637001907
79,Per Capita,3725.7345156944725
79,Familiar...5,6500
80,Familiar...3,6124.380935199475
80,Per Capita,2859.2465022035385
80,Familiar...5,4689.119012599244
81,Familiar...3,12635.211089510496
81,Per Capita,4833.341234298911
81,Familiar...5,10540.708078898337
82,Familiar...3,4707.517769660662
82,Per Capita,2063.667052418022
82,Familiar...5,4209.082628655712
83,Familiar...3,7623.81809309254
83,Per Capita,3320.938189070923
83,Familiar...5,6142.579211762394
84,Familiar...3,10107.677585009293
84,Per Capita,4330.728405073849
84,Familiar...5,8493.020605911383
85,Familiar...3,10583.944086973172
85,Per Capita,3863.0445986521604
85,Familiar...5,8493.020605911383
86,Familiar...3,7649.282796864412
86,Per Capita,3208.2265931493525
86,Familiar...5,6000
87,Familiar...3,7989.221351367258
87,Per Capita,3367.354245166276
87,Familiar...5,6949
88,Familiar...3,7654.49519423152
88,Per Capita,3200.6235985334015
88,Familiar...5,6843.126521721684
89,Familiar...3,7302.796377481012
89,Per Capita,2873.000646707878
89,Familiar...5,5223.90246383501
90,Familiar...3,10008.589592327156
90,Per Capita,4286.4773696975135
90,Familiar...5,8000
91,Familiar...3,3552.200887575162
91,Per Capita,1023.3361679076763
91,Familiar...5,2200
92,Familiar...3,5052.732299863115
92,Per Capita,1668.6489102382898
92,Familiar...5,4689.119012599244
93,Familiar...3,6435.312643860673
93,Per Capita,2738.8559868869547
93,Familiar...5,4908
94,Familiar...3,6745.865162855915
94,Per Capita,2804.441077594955
94,Familiar...5,5223.90246383501
95,Familiar...3,7423.335466886362
95,Per Capita,2918.127604318263
95,Familiar...5,5819.67676195421
96,Familiar...3,11821.508223070941
96,Per Capita,3885.311947592992
96,Familiar...5,8493.020605911383
97,Familiar...3,8787.797513208716
97,Per Capita,3315.1315720199404
97,Familiar...5,7222.81467427629
98,Familiar...3,4433.039908189313
98,Per Capita,1645.2148742584961
98,Familiar...5,3000
99,Familiar...3,4814.906365948788
99,Per Capita,1882.2199296043618
99,Familiar...5,3789.7886503616687
100,Familiar...3,6872.768271973102
100,Per Capita,2625.671151626558
100,Familiar...5,4689.119012599244
101,Familiar...3,7487.807959403289
101,Per Capita,2861.796618109396
101,Familiar...5,7000
102,Familiar...3,7346.033773806069
102,Per Capita,2791.841495034194
102,Familiar...5,5819.67676195421
103,Familiar...3,7521.082209823632
103,Per Capita,2550.0544361819934
103,Familiar...5,6400
104,Familiar...3,8899.896555775644
104,Per Capita,3482.348613437136
104,Familiar...5,6843.126521721684
105,Familiar...3,7874.831623800418
105,Per Capita,2900.908785583164
105,Familiar...5,6843.126521721684
106,Familiar...3,2048.224063423082
106,Per Capita,576.1771948547392
106,Familiar...5,2085.992416234128
107,Familiar...3,9214.239321964242
107,Per Capita,3522.6471277056207
107,Familiar...5,7623.5696729183865
108,Familiar...3,3586.1193360639727
108,Per Capita,1189.169838359413
108,Familiar...5,3213.1273686852314
109,Familiar...3,3288.423599278008
109,Per Capita,1078.309659985479
109,Familiar...5,3044.220031372028
110,Familiar...3,4141.126950128984
110,Per Capita,1490.940258417965
110,Familiar...5,4083.5198141868404
111,Familiar...3,4482.3544287937775
111,Per Capita,1565.1227520493846
111,Familiar...5,3300
112,Familiar...3,2799.8905962709814
112,Per Capita,880.7803863088482
112,Familiar...5,2000
113,Familiar...3,3945.5746245691976
113,Per Capita,1319.5473913585918
113,Familiar...5,3391.4064624103316
114,Familiar...3,0
114,Per Capita,0
114,Familiar...5,0
115,Familiar...3,2408.7856124220075
115,Per Capita,743.1838255004369
115,Familiar...5,2000
116,Familiar...3,2699.549278471039
116,Per Capita,854.6193360061591
116,Familiar...5,2452.8355459468366
117,Familiar...3,2536.8817993596963
117,Per Capita,851.5117020511766
117,Familiar...5,2436.3658005778766
118,Familiar...3,3036.1666140866378
118,Per Capita,977.2569215730183
118,Familiar...5,3000
119,Familiar...3,2380.5253155860782
119,Per Capita,729.4701201686283
119,Familiar...5,2037
120,Familiar...3,0
120,Per Capita,0
120,Familiar...5,0
121,Familiar...3,2669.165848974292
121,Per Capita,808.3221874597868
121,Familiar...5,2500
122,Familiar...3,1979.9598879193406
122,Per Capita,611.5113498197777
122,Familiar...5,1600
123,Familiar...3,2394.876842320487
123,Per Capita,767.7360666535695
123,Familiar...5,2323.8951481988993
124,Familiar...3,3111.0133871728876
124,Per Capita,1026.0214263081755
124,Familiar...5,2700
125,Familiar...3,2895.024282010609
125,Per Capita,967.2120542244662
125,Familiar...5,2600
126,Familiar...3,3967.9097493769614
126,Per Capita,1282.0402170395196
126,Familiar...5,2800
127,Familiar...3,4256.023489466976
127,Per Capita,1478.1395179252556
127,Familiar...5,4442.6219037445335
128,Familiar...3,5491.195916128953
128,Per Capita,2063.0249038514885
128,Familiar...5,4500
129,Familiar...3,5091.432679498207
129,Per Capita,1959.6917526808518
129,Familiar...5,4700
130,Familiar...3,2797.2333570321734
130,Per Capita,776.6295744245882
130,Familiar...5,2201.7328755473914
131,Familiar...3,4077.2152523305244
131,Per Capita,1438.8213944812276
131,Familiar...5,3400
132,Familiar...3,0
132,Per Capita,0
132,Familiar...5,0
133,Familiar...3,7055.48457833536
133,Per Capita,2649.340240564309
133,Familiar...5,4949.292915471136
134,Familiar...3,5637.223223538206
134,Per Capita,1962.9666162999915
134,Familiar...5,4689.119012599244
135,Familiar...3,4992.3331768520065
135,Per Capita,2044.8620415529806
135,Familiar...5,4442.6219037445335
136,Familiar...3,4184.433030882596
136,Per Capita,1442.1328499659733
136,Familiar...5,3254
137,Familiar...3,4116.801101376254
137,Per Capita,1314.4122924563192
137,Familiar...5,3778.188723137328
138,Familiar...3,3298.7623454632944
138,Per Capita,1024.888734695355
138,Familiar...5,2700
139,Familiar...3,3650.20898460118
139,Per Capita,1222.2918120733755
139,Familiar...5,3000
140,Familiar...3,3332.5081697344485
140,Per Capita,1068.785252147443
140,Familiar...5,3000
141,Familiar...3,3613.761496352893
141,Per Capita,1213.515035395542
141,Familiar...5,3573.0467752365626
142,Familiar...3,2631.490424182792
142,Per Capita,804.0799250640525
142,Familiar...5,2500
143,Familiar...3,0
143,Per Capita,0
143,Familiar...5,0
144,Familiar...3,4804.488323936628
144,Per Capita,1676.9241030992657
144,Familiar...5,3391.4064624103316
145,Familiar...3,5116.823323214814
145,Per Capita,1798.578595536049
145,Familiar...5,4442.6219037445335
146,Familiar...3,0
146,Per Capita,0
146,Familiar...5,0
147,Familiar...3,4105.471843552114
147,Per Capita,1316.821791553513
147,Familiar...5,3391.4064624103316
148,Familiar...3,2567.121799355994
148,Per Capita,876.5864841443183
148,Familiar...5,2000
149,Familiar...3,0
149,Per Capita,0
149,Familiar...5,0
150,Familiar...3,2403.657272244068
150,Per Capita,712.8733374155004
150,Familiar...5,2400
151,Familiar...3,2780.0962662604775
151,Per Capita,852.6756434175928
151,Familiar...5,2454
152,Familiar...3,3664.5397821690362
152,Per Capita,1266.4226566848258
152,Familiar...5,3500
153,Familiar...3,6591.794217697003
153,Per Capita,2308.5856036457726
153,Familiar...5,5700
154,Familiar...3,4400.296095417929
154,Per Capita,1528.9008668409394
154,Familiar...5,3200
155,Familiar...3,2774.554474847175
155,Per Capita,797.2905942510457
155,Familiar...5,2500
156,Familiar...3,3325.974638116942
156,Per Capita,1095.5792908247527
156,Familiar...5,3300
157,Familiar...3,3532.0830891370606
157,Per Capita,1121.0389150793762
157,Familiar...5,3213.1273686852314
158,Familiar...3,4163.153181890498
158,Per Capita,1374.4969312745468
158,Familiar...5,3579.5773007233374
159,Familiar...3,3018.3540806098076
159,Per Capita,950.4116694365346
159,Familiar...5,2588.930150365536
160,Familiar...3,3753.759532296791
160,Per Capita,1277.5018374310507
160,Familiar...5,3000
161,Familiar...3,2642.5409975460934
161,Per Capita,822.6478619105916
161,Familiar...5,2200
162,Familiar...3,3463.630224950256
162,Per Capita,1195.2825707030913
162,Familiar...5,3044.220031372028
163,Familiar...3,4589.117102848193
163,Per Capita,1557.261410765426
163,Familiar...5,3778.188723137328
164,Familiar...3,3465.7030762644367
164,Per Capita,1113.362691331004
164,Familiar...5,3500
165,Familiar...3,3932.741555156762
165,Per Capita,1327.7946305825444
165,Familiar...5,3213.1273686852314
166,Familiar...3,5290.197442309971
166,Per Capita,1980.8474551953968
166,Familiar...5,5298.537479604832
167,Familiar...3,4796.673780398428
167,Per Capita,1785.8260247037288
167,Familiar...5,4442.6219037445335
168,Familiar...3,4852.879159277537
168,Per Capita,1850.1845674702358
168,Familiar...5,4209.082628655712
169,Familiar...3,5446.116435596834
169,Per Capita,1977.915187286484
169,Familiar...5,5223.90246383501
170,Familiar...3,3507.4191091491093
170,Per Capita,1172.1389943391705
170,Familiar...5,3000
171,Familiar...3,3391.5903310432695
171,Per Capita,1198.640924870204
171,Familiar...5,2715
172,Familiar...3,4286.009785074332
172,Per Capita,1480.455455335204
172,Familiar...5,3213.1273686852314
173,Familiar...3,3345.9821050637206
173,Per Capita,1120.650897634636
173,Familiar...5,2884.1917969777733
174,Familiar...3,2780.6584561074196
174,Per Capita,921.1032583255488
174,Familiar...5,2884.1917969777733
175,Familiar...3,3057.141988868777
175,Per Capita,941.9906362385084
175,Familiar...5,2588.930150365536
176,Familiar...3,3445.5728910103217
176,Per Capita,1151.1485948108993
176,Familiar...5,3044.220031372028
177,Familiar...3,2163.150677564117
177,Per Capita,690.2019324872772
177,Familiar...5,2151.648962733069
178,Familiar...3,0
178,Per Capita,0
178,Familiar...5,0
179,Familiar...3,0
179,Per Capita,0
179,Familiar...5,0
180,Familiar...3,3176.7409493730775
180,Per Capita,1052.0680109507723
180,Familiar...5,2500
181,Familiar...3,3155.5057051286167
181,Per Capita,1054.6845244230203
181,Familiar...5,2500
182,Familiar...3,3622.736530214143
182,Per Capita,1196.029138826865
182,Familiar...5,3391.4064624103316
183,Familiar...3,3110.499619265936
183,Per Capita,991.5924540983324
183,Familiar...5,2588.930150365536
184,Familiar...3,3057.438681111145
184,Per Capita,1019.1194916261378
184,Familiar...5,2452.8355459468366
185,Familiar...3,2043.5207423085003
185,Per Capita,678.5312833784902
185,Familiar...5,1900
186,Familiar...3,3690.349672528978
186,Per Capita,1318.0143469188456
186,Familiar...5,3000
187,Familiar...3,2413.543196025971
187,Per Capita,764.6244011135534
187,Familiar...5,2452.8355459468366
188,Familiar...3,2734.269080928506
188,Per Capita,917.6984285149538
188,Familiar...5,1987
189,Familiar...3,2852.8132364363946
189,Per Capita,939.3645143339118
189,Familiar...5,2588.930150365536
190,Familiar...3,3677.5387834722387
190,Per Capita,1179.0616299586873
190,Familiar...5,3213.1273686852314
191,Familiar...3,0
191,Per Capita,0
191,Familiar...5,0
192,Familiar...3,3662.9753908417465
192,Per Capita,1174.556582106838
192,Familiar...5,3579.5773007233374
193,Familiar...3,2750.481570971676
193,Per Capita,834.4350118269587
193,Familiar...5,2000
194,Familiar...3,2308.1237190092697
194,Per Capita,686.4982358474751
194,Familiar...5,2150
195,Familiar...3,2979.5177653269643
195,Per Capita,973.8706625449448
195,Familiar...5,2300
196,Familiar...3,2615.7134525899028
196,Per Capita,813.6007806554334
196,Familiar...5,2454
197,Familiar...3,3399.137318962149
197,Per Capita,1082.9429877489465
197,Familiar...5,3200
198,Familiar...3,3414.004268681785
198,Per Capita,1098.7110500772692
198,Familiar...5,2588.930150365536
199,Familiar...3,2859.02261174329
199,Per Capita,888.0583094424594
199,Familiar...5,2280
200,Familiar...3,2703.6977371834278
200,Per Capita,844.6596092891266
200,Familiar...5,2454
201,Familiar...3,2809.780397847587
201,Per Capita,902.9138190656923
201,Familiar...5,2833.6005657827377
202,Familiar...3,2763.3633755772366
202,Per Capita,872.9708820324827
202,Familiar...5,2500
203,Familiar...3,2777.4929744977367
203,Per Capita,877.6473367763068
203,Familiar...5,2452.8355459468366
204,Familiar...3,2164.1499554062493
204,Per Capita,679.0747123698058
204,Familiar...5,1976.3361890594754
205,Familiar...3,2419.9049565783357
205,Per Capita,754.4999034332976
205,Familiar...5,2201.7328755473914
206,Familiar...3,2447.2443858486713
206,Per Capita,809.1390649208855
206,Familiar...5,1976.3361890594754
207,Familiar...3,2683.3131518935315
207,Per Capita,837.834924807729
207,Familiar...5,2437
208,Familiar...3,3646.6488175185173
208,Per Capita,1261.2623342588379
208,Familiar...5,3213.1273686852314
209,Familiar...3,3665.748231103823
209,Per Capita,1234.6878925342144
209,Familiar...5,3044.220031372028
210,Familiar...3,5648.500598135443
210,Per Capita,1964.0697411314613
210,Familiar...5,4689.119012599244
211,Familiar...3,3456.0012680302193
211,Per Capita,1152.2971594696337
211,Familiar...5,3213.1273686852314
212,Familiar...3,2625.345126142401
212,Per Capita,854.4148234437143
212,Familiar...5,2201.7328755473914
213,Familiar...3,3566.107685912464
213,Per Capita,1167.6008356928219
213,Familiar...5,3044.220031372028
214,Familiar...3,2696.855197378871
214,Per Capita,907.930315707433
214,Familiar...5,2452.8355459468366
215,Familiar...3,3300.0221022193914
215,Per Capita,1119.3723819177176
215,Familiar...5,2884.1917969777733
216,Familiar...3,3616.561011102305
216,Per Capita,1209.8891061942786
216,Familiar...5,2954
217,Familiar...3,3664.96245733354
217,Per Capita,1250.8876030086208
217,Familiar...5,3500
218,Familiar...3,3046.842587521634
218,Per Capita,1050.3033490213963
218,Familiar...5,3033.079962448825
219,Familiar...3,2829.6845726176384
219,Per Capita,915.0049059898253
219,Familiar...5,2400
220,Familiar...3,3357.5304975943263
220,Per Capita,1140.9863307839707
220,Familiar...5,2624
221,Familiar...3,4063.3406302170292
221,Per Capita,1294.860655945293
221,Familiar...5,3213.1273686852314
222,Familiar...3,3887.449591477633
222,Per Capita,1330.0262140826337
222,Familiar...5,2884.1917969777733
223,Familiar...3,2596.9476555829815
223,Per Capita,819.1189397293218
223,Familiar...5,2500
224,Familiar...3,0
224,Per Capita,0
224,Familiar...5,0
225,Familiar...3,2619.8168068841624
225,Per Capita,838.0317664625035
225,Familiar...5,2452.8355459468366
226,Familiar...3,2944.7054726547844
226,Per Capita,993.2671651349976
226,Familiar...5,2923.1936093560425
227,Familiar...3,2885.9092469667817
227,Per Capita,925.6980342214603
227,Familiar...5,2700
228,Familiar...3,2595.310606745059
228,Per Capita,828.8188217865414
228,Familiar...5,2085.992416234128
229,Familiar...3,2368.0935515052684
229,Per Capita,751.8144658057337
229,Familiar...5,2085.992416234128
230,Familiar...3,2712.9953207085077
230,Per Capita,904.7366895897251
230,Familiar...5,2323.8951481988993
231,Familiar...3,2911.415648572897
231,Per Capita,896.4863450572999
231,Familiar...5,2732.57590976586
232,Familiar...3,3161.7234063779474
232,Per Capita,978.0864406061147
232,Familiar...5,2884.1917969777733
233,Familiar...3,3006.5685228099746
233,Per Capita,930.7885016214688
233,Familiar...5,2201.7328755473914
234,Familiar...3,2190.4146127470162
234,Per Capita,665.2952767315763
234,Familiar...5,2216.8575658743325
235,Familiar...3,2739.328156278831
235,Per Capita,873.862487575634
235,Familiar...5,2323.8951481988993
236,Familiar...3,6454.214674871817
236,Per Capita,2519.6969959766634
236,Familiar...5,6500
237,Familiar...3,4588.642005040735
237,Per Capita,1727.6869949342085
237,Familiar...5,4442.6219037445335
238,Familiar...3,4775.344998800749
238,Per Capita,1732.3639171955263
238,Familiar...5,4000
239,Familiar...3,4691.882896717732
239,Per Capita,1717.9322313408818
239,Familiar...5,3579.5773007233374
240,Familiar...3,5155.03874636468
240,Per Capita,1924.9310236759359
240,Familiar...5,4209.082628655712
241,Familiar...3,3531.6630815476237
241,Per Capita,1283.8431164663436
241,Familiar...5,2935
242,Familiar...3,3116.9771805098567
242,Per Capita,1000.7853286609526
242,Familiar...5,2452.8355459468366
243,Familiar...3,3823.8121894237843
243,Per Capita,1437.84681876072
243,Familiar...5,3000
244,Familiar...3,2820.8551640473547
244,Per Capita,1002.0013031553073
244,Familiar...5,2200
245,Familiar...3,3807.3059313350495
245,Per Capita,1339.5472170624719
245,Familiar...5,3000
246,Familiar...3,3864.7640073486264
246,Per Capita,1344.3442796873403
246,Familiar...5,3579.5773007233374
247,Familiar...3,3960.2819813477968
247,Per Capita,1356.8645097583185
247,Familiar...5,3400
248,Familiar...3,0
248,Per Capita,0
248,Familiar...5,0
249,Familiar...3,2832.727398842216
249,Per Capita,918.8890256439632
249,Familiar...5,2500
250,Familiar...3,4986.360176336156
250,Per Capita,1757.276724746338
250,Familiar...5,4209.082628655712
251,Familiar...3,4321.954270571902
251,Per Capita,1620.3781607657031
251,Familiar...5,3778.188723137328
252,Familiar...3,3330.420667178696
252,Per Capita,1125.1962205121579
252,Familiar...5,2588.930150365536
253,Familiar...3,2469.059612988984
253,Per Capita,760.9849415515996
253,Familiar...5,2200
254,Familiar...3,5285.28330668183
254,Per Capita,1900.430858479772
254,Familiar...5,4000
255,Familiar...3,3447.3778250681003
255,Per Capita,1206.248184767423
255,Familiar...5,2930
256,Familiar...3,2760.3608454071264
256,Per Capita,962.178059173929
256,Familiar...5,2452.8355459468366
257,Familiar...3,3107.6316109661225
257,Per Capita,1067.0335764174772
257,Familiar...5,2954
258,Familiar...3,2709.454157476728
258,Per Capita,937.0009538802005
258,Familiar...5,3044.220031372028
259,Familiar...3,2604.8573599571937
259,Per Capita,847.8967168693415
259,Familiar...5,2700
260,Familiar...3,2679.2315212116578
260,Per Capita,870.1608176816176
260,Familiar...5,2500
261,Familiar...3,3282.988963650329
261,Per Capita,1079.2893680702884
261,Familiar...5,3213.1273686852314
262,Familiar...3,2723.5016794819626
262,Per Capita,871.4487376123922
262,Familiar...5,2452.8355459468366
263,Familiar...3,2494.710839245971
263,Per Capita,780.0806828104817
263,Familiar...5,2200
264,Familiar...3,3217.91719905331
264,Per Capita,1052.742692565656
264,Familiar...5,3213.1273686852314
265,Familiar...3,3179.5467411916
265,Per Capita,1033.9079356680488
265,Familiar...5,2000
266,Familiar...3,2606.3633272304623
266,Per Capita,846.6962906537318
266,Familiar...5,2708.305295265307
267,Familiar...3,3533.1654369037
267,Per Capita,1143.523917761938
267,Familiar...5,2900
268,Familiar...3,9306.8173194980809
268,Per Capita,3330.8724255984002
268,Familiar...5,6843.126521721684
269,Familiar...3,8310.568724698058
269,Per Capita,3301.919769716787
269,Familiar...5,7300
270,Familiar...3,6285.526031158896
270,Per Capita,2480.6659739395277
270,Familiar...5,5223.90246383501
271,Familiar...3,0
271,Per Capita,0
271,Familiar...5,0
272,Familiar...3,4578.733574066148
272,Per Capita,1674.5965856397215
272,Familiar...5,4209.082628655712
273,Familiar...3,4293.699974485448
273,Per Capita,1520.2143291615125
273,Familiar...5,3213.1273686852314
274,Familiar...3,5216.955507306008
274,Per Capita,1927.7078607025069
274,Familiar...5,3987.8200213074133
275,Familiar...3,5931.07982223329
275,Per Capita,2241.274700809259
275,Familiar...5,4949.292915471136
276,Familiar...3,3735.6374734966844
276,Per Capita,1228.4527827252127
276,Familiar...5,3213.1273686852314
277,Familiar...3,3878.7267406113688
277,Per Capita,1356.012457406134
277,Familiar...5,3044.220031372028
278,Familiar...3,2669.974240228821
278,Per Capita,865.2430186048482
278,Familiar...5,2500
279,Familiar...3,2306.566500400156
279,Per Capita,758.5128359753159
279,Familiar...5,2201.7328755473914
280,Familiar...3,5488.251942234367
280,Per Capita,1991.8581495757523
280,Familiar...5,4442.6219037445335
281,Familiar...3,6953.407043599223
281,Per Capita,2535.7513630605354
281,Familiar...5,5223.90246383501
282,Familiar...3,3513.3620153443644
282,Per Capita,1221.6690643097925
282,Familiar...5,3200
283,Familiar...3,4116.8106754330265
283,Per Capita,1482.3443350558334
283,Familiar...5,4000
284,Familiar...3,3268.2366887685116
284,Per Capita,1067.6030198990104
284,Familiar...5,2800
285,Familiar...3,2514.057147124733
285,Per Capita,807.3702218537986
285,Familiar...5,2201.7328755473914
286,Familiar...3,4180.821069293475
286,Per Capita,1537.1471371176349
286,Familiar...5,3778.188723137328
287,Familiar...3,5435.101915466966
287,Per Capita,1864.4060054836816
287,Familiar...5,3579.5773007233374
288,Familiar...3,2983.615745991027
288,Per Capita,966.8391839792072
288,Familiar...5,2884.1917969777733
289,Familiar...3,3912.4615417079654
289,Per Capita,1255.2230628560192
289,Familiar...5,3570
290,Familiar...3,2920.315433327654
290,Per Capita,900.2375509961942
290,Familiar...5,2732.57590976586
291,Familiar...3,3476.1930656916024
291,Per Capita,1112.387062526304
291,Familiar...5,2937
292,Familiar...3,2562.8082956543567
292,Per Capita,800.2017238818067
292,Familiar...5,2000
293,Familiar...3,2816.153044484499
293,Per Capita,919.3814384373526
293,Familiar...5,2201.7328755473914
294,Familiar...3,2313.881391915273
294,Per Capita,720.466358498326
294,Familiar...5,2201.7328755473914
295,Familiar...3,2880.538701467685
295,Per Capita,909.3318582148665
295,Familiar...5,2700
296,Familiar...3,2046.2743092456553
296,Per Capita,633.910971305321
296,Familiar...5,1872.4443587563562
297,Familiar...3,4628.113125530002
297,Per Capita,1514.0471939924996
297,Familiar...5,3000
298,Familiar...3,2334.70603219021
298,Per Capita,727.5357361411515
298,Familiar...5,2085.992416234128
299,Familiar...3,2595.7957883211957
299,Per Capita,813.5337209956062
299,Familiar...5,2000
300,Familiar...3,8506.94593563218
300,Per Capita,3275.333606571569
300,Familiar...5,6142.579211762394
301,Familiar...3,9643.992429942617
301,Per Capita,3295.783473999217
301,Familiar...5,7423.192173597338
302,Familiar...3,8885.589038999047
302,Per Capita,3245.27054140137
302,Familiar...5,8046.560403221799
303,Familiar...3,4676.902799289953
303,Per Capita,1667.378328772925
303,Familiar...5,4000
304,Familiar...3,2950.2994988909204
304,Per Capita,985.8093385272244
304,Familiar...5,2884.1917969777733
305,Familiar...3,2839.2445560197243
305,Per Capita,982.0008082637323
305,Familiar...5,2588.930150365536
306,Familiar...3,2622.9815903102112
306,Per Capita,906.46136318819
306,Familiar...5,2500
307,Familiar...3,2910.642320421834
307,Per Capita,914.8439877293171
307,Familiar...5,2452.8355459468366
308,Familiar...3,2017.722724943517
308,Per Capita,662.761462251181
308,Familiar...5,1900
309,Familiar...3,2654.616614352313
309,Per Capita,870.3604960680769
309,Familiar...5,2452.8355459468366
310,Familiar...3,2185.326123686612
310,Per Capita,735.4961423278969
310,Familiar...5,2000
311,Familiar...3,2381.692177052267
311,Per Capita,797.824892842826
311,Familiar...5,2085.992416234128
312,Familiar...3,3852.150092584608
312,Per Capita,1319.1490907021398
312,Familiar...5,2950
313,Familiar...3,3609.050552036618
313,Per Capita,1201.7276352492622
313,Familiar...5,2732.57590976586
314,Familiar...3,3018.229324778533
314,Per Capita,994.7495091303973
314,Familiar...5,2452.8355459468366
315,Familiar...3,2669.1756015445485
315,Per Capita,869.0157890608089
315,Familiar...5,2452.8355459468366
316,Familiar...3,8335.371133671686
316,Per Capita,3059.338491257399
316,Familiar...5,6843.126521721684
317,Familiar...3,13415.400821429399
317,Per Capita,4137.243956342918
317,Familiar...5,10900
318,Familiar...3,5066.899573348599
318,Per Capita,1680.340644214655
318,Familiar...5,4949.292915471136
319,Familiar...3,9548.867777920814
319,Per Capita,3215.7922238661586
319,Familiar...5,6142.579211762394
320,Familiar...3,3389.920752564025
320,Per Capita,1137.4853250487279
320,Familiar...5,1976.3361890594754
321,Familiar...3,11196.844384657714
321,Per Capita,4150.118651118723
321,Familiar...5,10540.708078898337
322,Familiar...3,6189.451456642587
322,Per Capita,2344.2708245910676
322,Familiar...5,5513.74861373784
323,Familiar...3,3967.132986129734
323,Per Capita,1367.1812259741607
323,Familiar...5,3124
324,Familiar...3,2582.02063587637
324,Per Capita,834.5944957705569
324,Familiar...5,2085.992416234128
325,Familiar...3,3633.0087393517147
325,Per Capita,1225.6872337250677
325,Familiar...5,3213.1273686852314
326,Familiar...3,3329.7940804216987
326,Per Capita,1106.126608302386
326,Familiar...5,2884.1917969777733
327,Familiar...3,8825.22101597273
327,Per Capita,2947.8559679455648
327,Familiar...5,7222.81467427629
328,Familiar...3,7805.176454573788
328,Per Capita,2818.9852375560235
328,Familiar...5,6142.579211762394
329,Familiar...3,6424.4776880000545
329,Per Capita,2222.593721842128
329,Familiar...5,5000
330,Familiar...3,4125.039038025025
330,Per Capita,1319.891390299601
330,Familiar...5,3391.4064624103316
331,Familiar...3,4558.1576498422
331,Per Capita,1462.1073752968848
331,Familiar...5,3213.1273686852314
332,Familiar...3,3192.7646836234035
332,Per Capita,1013.5305849073828
332,Familiar...5,2588.930150365536
333,Familiar...3,3173.1292393709487
333,Per Capita,1063.2725019503578
333,Familiar...5,3044.220031372028
334,Familiar...3,3276.3034875730496
334,Per Capita,1082.2170054990556
334,Familiar...5,2500
335,Familiar...3,4678.4874012985065
335,Per Capita,1552.3889301787613
335,Familiar...5,3579.5773007233374
336,Familiar...3,3601.7458316218404
336,Per Capita,1180.6712153090982
336,Familiar...5,2732.57590976586
337,Familiar...3,5266.557373830448
337,Per Capita,2023.010791769742
337,Familiar...5,3987.8200213074133
338,Familiar...3,3689.603519327923
338,Per Capita,1231.5440801494408
338,Familiar...5,2600
339,Familiar...3,0
339,Per Capita,0
339,Familiar...5,0
340,Familiar...3,8944.874945522968
340,Per Capita,3544.0108377033293
340,Familiar...5,6000
341,Familiar...3,6738.921836300883
341,Per Capita,2471.5558981189247
341,Familiar...5,6710.345484676971
342,Familiar...3,5740.769806891159
342,Per Capita,2057.4296976168075
342,Familiar...5,5500
343,Familiar...3,3363.160394321414
343,Per Capita,1110.397710750814
343,Familiar...5,3318.5213863141043
344,Familiar...3,3501.0197471746706
344,Per Capita,1143.4627633939053
344,Familiar...5,3044.220031372028
345,Familiar...3,2799.501517331037
345,Per Capita,884.6333771179152
345,Familiar...5,2732.57590976586
346,Familiar...3,0
346,Per Capita,0
346,Familiar...5,0
347,Familiar...3,3030.9880362342124
347,Per Capita,1028.1942215597094
347,Familiar...5,2440
348,Familiar...3,2692.1505398459303
348,Per Capita,913.4648625068497
348,Familiar...5,2085.992416234128
349,Familiar...3,0
349,Per Capita,0
349,Familiar...5,0
350,Familiar...3,2193.501944935829
350,Per Capita,651.7638027625758
350,Familiar...5,2201.7328755473914
351,Familiar...3,2492.7992981812813
351,Per Capita,830.9722748252831
351,Familiar...5,2452.8355459468366
352,Familiar...3,0
352,Per Capita,0
352,Familiar...5,0
353,Familiar...3,0
353,Per Capita,0
353,Familiar...5,0
354,Familiar...3,0
354,Per Capita,0
354,Familiar...5,0
355,Familiar...3,2453.4560012814773
355,Per Capita,798.3023446699864
355,Familiar...5,2323.8951481988993
356,Familiar...3,2150.358683216027
356,Per Capita,678.4487579690662
356,Familiar...5,2000
357,Familiar...3,2157.677768655025
357,Per Capita,669.7810336506706
357,Familiar...5,2143.8626458907597
358,Familiar...3,3192.0473365352364
358,Per Capita,995.4791794167442
358,Familiar...5,2000
359,Familiar...3,3121.011694777612
359,Per Capita,986.6992066132482
359,Familiar...5,2201.7328755473914
360,Familiar...3,2390.3845262108393
360,Per Capita,757.920226611161
360,Familiar...5,2000
361,Familiar...3,2323.691444166704
361,Per Capita,669.54609966866
361,Familiar...5,2000
362,Familiar...3,4756.323257691506
362,Per Capita,1831.9989483913405
362,Familiar...5,4600
363,Familiar...3,4300.470638131156
363,Per Capita,1541.127088751808
363,Familiar...5,3579.5773007233374
364,Familiar...3,1899.9519829510753
364,Per Capita,590.6996047552188
364,Familiar...5,1500
365,Familiar...3,3892.432463959826
365,Per Capita,1338.2557586846979
365,Familiar...5,3391.4064624103316
366,Familiar...3,3843.043437385803
366,Per Capita,1337.4159432520494
366,Familiar...5,3579.5773007233374
367,Familiar...3,4115.309419833636
367,Per Capita,1510.9514606248258
367,Familiar...5,3213.1273686852314
368,Familiar...3,3597.954882346276
368,Per Capita,1228.3235736450595
368,Familiar...5,3500
369,Familiar...3,4398.495837489573
369,Per Capita,1476.065085727901
369,Familiar...5,3778.188723137328
370,Familiar...3,3406.5789023411007
370,Per Capita,1190.3447653379496
370,Familiar...5,3400
371,Familiar...3,3571.6257170590347
371,Per Capita,1178.888122271665
371,Familiar...5,3391.4064624103316
372,Familiar...3,3100.904953703855
372,Per Capita,1068.633970041326
372,Familiar...5,2450
373,Familiar...3,3007.943930724539
373,Per Capita,926.8665414848891
373,Familiar...5,2732.57590976586
374,Familiar...3,0
374,Per Capita,0
374,Familiar...5,0
375,Familiar...3,2930.147267458503
375,Per Capita,912.8705323729594
375,Familiar...5,2862
376,Familiar...3,2539.313314193891
376,Per Capita,905.5685687354935
376,Familiar...5,2085.992416234128
377,Familiar...3,2918.3467867195964
377,Per Capita,899.7345376281622
377,Familiar...5,2452.8355459468366
378,Familiar...3,2470.8898821258254
378,Per Capita,778.1229089897357
378,Familiar...5,2452.8355459468366
379,Familiar...3,3155.4469881420027
379,Per Capita,998.7665313551481
379,Familiar...5,2588.930150365536
380,Familiar...3,2728.8386011982293
380,Per Capita,837.2370469576807
380,Familiar...5,2588.930150365536
381,Familiar...3,0
381,Per Capita,0
381,Familiar...5,0
382,Familiar...3,2250.8591340710395
382,Per Capita,750.1500485124685
382,Familiar...5,2000
383,Familiar...3,2640.1990452741766
383,Per Capita,806.0753330589756
383,Familiar...5,2323.8951481988993
384,Familiar...3,2423.979331193689
384,Per Capita,801.1823770359299
384,Familiar...5,2201.7328755473914
385,Familiar...3,0
385,Per Capita,0
385,Familiar...5,0
386,Familiar...3,2299.668443932798
386,Per Capita,688.0108002372524
386,Familiar...5,1988.1680945297376
387,Familiar...3,2869.5370727652803
387,Per Capita,912.7539883816626
387,Familiar...5,2878.783057764261
388,Familiar...3,2513.2803255549734
388,Per Capita,775.1311607608811
388,Familiar...5,2201.7328755473914
389,Familiar...3,2781.621656476947
389,Per Capita,951.0989758593839
389,Familiar...5,2085.992416234128
390,Familiar...3,3181.205551678512
390,Per Capita,1163.857518001844
390,Familiar...5,2300
391,Familiar...3,2243.8798958575017
391,Per Capita,723.0630305142215
391,Familiar...5,1954
392,Familiar...3,0
392,Per Capita,0
392,Familiar...5,0
393,Familiar...3,2527.810252940836
393,Per Capita,800.25777123906
393,Familiar...5,2452.8355459468366
394,Familiar...3,2477.3351345880787
394,Per Capita,759.3842477500103
394,Familiar...5,2300
395,Familiar...3,2642.1383390913093
395,Per Capita,835.544066196752
395,Familiar...5,2200
396,Familiar...3,2764.903472119748
396,Per Capita,866.3224235979778
396,Familiar...5,2452.8355459468366
397,Familiar...3,2260.277194364442
397,Per Capita,719.8381088640856
397,Familiar...5,2201.7328755473914
398,Familiar...3,2224.119986734413
398,Per Capita,693.8832844326903
398,Familiar...5,2000
399,Familiar...3,2255.7248913703443
399,Per Capita,695.5816273309136
399,Familiar...5,1976.3361890594754
400,Familiar...3,2738.744065562766
400,Per Capita,830.1026900872604
400,Familiar...5,2323.8951481988993
401,Familiar...3,2618.5235241297464
401,Per Capita,842.1107486625243
401,Familiar...5,2300
402,Familiar...3,2604.5052214803723
402,Per Capita,800.9902708008271
402,Familiar...5,2085.992416234128
403,Familiar...3,2517.5666668139984
403,Per Capita,765.9724208563778
403,Familiar...5,2000
404,Familiar...3,3258.576288711209
404,Per Capita,1123.9648220810582
404,Familiar...5,3000
405,Familiar...3,4555.952182175949
405,Per Capita,1675.211550781257
405,Familiar...5,3579.5773007233374
406,Familiar...3,4446.142490028641
406,Per Capita,1499.8739277231023
406,Familiar...5,3391.4064624103316
407,Familiar...3,2671.9216147516045
407,Per Capita,839.9197641289187
407,Familiar...5,2323.8951481988993
408,Familiar...3,2122.264037885701
408,Per Capita,644.3407555886997
408,Familiar...5,1976.3361890594754
409,Familiar...3,2464.6952469043013
409,Per Capita,751.5604624686954
409,Familiar...5,2182
410,Familiar...3,1837.9914447637059
410,Per Capita,586.3098520214282
410,Familiar...5,1500
411,Familiar...3,3122.798220921633
411,Per Capita,959.7040562273073
411,Familiar...5,2884.1917969777733
412,Familiar...3,3336.1194114429804
412,Per Capita,1100.6530976864299
412,Familiar...5,3044.220031372028
413,Familiar...3,3749.6552890523903
413,Per Capita,1140.6926542589974
413,Familiar...5,2884.1917969777733
414,Familiar...3,2255.5792513390197
414,Per Capita,757.7437220805368
414,Familiar...5,2000
415,Familiar...3,2007.648161502851
415,Per Capita,634.4598369403528
415,Familiar...5,2085.992416234128
416,Familiar...3,3161.8854599263045
416,Per Capita,1011.9889523490933
416,Familiar...5,2884.1917969777733
417,Familiar...3,4366.754083751465
417,Per Capita,1614.3490839958426
417,Familiar...5,3213.1273686852314
418,Familiar...3,3420.217017427807
418,Per Capita,1211.721835899139
418,Familiar...5,2800
419,Familiar...3,3611.1542207246234
419,Per Capita,1247.3159447758528
419,Familiar...5,3213.1273686852314
420,Familiar...3,3806.3580061182784
420,Per Capita,1303.2079349621495
420,Familiar...5,2884.1917969777733
421,Familiar...3,3901.7465690770855
421,Per Capita,1337.5084712627192
421,Familiar...5,3000
422,Familiar...3,6608.518217400499
422,Per Capita,2567.957891366275
422,Familiar...5,5000
423,Familiar...3,4558.564630233709
423,Per Capita,1638.5671406529266
423,Familiar...5,3579.5773007233374
424,Familiar...3,4051.661012914098
424,Per Capita,1412.3450017786556
424,Familiar...5,3500
425,Familiar...3,2698.00628073901
425,Per Capita,879.7693070356277
425,Familiar...5,2323.8951481988993
426,Familiar...3,5278.838450262478
426,Per Capita,1940.125043187783
426,Familiar...5,5000
427,Familiar...3,3888.537107255769
427,Per Capita,1380.362589905841
427,Familiar...5,3579.5773007233374
428,Familiar...3,3160.4705747703683
428,Per Capita,1109.9499143653893
428,Familiar...5,2800
429,Familiar...3,3964.816392244882
429,Per Capita,1311.5124809384595
429,Familiar...5,3778.188723137328
430,Familiar...3,2924.550535283793
430,Per Capita,972.5365847092303
430,Familiar...5,2323.8951481988993
431,Familiar...3,3332.2750435192816
431,Per Capita,1122.8051622267872
431,Familiar...5,2800
432,Familiar...3,3965.2206930583034
432,Per Capita,1345.9944569387364
432,Familiar...5,3213.1273686852314
433,Familiar...3,2805.14067427661
433,Per Capita,874.6241399761357
433,Familiar...5,2500
434,Familiar...3,2048.1135090685902
434,Per Capita,615.0215696832371
434,Familiar...5,1970.4408235538772
435,Familiar...3,3215.892444077367
435,Per Capita,1119.6886938451564
435,Familiar...5,3044.220031372028
436,Familiar...3,2985.1085510692965
436,Per Capita,1038.4841716940246
436,Familiar...5,2732.57590976586
437,Familiar...3,2391.969413476867
437,Per Capita,763.3648388942397
437,Familiar...5,2100
438,Familiar...3,2323.986935223882
438,Per Capita,771.1840200908373
438,Familiar...5,2000
439,Familiar...3,2777.885251853394
439,Per Capita,881.1146386705118
439,Familiar...5,2730
440,Familiar...3,2968.648490172508
440,Per Capita,979.999105610162
440,Familiar...5,2400
441,Familiar...3,3001.707337292401
441,Per Capita,972.030192113548
441,Familiar...5,2452.8355459468366
442,Familiar...3,3016.1373132999943
442,Per Capita,976.158219581429
442,Familiar...5,3044.220031372028
443,Familiar...3,2692.0499871590687
443,Per Capita,885.8143266276242
443,Familiar...5,2323.8951481988993
444,Familiar...3,2487.897106359433
444,Per Capita,837.4775806255761
444,Familiar...5,2323.8951481988993
445,Familiar...3,3966.507219164164
445,Per Capita,1365.234667883504
445,Familiar...5,3778.188723137328
446,Familiar...3,3906.7024259791624
446,Per Capita,1373.5413493059048
446,Familiar...5,3579.5773007233374
447,Familiar...3,5288.786070995936
447,Per Capita,2012.6977254423077
447,Familiar...5,4689.119012599244
448,Familiar...3,5128.978999798198
448,Per Capita,1943.6969134978658
448,Familiar...5,4209.082628655712
449,Familiar...3,5092.663071791303
449,Per Capita,1933.5520091421367
449,Familiar...5,4442.6219037445335
450,Familiar...3,3294.7080741034642
450,Per Capita,1074.6341417270341
450,Familiar...5,2750
451,Familiar...3,3621.960746523695
451,Per Capita,1227.1013160828472
451,Familiar...5,3044.220031372028
452,Familiar...3,2821.1302229319645
452,Per Capita,858.5424940525161
452,Familiar...5,2588.930150365536
453,Familiar...3,3212.031166518366
453,Per Capita,1018.9967876102702
453,Familiar...5,2884.1917969777733
454,Familiar...3,3059.3636091040494
454,Per Capita,972.483452519216
454,Familiar...5,2588.930150365536
455,Familiar...3,3644.441420412914
455,Per Capita,1277.832734175046
455,Familiar...5,2884.1917969777733
456,Familiar...3,2657.064592569312
456,Per Capita,886.6750870385424
456,Familiar...5,2323.8951481988993
457,Familiar...3,3001.7695995080594
457,Per Capita,976.510244887596
457,Familiar...5,2925.060426828402
458,Familiar...3,3105.4733293225254
458,Per Capita,1032.6053553520578
458,Familiar...5,3044.220031372028
459,Familiar...3,2489.3226841147607
459,Per Capita,812.5699328945362
459,Familiar...5,2452.8355459468366
460,Familiar...3,3846.9741468681373
460,Per Capita,1345.1606710815154
460,Familiar...5,3213.1273686852314
461,Familiar...3,3303.057945365964
461,Per Capita,1088.836415297667
461,Familiar...5,3213.1273686852314
462,Familiar...3,3086.812776332819
462,Per Capita,957.5232567450819
462,Familiar...5,2884.1917969777733
463,Familiar...3,2673.146702918173
463,Per Capita,824.6941619305044
463,Familiar...5,2588.930150365536
464,Familiar...3,2762.11961321205
464,Per Capita,879.0014773971844
464,Familiar...5,2170
465,Familiar...3,2910.134198102902
465,Per Capita,937.2401080044049
465,Familiar...5,2732.57590976586
466,Familiar...3,2448.8358774409876
466,Per Capita,770.6058460673728
466,Familiar...5,2400
467,Familiar...3,3222.0745077780075
467,Per Capita,1034.8390327386787
467,Familiar...5,3213.1273686852314
468,Familiar...3,2620.963633965014
468,Per Capita,801.6007347570372
468,Familiar...5,2452.8355459468366
469,Familiar...3,2495.1484810423744
469,Per Capita,837.0941045586411
469,Familiar...5,2201.7328755473914
470,Familiar...3,2422.4538686347278
470,Per Capita,743.4678962936724
470,Familiar...5,2500
471,Familiar...3,3035.535498135465
471,Per Capita,1040.734283279382
471,Familiar...5,2588.930150365536
472,Familiar...3,2537.148430466744
472,Per Capita,807.6612532347665
472,Familiar...5,2588.930150365536
473,Familiar...3,2794.7828957607276
473,Per Capita,869.6597437997112
473,Familiar...5,2452.8355459468366
474,Familiar...3,2007.2862456851576
474,Per Capita,655.0412428217245
474,Familiar...5,2323.8951481988993
475,Familiar...3,2570.924224938952
475,Per Capita,854.2890095210395
475,Familiar...5,2323.8951481988993
476,Familiar...3,3247.9027811775168
476,Per Capita,1061.6647247887313
476,Familiar...5,2465
477,Familiar...3,7150.346214859169
477,Per Capita,2405.8700300875794
477,Familiar...5,3579.5773007233374
478,Familiar...3,0
478,Per Capita,0
478,Familiar...5,0
479,Familiar...3,0
479,Per Capita,0
479,Familiar...5,0
480,Familiar...3,2924.937200481932
480,Per Capita,933.6147617568737
480,Familiar...5,2732.57590976586
481,Familiar...3,2785.2163120695486
481,Per Capita,887.2799392873628
481,Familiar...5,2700
482,Familiar...3,2771.314958173208
482,Per Capita,889.6097197026259
482,Familiar...5,2500
483,Familiar...3,17018.79139473448
483,Per Capita,5568.666490277158
483,Familiar...5,9882.971472499139
484,Familiar...3,2621.423345714436
484,Per Capita,851.8381912116344
484,Familiar...5,2500
485,Familiar...3,3051.3126670915062
485,Per Capita,1064.4221572807478
485,Familiar...5,2732.57590976586
486,Familiar...3,2516.6026737892757
486,Per Capita,794.65006961638
486,Familiar...5,2500
487,Familiar...3,4273.747654448417
487,Per Capita,1397.6465818382133
487,Familiar...5,3044.220031372028
488,Familiar...3,4124.8596626363
488,Per Capita,1245.9255753066363
488,Familiar...5,2323.8951481988993
489,Familiar...3,4800.422234536663
489,Per Capita,1857.67178208772
489,Familiar...5,4060
490,Familiar...3,4269.735081402091
490,Per Capita,1628.2952860503558
490,Familiar...5,3900
491,Familiar...3,5014.1550142338765
491,Per Capita,1712.1507456519166
491,Familiar...5,4000
492,Familiar...3,3757.5605054005964
492,Per Capita,1330.2542860803078
492,Familiar...5,3200
493,Familiar...3,2904.208702973629
493,Per Capita,856.4472871255645
493,Familiar...5,2700
494,Familiar...3,3653.6364857014605
494,Per Capita,1199.005793371125
494,Familiar...5,2732.57590976586
495,Familiar...3,3171.6688428906386
495,Per Capita,1009.653133879396
495,Familiar...5,2880
496,Familiar...3,3648.7073982050056
496,Per Capita,1213.2653808869873
496,Familiar...5,3579.5773007233374
497,Familiar...3,3736.7691153873525
497,Per Capita,1254.3084730618511
497,Familiar...5,3000
498,Familiar...3,3866.757344776563
498,Per Capita,1371.3657475347084
498,Familiar...5,3044.220031372028
499,Familiar...3,3077.5604269977584
499,Per Capita,1010.7809763573609
499,Familiar...5,2588.930150365536
500,Familiar...3,2632.9348004195085
500,Per Capita,886.2344426620045
500,Familiar...5,2588.930150365536
501,Familiar...3,3004.7197008460716
501,Per Capita,1003.7597409022236
501,Familiar...5,2437
502,Familiar...3,2721.2739355812323
502,Per Capita,865.2860827452319
502,Familiar...5,2689
503,Familiar...3,3268.0987755231163
503,Per Capita,1113.3566902656826
503,Familiar...5,2600
504,Familiar...3,2816.282247942724
504,Per Capita,953.542923423106
504,Familiar...5,2588.930150365536
505,Familiar...3,11613.309433328013
505,Per Capita,3800.7856378930783
505,Familiar...5,8964.25247532526
506,Familiar...3,5798.987336339151
506,Per Capita,1920.2685004115278
506,Familiar...5,5223.90246383501
507,Familiar...3,6828.629621214123
507,Per Capita,2205.3724431096753
507,Familiar...5,4949.292915471136
508,Familiar...3,2721.5773702043007
508,Per Capita,857.0481065930857
508,Familiar...5,2155
509,Familiar...3,1799.0801124975878
509,Per Capita,555.5743443903564
509,Familiar...5,1976.3361890594754
510,Familiar...3,0
510,Per Capita,0
510,Familiar...5,0
511,Familiar...3,2509.585316301638
511,Per Capita,752.6117395757707
511,Familiar...5,2452.8355459468366
512,Familiar...3,2901.3518776489805
512,Per Capita,904.6030949413761
512,Familiar...5,2732.57590976586
513,Familiar...3,7842.370865668731
513,Per Capita,2623.5971318816955
513,Familiar...5,4000
514,Familiar...3,2709.3738230741383
514,Per Capita,865.8519487918613
514,Familiar...5,2323.8951481988993
515,Familiar...3,2540.332857574674
515,Per Capita,800.6334024204451
515,Familiar...5,2380
516,Familiar...3,6011.560866299535
516,Per Capita,1912.2547607560155
516,Familiar...5,4209.082628655712
517,Familiar...3,2460.9445322246816
517,Per Capita,763.0054720876814
517,Familiar...5,2000
