COD_ZONA,TEMPO_MEDIO_VIAGEM,QTD
1,Coletivo,67.41106406208799
1,Individual,44.90085704475586
1,A pé,8.739020524632476
1,Bicicleta,15.190885300896328
2,Coletivo,77.51017135032248
2,Individual,58.36575713734289
2,A pé,12.013463563952051
2,Bicicleta,17.81973745078969
3,Coletivo,56.12148901509189
3,Individual,37.28289969235366
3,A pé,10.595235088829009
3,Bicicleta,10
4,Coletivo,69.98291358027096
4,Individual,29.72059872435006
4,A pé,14.302773459289497
4,Bicicleta,14.767142119388135
5,Coletivo,72.0671447720176
5,Individual,42.272191602081456
5,A pé,8.086454185350995
5,Bicicleta,24.252023671197612
6,Coletivo,64.24251606751042
6,Individual,45.60447846718796
6,A pé,10.148561025897664
6,Bicicleta,15.036523161911816
7,Coletivo,71.35034093708963
7,Individual,39.6297753338627
7,A pé,11.019936933600219
7,Bicicleta,36.117735560234365
8,Coletivo,63.76445204013969
8,Individual,52.27781666833006
8,A pé,13.116738321943526
8,Bicicleta,14.569589721715829
9,Coletivo,81.7727406244103
9,Individual,53.13339730696097
9,A pé,11.48738069044575
9,Bicicleta,37.640257526820136
10,Coletivo,63.40339428551853
10,Individual,21.04959835256805
10,A pé,11.367486803458313
10,Bicicleta,8.662690069784722
11,Coletivo,67.91443804997559
11,Individual,29.376031514534272
11,A pé,13.119525528114115
11,Bicicleta,15
12,Coletivo,79.99951381306936
12,Individual,39.738674649045535
12,A pé,11.477027750513477
12,Bicicleta,19.221336023953775
13,Coletivo,88.25682946961261
13,Individual,28.629854047058174
13,A pé,9.972856191729683
13,Bicicleta,10
14,Coletivo,78.44996762601167
14,Individual,57.997360005064536
14,A pé,9.660835919079755
14,Bicicleta,10.745241618112868
15,Coletivo,79.27670469127777
15,Individual,35.1505954394994
15,A pé,13.96218840765692
15,Bicicleta,13.929577566995423
16,Coletivo,67.68757284925547
16,Individual,43.324774946278886
16,A pé,11.662000451274912
16,Bicicleta,27.673742858576553
17,Coletivo,71.69529527020501
17,Individual,36.710870496796126
17,A pé,11.092762903981198
17,Bicicleta,16.783278663722427
18,Coletivo,76.27383283113834
18,Individual,30.79959154520057
18,A pé,12.545947907674913
18,Bicicleta,18.58547651631578
19,Coletivo,65.960439593552
19,Individual,24.388003135546764
19,A pé,10.808384423654658
19,Bicicleta,90
20,Coletivo,49.32898588493866
20,Individual,21.299695839818984
20,A pé,14.693135542448658
20,Bicicleta,10
21,Coletivo,54.09855919657451
21,Individual,20.248307402830388
21,A pé,9.118832659261285
21,Bicicleta,30
22,Coletivo,57.546885060835265
22,Individual,30.995033430378875
22,A pé,16.150493695979193
22,Bicicleta,29.341064598040454
23,Coletivo,75.74857830907985
23,Individual,46.65155499974903
23,A pé,9.533858191755781
23,Bicicleta,18.654539188566165
24,Coletivo,66.43968457447565
24,Individual,34.122888377034506
24,A pé,10.836906335672504
24,Bicicleta,26.630876563083394
25,Coletivo,63.61260158519785
25,Individual,25.09379251971782
25,A pé,14.54692747039809
25,Bicicleta,22.5
26,Coletivo,63.9239940663816
26,Individual,46.17387260867022
26,A pé,12.447629708295334
26,Bicicleta,14.316632732974545
27,Coletivo,75.14331677582035
27,Individual,32.33827909815149
27,A pé,12.847635018968262
27,Bicicleta,25.696187475164166
28,Coletivo,63.96506919461145
28,Individual,54.099136126557354
28,A pé,10.578070229383414
28,Bicicleta,25.740069682850507
29,Coletivo,73.36690503208408
29,Individual,38.221806657133016
29,A pé,10.388785740740705
29,Bicicleta,31.870409748741917
30,Coletivo,84.3814386788889
30,Individual,32.53265703684292
30,A pé,13.137615746948397
30,Bicicleta,26.258679177837074
31,Coletivo,61.981764740380335
31,Individual,32.960838843353336
31,A pé,11.077730267396388
31,Bicicleta,28.391395085949572
32,Coletivo,68.93786671382145
32,Individual,37.030932362821424
32,A pé,10.557775040052356
32,Bicicleta,28.87958290863409
33,Coletivo,87.68467147959329
33,Individual,28.431849754088162
33,A pé,16.958832780684155
33,Bicicleta,29.651463380868933
34,Coletivo,74.85774213283077
34,Individual,34.478583813308575
34,A pé,13.515448037672133
34,Bicicleta,27.21816795657846
35,Coletivo,61.68525755735605
35,Individual,34.55470961049349
35,A pé,15.421616674284842
35,Bicicleta,21.08869442473397
36,Coletivo,61.738799945306916
36,Individual,25.829123083549717
36,A pé,11.057225009057353
36,Bicicleta,13.073809650280738
37,Coletivo,83.88018767971809
37,Individual,35.71275922783291
37,A pé,10.785878688082452
37,Bicicleta,23.273465566342438
38,Coletivo,67.96320298375113
38,Individual,39.988933405969284
38,A pé,23.14463213501455
38,Bicicleta,0
39,Coletivo,70.58767196785983
39,Individual,29.799593178061457
39,A pé,10.366665499649788
39,Bicicleta,20
40,Coletivo,74.07581448751341
40,Individual,30.268174079273056
40,A pé,8.295197723972636
40,Bicicleta,36.66666666666667
41,Coletivo,63.3169623202977
41,Individual,34.418178357346996
41,A pé,9.303622343545328
41,Bicicleta,29.945857559812154
42,Coletivo,81.47822213655971
42,Individual,36.08446750711471
42,A pé,10.859430223919656
42,Bicicleta,22.763016865595898
43,Coletivo,64.29861452188048
43,Individual,29.936564184300607
43,A pé,13.555044686091172
43,Bicicleta,22.491816807863938
44,Coletivo,74.44461492791845
44,Individual,26.510558864049454
44,A pé,11.464842700579243
44,Bicicleta,15
45,Coletivo,68.4384067454433
45,Individual,34.53545787357469
45,A pé,9.289235935128284
45,Bicicleta,30.369276276298653
46,Coletivo,45.55791194393958
46,Individual,18.807817987994042
46,A pé,8.83626762365644
46,Bicicleta,30
47,Coletivo,67.35736192883421
47,Individual,22.64490181934916
47,A pé,10.691496923030073
47,Bicicleta,23.744180514655426
48,Coletivo,59.66341686359776
48,Individual,23.90636002700428
48,A pé,11.061354101408934
48,Bicicleta,22.444393853458067
49,Coletivo,69.02127092823895
49,Individual,27.448510521803282
49,A pé,12.764041226606423
49,Bicicleta,23.679422843995845
50,Coletivo,48.96643725153963
50,Individual,17.7420389092057
50,A pé,14.629689519742412
50,Bicicleta,20
51,Coletivo,56.62596009945356
51,Individual,21.03783326809932
51,A pé,13.343292678793738
51,Bicicleta,25
52,Coletivo,69.80146602616644
52,Individual,37.958326594189664
52,A pé,17.099857574295562
52,Bicicleta,0
53,Coletivo,70.99886934699413
53,Individual,29.703252266176285
53,A pé,13.120464467753655
53,Bicicleta,36.347477874905564
54,Coletivo,74.68262733187521
54,Individual,40.53370458745814
54,A pé,9.037599602489903
54,Bicicleta,52.8277351992939
55,Coletivo,70.24035140654813
55,Individual,32.064273569977075
55,A pé,11.274881375739804
55,Bicicleta,20
56,Coletivo,64.32100259987638
56,Individual,24.9225346307459
56,A pé,13.556756741854675
56,Bicicleta,30.240344787022845
57,Coletivo,73.50232142238954
57,Individual,26.620894268065598
57,A pé,10.948169391543214
57,Bicicleta,18.82407697829996
58,Coletivo,63.36608777074009
58,Individual,27.702567852340348
58,A pé,16.618938862596067
58,Bicicleta,30
59,Coletivo,53.82093339494342
59,Individual,28.901462209553106
59,A pé,9.790790665969581
59,Bicicleta,14.976760347705408
60,Coletivo,63.59159557541546
60,Individual,21.480594239618814
60,A pé,13.003460399944311
60,Bicicleta,17.292901820282943
61,Coletivo,63.44560528274505
61,Individual,30.308520009105965
61,A pé,12.782298935288773
61,Bicicleta,30
62,Coletivo,88.46220299556443
62,Individual,36.766463721684076
62,A pé,13.134412632725748
62,Bicicleta,20.38627866722562
63,Coletivo,86.36372463062848
63,Individual,42.58949492572814
63,A pé,15.11017513387281
63,Bicicleta,22.265746710015986
64,Coletivo,78.06578895377108
64,Individual,29.26802787838661
64,A pé,7.297045306837367
64,Bicicleta,17.72091849955532
65,Coletivo,75.89360748650499
65,Individual,26.1444361568007
65,A pé,8.94724265106697
65,Bicicleta,9.691384310312458
66,Coletivo,74.1508219070302
66,Individual,29.201293065749397
66,A pé,10.639238646785165
66,Bicicleta,32.99657825314272
67,Coletivo,72.00541427910485
67,Individual,26.829183116803538
67,A pé,10.965569622786388
67,Bicicleta,25
68,Coletivo,83.94984450107249
68,Individual,33.892001442943055
68,A pé,8.068402629192377
68,Bicicleta,23.00056144656763
69,Coletivo,80.3964130788852
69,Individual,32.860613805006416
69,A pé,6.993837038091171
69,Bicicleta,18.110503447813883
70,Coletivo,74.49040921857157
70,Individual,35.787480992776494
70,A pé,8.989639174079604
70,Bicicleta,18.58511804436019
71,Coletivo,65.33455067336595
71,Individual,27.41930862058647
71,A pé,10.897111871959464
71,Bicicleta,30.82386715924303
72,Coletivo,77.74306903680282
72,Individual,31.819162636115095
72,A pé,11.628467139491937
72,Bicicleta,22.13519054963515
73,Coletivo,80.17508446655503
73,Individual,41.69858960205672
73,A pé,7.00208094277151
73,Bicicleta,18.480692450255347
74,Coletivo,77.00493879480304
74,Individual,31.572124091720532
74,A pé,10.330590860830359
74,Bicicleta,18.15703870541795
75,Coletivo,93.38095651139076
75,Individual,31.301408867888963
75,A pé,9.864027581716398
75,Bicicleta,13.344168974929625
76,Coletivo,77.79291854098956
76,Individual,40.323739508064776
76,A pé,9.50222967032691
76,Bicicleta,25.699662352597517
77,Coletivo,75.92633578663983
77,Individual,30.245827067087653
77,A pé,11.348975435500957
77,Bicicleta,21.570939613350788
78,Coletivo,71.99893343367943
78,Individual,28.177542339682223
78,A pé,9.91103737027417
78,Bicicleta,36.18521759253077
79,Coletivo,78.27267986875373
79,Individual,43.64509042287809
79,A pé,8.792639008914012
79,Bicicleta,35.97597756219659
80,Coletivo,68.73914009149696
80,Individual,29.75613482475399
80,A pé,9.293431431584159
80,Bicicleta,20.59070826409491
81,Coletivo,87.26320124966298
81,Individual,29.865808006002357
81,A pé,8.194605783115525
81,Bicicleta,18.840575344714342
82,Coletivo,75.28124524903241
82,Individual,37.425251351909985
82,A pé,7.971320867050451
82,Bicicleta,22.137980683423148
83,Coletivo,65.17162166283073
83,Individual,25.5809100447003
83,A pé,10.42923962013228
83,Bicicleta,18.951957704834744
84,Coletivo,67.75404188015801
84,Individual,27.601537537254913
84,A pé,10.766773669797534
84,Bicicleta,22.718893497587032
85,Coletivo,56.49258596768466
85,Individual,23.46593554560053
85,A pé,9.214447432293392
85,Bicicleta,20
86,Coletivo,73.43795716339932
86,Individual,20.993516686899973
86,A pé,12.671295534511689
86,Bicicleta,18.353535757762977
87,Coletivo,60.47553141217163
87,Individual,21.48616727451042
87,A pé,12.164537604746924
87,Bicicleta,19.5529100543982
88,Coletivo,68.28313938251054
88,Individual,22.619060165293984
88,A pé,10.278922729317786
88,Bicicleta,31.252293860035394
89,Coletivo,64.50735279426796
89,Individual,23.12624739250251
89,A pé,12.344855600755645
89,Bicicleta,16.063711055826825
90,Coletivo,69.7863054968312
90,Individual,22.905803881064706
90,A pé,10.446206851733221
90,Bicicleta,21.048630880798406
91,Coletivo,72.79840381559727
91,Individual,36.26784109568028
91,A pé,10.241317673051169
91,Bicicleta,17.698641039518165
92,Coletivo,76.46130852720526
92,Individual,47.52199501730369
92,A pé,9.229404632351065
92,Bicicleta,15
93,Coletivo,77.12237371455026
93,Individual,30.268953877269276
93,A pé,11.081317521316215
93,Bicicleta,14.38847244738474
94,Coletivo,83.7760628647227
94,Individual,27.593413051660907
94,A pé,10.876525666813642
94,Bicicleta,30
95,Coletivo,59.04409036101782
95,Individual,19.82124332995879
95,A pé,9.775442608280798
95,Bicicleta,15.0096423223894
96,Coletivo,69.63903600260939
96,Individual,21.03438859322722
96,A pé,13.347385229949987
96,Bicicleta,26.080298564604124
97,Coletivo,81.51515004908327
97,Individual,25.218331594907294
97,A pé,11.116861751717204
97,Bicicleta,52.09632391858864
98,Coletivo,67.52906412763723
98,Individual,40.50982423883218
98,A pé,14.726049274192485
98,Bicicleta,19.54373779634553
99,Coletivo,73.34855656703415
99,Individual,36.481633097930185
99,A pé,8.602969651081583
99,Bicicleta,53.269018182513314
100,Coletivo,68.23058631112167
100,Individual,29.338659797332593
100,A pé,6.9896782444035415
100,Bicicleta,12.952871938935852
101,Coletivo,62.87872431894818
101,Individual,21.7248115727708
101,A pé,9.546382440155718
101,Bicicleta,20
102,Coletivo,53.700619807744836
102,Individual,23.083392943655785
102,A pé,14.371416432758819
102,Bicicleta,0
103,Coletivo,64.05747022870106
103,Individual,20.376209671139744
103,A pé,11.78728931619577
103,Bicicleta,0
104,Coletivo,64.83972477405355
104,Individual,29.228919206546955
104,A pé,10.8035343570063
104,Bicicleta,14.88412444735495
105,Coletivo,65.8660998681541
105,Individual,29.24543342691501
105,A pé,9.902911668284446
105,Bicicleta,0
106,Coletivo,81.69292412855876
106,Individual,42.91635761938126
106,A pé,8.939748829560681
106,Bicicleta,17.550140682163864
107,Coletivo,60.002438690554065
107,Individual,29.954995817832856
107,A pé,7.696710294321322
107,Bicicleta,22.776454600451622
108,Coletivo,94.52581963697041
108,Individual,39.073830598581246
108,A pé,9.99632486373121
108,Bicicleta,12.5
109,Coletivo,55.93003793236637
109,Individual,30.63337884289932
109,A pé,12.052170459861086
109,Bicicleta,10
110,Coletivo,61.80020820469834
110,Individual,24.056490858026176
110,A pé,9.926023229748944
110,Bicicleta,0
111,Coletivo,48.68870001787522
111,Individual,22.40514978696543
111,A pé,9.402107385539136
111,Bicicleta,11.158134567253573
112,Coletivo,57.487238965729645
112,Individual,28.487759375439907
112,A pé,12.369215088528803
112,Bicicleta,0
113,Coletivo,62.41300122064735
113,Individual,22.971404661388252
113,A pé,12.379755397992108
113,Bicicleta,0
114,Coletivo,0
114,Individual,0
114,A pé,30
114,Bicicleta,0
115,Coletivo,57.441724877811396
115,Individual,26.84224976073931
115,A pé,15.796393727589114
115,Bicicleta,0
116,Coletivo,55.441228929475585
116,Individual,25.89092249482032
116,A pé,11.664213181173176
116,Bicicleta,0
117,Coletivo,56.901090999023424
117,Individual,34.45658753199959
117,A pé,11.478088476576264
117,Bicicleta,0
118,Coletivo,77.48671189744906
118,Individual,29.215012782460533
118,A pé,12.421579247990477
118,Bicicleta,0
119,Coletivo,55.58681695619412
119,Individual,26.90983332783322
119,A pé,14.811893393320496
119,Bicicleta,0
120,Coletivo,0
120,Individual,0
120,A pé,0
120,Bicicleta,0
121,Coletivo,55.92479979372881
121,Individual,23.747477981110784
121,A pé,15.108493045826473
121,Bicicleta,0
122,Coletivo,55.00072647336668
122,Individual,29.488379214170877
122,A pé,13.20676090302333
122,Bicicleta,30
123,Coletivo,51.444705818329645
123,Individual,25.848177899525435
123,A pé,9.948987785298899
123,Bicicleta,0
124,Coletivo,53.63410464807683
124,Individual,22.835508270489957
124,A pé,14.734792638697487
124,Bicicleta,0
125,Coletivo,48.187202375252774
125,Individual,32.16765655411689
125,A pé,11.05631285612015
125,Bicicleta,20.876926844996152
126,Coletivo,53.81736676707811
126,Individual,26.016834153566947
126,A pé,11.972543502206792
126,Bicicleta,30
127,Coletivo,50.51049837518012
127,Individual,21.011611528263945
127,A pé,13.680530663846147
127,Bicicleta,27.253995155723587
128,Coletivo,70.55586090686663
128,Individual,26.76623424748252
128,A pé,10.116686959649016
128,Bicicleta,50
129,Coletivo,57.42970076012047
129,Individual,28.813763154856822
129,A pé,11.933821388226614
129,Bicicleta,0
130,Coletivo,68.63117222325471
130,Individual,37.381452846981006
130,A pé,17.36249664561322
130,Bicicleta,8.764896614704487
131,Coletivo,70.72327900039814
131,Individual,36.9787002653021
131,A pé,9.021887877273938
131,Bicicleta,74.60037028907998
132,Coletivo,64.50289784030599
132,Individual,37.55003230596841
132,A pé,15.663300306108098
132,Bicicleta,27.007209330223613
133,Coletivo,52.3154165627083
133,Individual,18.546407512731918
133,A pé,10.58006731372952
133,Bicicleta,25
134,Coletivo,55.83074632511904
134,Individual,18.910053447885552
134,A pé,10.775477201796143
134,Bicicleta,0
135,Coletivo,47.442815927452635
135,Individual,21.515165576295395
135,A pé,12.273902582980703
135,Bicicleta,20
136,Coletivo,58.75976911017823
136,Individual,24.208602155343428
136,A pé,10.242261126092634
136,Bicicleta,50
137,Coletivo,51.68722618255525
137,Individual,19.88345195946081
137,A pé,14.29750753702762
137,Bicicleta,10
138,Coletivo,57.771422890438814
138,Individual,29.12497259907577
138,A pé,10.956027101588168
138,Bicicleta,15
139,Coletivo,54.882737966504905
139,Individual,22.959099934996004
139,A pé,9.338236632861628
139,Bicicleta,54.411995981725156
140,Coletivo,63.10730660250969
140,Individual,28.031051892996125
140,A pé,10.434729280260555
140,Bicicleta,46.16848536842035
141,Coletivo,55.38210951492676
141,Individual,21.319068861900018
141,A pé,12.416645382997471
141,Bicicleta,35.68574037502378
142,Coletivo,49.88781377629305
142,Individual,22.96661352482056
142,A pé,9.70622797752326
142,Bicicleta,0
143,Coletivo,0
143,Individual,0
143,A pé,0
143,Bicicleta,0
144,Coletivo,49.65664655236588
144,Individual,31.343820843248906
144,A pé,13.277793654696099
144,Bicicleta,0
145,Coletivo,46.99297672392336
145,Individual,18.965759277803055
145,A pé,7.378449137460281
145,Bicicleta,40
146,Coletivo,0
146,Individual,0
146,A pé,0
146,Bicicleta,0
147,Coletivo,46.88122696462848
147,Individual,20.662712932820167
147,A pé,11.497934224769523
147,Bicicleta,60
148,Coletivo,43.67518127600941
148,Individual,18.22818629576089
148,A pé,13.42473858648447
148,Bicicleta,30
149,Coletivo,0
149,Individual,60
149,A pé,0
149,Bicicleta,30
150,Coletivo,57.52545976942191
150,Individual,29.64175124952138
150,A pé,12.799840601157007
150,Bicicleta,0
151,Coletivo,62.97815576126861
151,Individual,17.396210384471047
151,A pé,11.970371302428271
151,Bicicleta,36.842320568790974
152,Coletivo,44.120060629773846
152,Individual,22.73887701442608
152,A pé,11.648854947317144
152,Bicicleta,20
153,Coletivo,48.188368613211566
153,Individual,28.3267458973967
153,A pé,9.934863277454427
153,Bicicleta,0
154,Coletivo,52.899190409971304
154,Individual,23.34388742326729
154,A pé,11.00766621202276
154,Bicicleta,0
155,Coletivo,45.24855799925681
155,Individual,26.516697545485293
155,A pé,15.158144474334723
155,Bicicleta,15
156,Coletivo,49.14717004861359
156,Individual,18.825276422605242
156,A pé,11.151078168807258
156,Bicicleta,38.22639776742764
157,Coletivo,57.02932105821138
157,Individual,17.726134478073057
157,A pé,9.8746228926916
157,Bicicleta,15
158,Coletivo,48.323360175327466
158,Individual,29.623695159352472
158,A pé,16.079501329799577
158,Bicicleta,15
159,Coletivo,48.18008301221865
159,Individual,21.983681504259003
159,A pé,8.320901028716662
159,Bicicleta,0
160,Coletivo,45.87064619776818
160,Individual,26.569893355605714
160,A pé,17.03849878369539
160,Bicicleta,0
161,Coletivo,69.79085383353228
161,Individual,25.41942864358127
161,A pé,8.767371349180722
161,Bicicleta,9.854735794653589
162,Coletivo,61.79581701310249
162,Individual,30.516070463881423
162,A pé,13.7844865598077
162,Bicicleta,17.98265638232381
163,Coletivo,51.771217359735154
163,Individual,21.273122298083663
163,A pé,12.084129192913819
163,Bicicleta,9.86069811139209
164,Coletivo,75.1903117244536
164,Individual,46.87255465465041
164,A pé,13.620238366579134
164,Bicicleta,15.532822439213865
165,Coletivo,60.32430818649815
165,Individual,31.054565270343453
165,A pé,7.5935639273305195
165,Bicicleta,10
166,Coletivo,62.156479959823855
166,Individual,27.815105439849034
166,A pé,14.243840358263663
166,Bicicleta,0
167,Coletivo,68.22893926377934
167,Individual,32.87865421933866
167,A pé,11.449952059491652
167,Bicicleta,20
168,Coletivo,65.85385495419489
168,Individual,29.725681404423586
168,A pé,12.1557750496849
168,Bicicleta,0
169,Coletivo,68.45602957178257
169,Individual,24.031955455611104
169,A pé,10.762423591070005
169,Bicicleta,10
170,Coletivo,53.931149578260744
170,Individual,36.47710656553516
170,A pé,14.545748144539186
170,Bicicleta,14.46945097827065
171,Coletivo,50.497164696751675
171,Individual,25.6985530750657
171,A pé,13.08492020059105
171,Bicicleta,0
172,Coletivo,49.984873538989284
172,Individual,21.3703606734689
172,A pé,15.7066302415855
172,Bicicleta,20
173,Coletivo,63.147752370719125
173,Individual,24.503570405617577
173,A pé,12.61063763486881
173,Bicicleta,20
174,Coletivo,53.087234233658165
174,Individual,29.813927260256502
174,A pé,11.166074983359543
174,Bicicleta,15
175,Coletivo,47.70320465354689
175,Individual,20.00013139147023
175,A pé,11.724962556920271
175,Bicicleta,0
176,Coletivo,48.60524703356676
176,Individual,24.34518672501496
176,A pé,13.699425908542956
176,Bicicleta,0
177,Coletivo,46.71736461270141
177,Individual,26.5986067144251
177,A pé,10.392182827766506
177,Bicicleta,25.662174493508978
178,Coletivo,71.95931847999005
178,Individual,101.6789089358641
178,A pé,14.868742797825309
178,Bicicleta,0
179,Coletivo,0
179,Individual,0
179,A pé,0
179,Bicicleta,0
180,Coletivo,57.21031487795655
180,Individual,26.673404090870335
180,A pé,13.142041043756704
180,Bicicleta,16.642568010300785
181,Coletivo,53.65966391098472
181,Individual,20.513707351373927
181,A pé,16.512896998530675
181,Bicicleta,15
182,Coletivo,47.1985685036476
182,Individual,29.30147150177431
182,A pé,12.605905709760856
182,Bicicleta,42.51447041166317
183,Coletivo,59.595502917737534
183,Individual,19.86596294131656
183,A pé,13.598278660880842
183,Bicicleta,5
184,Coletivo,59.93202317398051
184,Individual,23.39150154756115
184,A pé,10.743754619137322
184,Bicicleta,10
185,Coletivo,52.29918522255568
185,Individual,33.744246231382725
185,A pé,11.131097450648232
185,Bicicleta,0
186,Coletivo,57.35371840587363
186,Individual,29.387909485152697
186,A pé,12.224916776083923
186,Bicicleta,0
187,Coletivo,69.55894340789338
187,Individual,24.155335607470438
187,A pé,11.961432844831567
187,Bicicleta,12.575237725353983
188,Coletivo,48.880666841039655
188,Individual,25.279507121777968
188,A pé,14.2279963471898
188,Bicicleta,60
189,Coletivo,56.66875784091278
189,Individual,16.876214028385693
189,A pé,13.45581664494361
189,Bicicleta,0
190,Coletivo,47.74195358666923
190,Individual,26.640369782043674
190,A pé,15.155410254292805
190,Bicicleta,0
191,Coletivo,51.71578500349632
191,Individual,45.57846546428236
191,A pé,16.01227031299916
191,Bicicleta,0
192,Coletivo,54.380277724244806
192,Individual,28.080121110097902
192,A pé,12.443181750413423
192,Bicicleta,0
193,Coletivo,61.821319548036975
193,Individual,26.673529921640824
193,A pé,17.551775755822582
193,Bicicleta,66.4863931330411
194,Coletivo,56.07017256038288
194,Individual,34.29045730393115
194,A pé,10.197396980473423
194,Bicicleta,0
195,Coletivo,67.6328705031149
195,Individual,16.655102166332334
195,A pé,11.615909666573266
195,Bicicleta,0
196,Coletivo,56.332324769289706
196,Individual,22.254433751056826
196,A pé,13.109313065479641
196,Bicicleta,37.5
197,Coletivo,56.42862405975689
197,Individual,21.572160986206434
197,A pé,13.438103511349949
197,Bicicleta,15
198,Coletivo,51.26991188573255
198,Individual,22.31711307784527
198,A pé,11.727518610657285
198,Bicicleta,15
199,Coletivo,56.06957798513841
199,Individual,18.544706716887003
199,A pé,8.317212023314285
199,Bicicleta,10
200,Coletivo,73.32923548748506
200,Individual,29.127717202522078
200,A pé,11.320751478364391
200,Bicicleta,16.170265875194666
201,Coletivo,60.04260145213204
201,Individual,22.424750863835918
201,A pé,11.419871253001519
201,Bicicleta,10
202,Coletivo,67.6783744823127
202,Individual,21.52778563295071
202,A pé,12.809070778425871
202,Bicicleta,15
203,Coletivo,65.15956592393563
203,Individual,33.92876880652441
203,A pé,13.774656055525224
203,Bicicleta,0
204,Coletivo,71.83117647240489
204,Individual,21.01109176719259
204,A pé,14.269457329419636
204,Bicicleta,7.76035471360122
205,Coletivo,83.11885650413255
205,Individual,31.012566257965283
205,A pé,10.227409439392884
205,Bicicleta,58.4419744277737
206,Coletivo,53.20894133443358
206,Individual,20.112378197715813
206,A pé,13.758195089061838
206,Bicicleta,13.658852378326287
207,Coletivo,64.3134599577148
207,Individual,34.38647218825971
207,A pé,14.86747572420132
207,Bicicleta,5
208,Coletivo,57.84009170884872
208,Individual,23.649985038204278
208,A pé,12.587026142164605
208,Bicicleta,21.233383012582195
209,Coletivo,53.33568172212179
209,Individual,23.342732628536677
209,A pé,12.53145175183234
209,Bicicleta,0
210,Coletivo,65.35084619210936
210,Individual,23.112875829389008
210,A pé,13.440980288618466
210,Bicicleta,20
211,Coletivo,46.26963649177208
211,Individual,20.457724064445053
211,A pé,11.307015165593052
211,Bicicleta,22.918894505164698
212,Coletivo,56.942094218935715
212,Individual,19.702398201159614
212,A pé,11.459790760712217
212,Bicicleta,0
213,Coletivo,55.15795384568767
213,Individual,23.275706203069387
213,A pé,11.112816096384828
213,Bicicleta,0
214,Coletivo,48.78040159446299
214,Individual,24.721141497792214
214,A pé,12.20841239377135
214,Bicicleta,20
215,Coletivo,49.4840641670952
215,Individual,18.943871143170913
215,A pé,12.985753095196557
215,Bicicleta,0
216,Coletivo,47.10785055814742
216,Individual,23.617462143277333
216,A pé,13.223294428861383
216,Bicicleta,0
217,Coletivo,50.60589772566622
217,Individual,22.184332966072066
217,A pé,12.958207334921818
217,Bicicleta,0
218,Coletivo,53.41128634206973
218,Individual,22.391945076116468
218,A pé,12.416874092847527
218,Bicicleta,0
219,Coletivo,61.5586978749353
219,Individual,14.42093921209249
219,A pé,7.678145081605049
219,Bicicleta,10
220,Coletivo,54.72094707811471
220,Individual,19.2862853533651
220,A pé,17.408780178007667
220,Bicicleta,60
221,Coletivo,56.86067922188238
221,Individual,19.032881253321285
221,A pé,11.294696560245717
221,Bicicleta,35
222,Coletivo,58.46008952408717
222,Individual,20.571745391334826
222,A pé,12.050646895247755
222,Bicicleta,0
223,Coletivo,63.95724801494524
223,Individual,17.48229368223819
223,A pé,14.673957845254337
223,Bicicleta,0
224,Coletivo,82.16200904865346
224,Individual,18.5576555569923
224,A pé,9.358579011285206
224,Bicicleta,0
225,Coletivo,67.7674650140613
225,Individual,29.867225363236994
225,A pé,9.3246859773163
225,Bicicleta,0
226,Coletivo,59.83283238817799
226,Individual,14.704452596480571
226,A pé,12.932291067197788
226,Bicicleta,0
227,Coletivo,58.69798576618095
227,Individual,17.95070945572211
227,A pé,15.092720915138106
227,Bicicleta,0
228,Coletivo,68.65267495073873
228,Individual,20.092846799555645
228,A pé,11.000101210239349
228,Bicicleta,10
229,Coletivo,62.849610208520005
229,Individual,18.54849499580637
229,A pé,11.615816824799253
229,Bicicleta,10
230,Coletivo,79.86717479582438
230,Individual,22.962182584560537
230,A pé,11.254127239542798
230,Bicicleta,0
231,Coletivo,56.03166103888252
231,Individual,24.495079287543167
231,A pé,11.520416974231615
231,Bicicleta,0
232,Coletivo,56.753898098707985
232,Individual,28.171108357715333
232,A pé,10.643879355111293
232,Bicicleta,70
233,Coletivo,70.10519543714804
233,Individual,30.352195345296536
233,A pé,12.358561173754518
233,Bicicleta,7.133825846403729
234,Coletivo,64.34149118581345
234,Individual,31.558546740893696
234,A pé,11.87353285740943
234,Bicicleta,40
235,Coletivo,54.941431639235795
235,Individual,23.475585304840077
235,A pé,12.063409339751162
235,Bicicleta,5
236,Coletivo,69.036321963467
236,Individual,22.018102441640938
236,A pé,10.870209827982988
236,Bicicleta,30
237,Coletivo,49.18684444114648
237,Individual,26.5941333144963
237,A pé,15.558834227127791
237,Bicicleta,15
238,Coletivo,61.504163945271614
238,Individual,19.134172727775116
238,A pé,17.54980475432755
238,Bicicleta,20
239,Coletivo,62.28971520166201
239,Individual,25.272170425482482
239,A pé,9.897716663910629
239,Bicicleta,10.6464409411752
240,Coletivo,66.88827808527644
240,Individual,23.28343520801928
240,A pé,10.443126221864839
240,Bicicleta,18.25416383420004
241,Coletivo,76.3896309426131
241,Individual,28.321792112764705
241,A pé,11.404463239506716
241,Bicicleta,14.719529148594921
242,Coletivo,70.96369119715791
242,Individual,28.546597208847327
242,A pé,16.219496344146165
242,Bicicleta,19.489693261489826
243,Coletivo,44.55710704058057
243,Individual,25.075927089245518
243,A pé,10.82309118051882
243,Bicicleta,15
244,Coletivo,55.38500615102067
244,Individual,17.959690108194156
244,A pé,15.823394158997973
244,Bicicleta,10
245,Coletivo,56.27223349412825
245,Individual,34.62989185458031
245,A pé,15.49772142799164
245,Bicicleta,0
246,Coletivo,43.23381253354416
246,Individual,25.069797677513392
246,A pé,14.476512455294076
246,Bicicleta,0
247,Coletivo,55.2161394613653
247,Individual,26.136959208035446
247,A pé,11.291208140907672
247,Bicicleta,0
248,Coletivo,106.48505100346149
248,Individual,55.529652607848455
248,A pé,20
248,Bicicleta,15
249,Coletivo,48.156063931223756
249,Individual,18.595220715623544
249,A pé,14.649761276294088
249,Bicicleta,15
250,Coletivo,58.18200796843823
250,Individual,27.374396863154576
250,A pé,13.978282511923204
250,Bicicleta,20
251,Coletivo,59.67705419262304
251,Individual,26.166395241422485
251,A pé,11.28034004100275
251,Bicicleta,0
252,Coletivo,48.18146260906756
252,Individual,27.403082685809494
252,A pé,11.939092456365707
252,Bicicleta,0
253,Coletivo,70.41649001423455
253,Individual,27.770888200052998
253,A pé,13.838382622577338
253,Bicicleta,20.406695255222022
254,Coletivo,63.37275181206563
254,Individual,22.26601069596803
254,A pé,11.1896790002231
254,Bicicleta,15
255,Coletivo,64.30074231166064
255,Individual,16.936220787314788
255,A pé,11.656387974441193
255,Bicicleta,18.398938962521495
256,Coletivo,61.86700285832295
256,Individual,21.45033852011661
256,A pé,18.048965910214193
256,Bicicleta,0
257,Coletivo,54.501721787193674
257,Individual,27.387231821371863
257,A pé,12.531347164373033
257,Bicicleta,0
258,Coletivo,53.199708252380034
258,Individual,23.0325700850818
258,A pé,14.132281106704317
258,Bicicleta,29.686621163209637
259,Coletivo,47.34223657609256
259,Individual,19.775980691444236
259,A pé,11.867423106125749
259,Bicicleta,20
260,Coletivo,68.4112940559159
260,Individual,31.06204466588673
260,A pé,16.386897247697227
260,Bicicleta,15.229327736599515
261,Coletivo,48.6017932317652
261,Individual,20.535961177218198
261,A pé,12.414283219298879
261,Bicicleta,5
262,Coletivo,59.411636433645555
262,Individual,20.597412826700037
262,A pé,16.45199483917714
262,Bicicleta,45.21389016616255
263,Coletivo,54.06444327385202
263,Individual,29.139905949658104
263,A pé,15.566405479517286
263,Bicicleta,0
264,Coletivo,60.01407507696865
264,Individual,31.61911435786099
264,A pé,13.34572710805845
264,Bicicleta,31.983525252990624
265,Coletivo,56.321822840546886
265,Individual,21.069261100273785
265,A pé,10.741196301831152
265,Bicicleta,0
266,Coletivo,58.19162613266656
266,Individual,38.96642717632434
266,A pé,15.447446725036475
266,Bicicleta,0
267,Coletivo,56.96916168901376
267,Individual,27.577869644619696
267,A pé,16.189264485346197
267,Bicicleta,20
268,Coletivo,52.340606033277794
268,Individual,28.86750781198535
268,A pé,11.993426312504997
268,Bicicleta,19.887538356043
269,Coletivo,75.33111110899512
269,Individual,23.88230883004776
269,A pé,10.179875378006656
269,Bicicleta,12.325450181138407
270,Coletivo,61.46969051438964
270,Individual,31.470444035537525
270,A pé,10.951192001866069
270,Bicicleta,0
271,Coletivo,98.94978856476635
271,Individual,55.30498492471966
271,A pé,18.502051088890486
271,Bicicleta,0
272,Coletivo,56.61470792770392
272,Individual,29.79181216782716
272,A pé,13.635183076476123
272,Bicicleta,12
273,Coletivo,49.37443100065152
273,Individual,20.30935520470199
273,A pé,13.46593284976821
273,Bicicleta,0
274,Coletivo,59.07230251375845
274,Individual,19.978571331174123
274,A pé,13.368609108096635
274,Bicicleta,25
275,Coletivo,49.58568293858973
275,Individual,23.790186627854077
275,A pé,11.851950822545517
275,Bicicleta,0
276,Coletivo,45.002514582778986
276,Individual,19.61679831265071
276,A pé,11.754159517486961
276,Bicicleta,0
277,Coletivo,47.27981004915638
277,Individual,21.320028728779914
277,A pé,11.37175921137492
277,Bicicleta,15
278,Coletivo,54.89932399101467
278,Individual,23.631208396541243
278,A pé,11.857847767803143
278,Bicicleta,10
279,Coletivo,47.56153520721208
279,Individual,37.93346957285235
279,A pé,11.368007252242814
279,Bicicleta,0
280,Coletivo,64.2335404580995
280,Individual,31.582774180195162
280,A pé,16.69022126703403
280,Bicicleta,52.67946847767568
281,Coletivo,57.16369854214225
281,Individual,23.107946824985515
281,A pé,11.281078352838502
281,Bicicleta,0
282,Coletivo,65.6560730145906
282,Individual,27.755224969854673
282,A pé,9.344796814434002
282,Bicicleta,0
283,Coletivo,68.91606972892158
283,Individual,28.76935679906708
283,A pé,11.254182347957398
283,Bicicleta,10
284,Coletivo,40.6284658343279
284,Individual,32.83628636107712
284,A pé,8.579785696995584
284,Bicicleta,0
285,Coletivo,57.49725667893569
285,Individual,23.492657866288905
285,A pé,12.786417277486605
285,Bicicleta,0
286,Coletivo,62.96210637197793
286,Individual,26.716210704739765
286,A pé,19.275893829152047
286,Bicicleta,10
287,Coletivo,57.2866830844466
287,Individual,22.95001667047581
287,A pé,16.315781405705668
287,Bicicleta,18.671048247679472
288,Coletivo,48.49736670965832
288,Individual,32.02442002194769
288,A pé,14.519238010910243
288,Bicicleta,20
289,Coletivo,52.471908819963495
289,Individual,36.192814281379995
289,A pé,11.564715552801408
289,Bicicleta,25
290,Coletivo,59.830285121856186
290,Individual,27.976279043257783
290,A pé,13.860565975087072
290,Bicicleta,0
291,Coletivo,54.38334212015519
291,Individual,26.285152429811856
291,A pé,14.88109878556173
291,Bicicleta,0
292,Coletivo,64.10926024777548
292,Individual,22.932589055070007
292,A pé,10.243210028906823
292,Bicicleta,0
293,Coletivo,60.61770154284165
293,Individual,30.41479222674287
293,A pé,15.551284594265452
293,Bicicleta,30
294,Coletivo,64.26869525853947
294,Individual,47.33961746591577
294,A pé,17.519610194762077
294,Bicicleta,0
295,Coletivo,64.86890836298528
295,Individual,28.64968987776909
295,A pé,14.350823512046992
295,Bicicleta,5
296,Coletivo,60.42438890353056
296,Individual,34.087474862758114
296,A pé,11.704088176441985
296,Bicicleta,20
297,Coletivo,77.0567347404377
297,Individual,29.451610483125144
297,A pé,12.347212667084468
297,Bicicleta,20
298,Coletivo,70.3441711339053
298,Individual,31.582552237454163
298,A pé,14.16350812950302
298,Bicicleta,25.245855190869044
299,Coletivo,91.11036170833293
299,Individual,38.13626792903308
299,A pé,7.034171812145622
299,Bicicleta,0
300,Coletivo,71.01733722868656
300,Individual,31.381993307843604
300,A pé,12.444490803809522
300,Bicicleta,24.65224594923037
301,Coletivo,70.39529805927161
301,Individual,27.94078968383949
301,A pé,10.956516624065191
301,Bicicleta,30
302,Coletivo,66.8186837679681
302,Individual,34.16264035069811
302,A pé,10.952188674406045
302,Bicicleta,50
303,Coletivo,61.95282472879871
303,Individual,34.07181900828053
303,A pé,11.791185723431651
303,Bicicleta,31.146992613962922
304,Coletivo,55.46902164979242
304,Individual,27.661677473607412
304,A pé,11.84215520623584
304,Bicicleta,50
305,Coletivo,64.5985932359246
305,Individual,32.00162117037823
305,A pé,10.734758680823806
305,Bicicleta,0
306,Coletivo,55.909091047725504
306,Individual,43.69545416818158
306,A pé,9.478370649022384
306,Bicicleta,0
307,Coletivo,76.11753929691429
307,Individual,29.647140362854348
307,A pé,9.362984559222932
307,Bicicleta,0
308,Coletivo,56.560540445618834
308,Individual,26.583988155201688
308,A pé,9.928201327675211
308,Bicicleta,0
309,Coletivo,67.67776860617349
309,Individual,30.49359038694467
309,A pé,14.501611715875
309,Bicicleta,15
310,Coletivo,52.24919509248505
310,Individual,24.09854125098419
310,A pé,14.071989231349717
310,Bicicleta,0
311,Coletivo,59.474072456264906
311,Individual,24.740415069763497
311,A pé,12.062835066465352
311,Bicicleta,0
312,Coletivo,46.44555668911828
312,Individual,20.616712046882764
312,A pé,11.720646485029974
312,Bicicleta,0
313,Coletivo,63.65120660303532
313,Individual,24.568120607491135
313,A pé,11.83139198541202
313,Bicicleta,0
314,Coletivo,51.15133476221748
314,Individual,23.528220185679928
314,A pé,12.929734674776773
314,Bicicleta,0
315,Coletivo,59.30469142325861
315,Individual,26.2273006926676
315,A pé,12.080920200357944
315,Bicicleta,26.522380442220545
316,Coletivo,71.85220928506449
316,Individual,27.90255547915548
316,A pé,15.710312562614302
316,Bicicleta,29.022075043540177
317,Coletivo,106.38419066378167
317,Individual,34.52133071858783
317,A pé,6.893123932271571
317,Bicicleta,30
318,Coletivo,67.85338172015948
318,Individual,29.12931003656243
318,A pé,9.192743524933746
318,Bicicleta,0
319,Coletivo,82.68514443928342
319,Individual,37.801246472556834
319,A pé,13.01273127228714
319,Bicicleta,18.313173338218867
320,Coletivo,63.27496429327531
320,Individual,31.967502782929134
320,A pé,18.106564496349556
320,Bicicleta,20
321,Coletivo,57.474456172853394
321,Individual,26.496458951034366
321,A pé,12.95950885287296
321,Bicicleta,30
322,Coletivo,53.45349975624084
322,Individual,21.590025247284935
322,A pé,17.246415464981986
322,Bicicleta,43.865826600492014
323,Coletivo,53.554276448426826
323,Individual,22.337862277642834
323,A pé,10.518947138055433
323,Bicicleta,0
324,Coletivo,49.6187722001215
324,Individual,29.895675325206394
324,A pé,17.262838126366848
324,Bicicleta,0
325,Coletivo,52.09354586460726
325,Individual,17.525969047228596
325,A pé,9.299976608031278
325,Bicicleta,40
326,Coletivo,63.923762275112054
326,Individual,21.004669964462032
326,A pé,11.659852734779832
326,Bicicleta,40
327,Coletivo,50.27679705552795
327,Individual,27.02608749277322
327,A pé,15.577803296182113
327,Bicicleta,0
328,Coletivo,67.80616674578198
328,Individual,22.438550950304094
328,A pé,12.210313808762336
328,Bicicleta,0
329,Coletivo,57.84011322019588
329,Individual,24.71697167578659
329,A pé,13.794606326235975
329,Bicicleta,20.91526562623174
330,Coletivo,57.512996177241284
330,Individual,22.60354347469681
330,A pé,13.549507816225024
330,Bicicleta,0
331,Coletivo,47.847074942189955
331,Individual,20.236676390851546
331,A pé,11.725919742660492
331,Bicicleta,15
332,Coletivo,64.46308631526065
332,Individual,27.500524539839272
332,A pé,11.046823739253574
332,Bicicleta,15
333,Coletivo,67.4957667555537
333,Individual,30.15179271092639
333,A pé,9.216465042060024
333,Bicicleta,0
334,Coletivo,46.4271278194362
334,Individual,23.934102743823495
334,A pé,15.556933043080848
334,Bicicleta,50
335,Coletivo,49.94680832652409
335,Individual,22.55998867546041
335,A pé,13.494876479966447
335,Bicicleta,29.04672646940688
336,Coletivo,51.94184631864639
336,Individual,24.532140898704743
336,A pé,13.446869335657933
336,Bicicleta,15
337,Coletivo,44.75833147788562
337,Individual,26.062048055556986
337,A pé,13.049439688314706
337,Bicicleta,15
338,Coletivo,74.14376090219258
338,Individual,35.128881427741085
338,A pé,14.709421170618864
338,Bicicleta,44.08136735520454
339,Coletivo,77.91344872583487
339,Individual,38.756021838423244
339,A pé,16.631128665288102
339,Bicicleta,33.50552614820515
340,Coletivo,72.85386417757204
340,Individual,30.149235268762403
340,A pé,10.336524430916686
340,Bicicleta,16.169332505273065
341,Coletivo,49.90727951516452
341,Individual,28.152604129803056
341,A pé,12.203598497387683
341,Bicicleta,19.05596893332607
342,Coletivo,51.72534358527426
342,Individual,26.356040033148165
342,A pé,16.803390051623236
342,Bicicleta,47.5729778957086
343,Coletivo,49.39073386508097
343,Individual,21.178941144590635
343,A pé,17.821462272316467
343,Bicicleta,0
344,Coletivo,64.82942907869928
344,Individual,23.209011686112067
344,A pé,11.69326359302484
344,Bicicleta,0
345,Coletivo,46.166625398053334
345,Individual,32.42600160495443
345,A pé,14.804544376511636
345,Bicicleta,10
346,Coletivo,0
346,Individual,17.04041483494263
346,A pé,0
346,Bicicleta,0
347,Coletivo,47.63839794232133
347,Individual,27.656507769894326
347,A pé,13.65537756102097
347,Bicicleta,8.321715347269908
348,Coletivo,67.41729279158926
348,Individual,29.17272324797353
348,A pé,16.10606133963137
348,Bicicleta,90
349,Coletivo,0
349,Individual,60
349,A pé,0
349,Bicicleta,0
350,Coletivo,49.625401328232925
350,Individual,29.150781471934888
350,A pé,20.733549785354192
350,Bicicleta,0
351,Coletivo,57.80714962257554
351,Individual,22.015966065731526
351,A pé,15.080538623804166
351,Bicicleta,0
352,Coletivo,39.85552983227664
352,Individual,24.062238793556606
352,A pé,24.717140785134106
352,Bicicleta,0
353,Coletivo,65
353,Individual,0
353,A pé,0
353,Bicicleta,0
354,Coletivo,0
354,Individual,60
354,A pé,0
354,Bicicleta,0
355,Coletivo,65.89498153033676
355,Individual,11.566956384092212
355,A pé,12.087292575197571
355,Bicicleta,10
356,Coletivo,71.14420465445679
356,Individual,28.100447403388504
356,A pé,12.87323222782495
356,Bicicleta,0
357,Coletivo,85.88727646533218
357,Individual,19.093438789933643
357,A pé,15.107458918997104
357,Bicicleta,0
358,Coletivo,51.70428708791712
358,Individual,25.399849940831487
358,A pé,16.13719616506409
358,Bicicleta,30.632360188124157
359,Coletivo,46.565070695335855
359,Individual,23.541532036874667
359,A pé,19.893511849949967
359,Bicicleta,0
360,Coletivo,55.15947009857987
360,Individual,36.101968224393325
360,A pé,22.921827485897616
360,Bicicleta,31.80869240126437
361,Coletivo,44.39908459226793
361,Individual,19.64967202562898
361,A pé,13.64080889276826
361,Bicicleta,5
362,Coletivo,54.43793354827689
362,Individual,27.46239086830467
362,A pé,10.650047136206453
362,Bicicleta,0
363,Coletivo,50.181325986234874
363,Individual,22.448914148769248
363,A pé,10.908353458527795
363,Bicicleta,16.262493025651295
364,Coletivo,63.64439665196198
364,Individual,36.140964978472404
364,A pé,17.96581472676722
364,Bicicleta,22.5
365,Coletivo,56.954085310934595
365,Individual,33.34599317445224
365,A pé,15.01116801069461
365,Bicicleta,20
366,Coletivo,63.84639240594125
366,Individual,26.295301146847603
366,A pé,12.84871359957891
366,Bicicleta,70
367,Coletivo,47.59786841621598
367,Individual,19.335201829562234
367,A pé,9.750225937844794
367,Bicicleta,10
368,Coletivo,51.009446212388305
368,Individual,21.289119394517453
368,A pé,11.85508997726023
368,Bicicleta,0
369,Coletivo,39.63957839310297
369,Individual,16.008206641912633
369,A pé,12.98815378476674
369,Bicicleta,0
370,Coletivo,38.44638771903906
370,Individual,21.97476837321373
370,A pé,15.708880455111634
370,Bicicleta,20
371,Coletivo,46.54234478581342
371,Individual,14.882951611770295
371,A pé,11.876328449597775
371,Bicicleta,17.701762596636673
372,Coletivo,44.31763519184043
372,Individual,23.317738218357583
372,A pé,7.585738157824159
372,Bicicleta,0
373,Coletivo,48.86735404250259
373,Individual,16.71293924682481
373,A pé,13.066473456931913
373,Bicicleta,10
374,Coletivo,65.44864263013609
374,Individual,56.65079107666124
374,A pé,52.14978975497846
374,Bicicleta,0
375,Coletivo,48.04383182161529
375,Individual,22.818430580340703
375,A pé,10.211018835523177
375,Bicicleta,19.63407188612754
376,Coletivo,47.92810858549873
376,Individual,28.897588960926175
376,A pé,12.667958958372262
376,Bicicleta,10.297222990232791
377,Coletivo,60.42307530777214
377,Individual,25.45746171887398
377,A pé,11.907184556192185
377,Bicicleta,39.879758144889216
378,Coletivo,59.87379999500497
378,Individual,32.698987319642185
378,A pé,11.407365860291838
378,Bicicleta,45.09269194249241
379,Coletivo,38.527111844675595
379,Individual,21.21171702120751
379,A pé,9.996750010241692
379,Bicicleta,10
380,Coletivo,45.04582513915491
380,Individual,21.095253195691207
380,A pé,13.311512722591054
380,Bicicleta,10
381,Coletivo,0
381,Individual,0
381,A pé,0
381,Bicicleta,0
382,Coletivo,42.70184081576583
382,Individual,19.84009795486445
382,A pé,11.986560094216353
382,Bicicleta,22.465987780040734
383,Coletivo,41.33999079696844
383,Individual,22.09683736872485
383,A pé,9.305598747699568
383,Bicicleta,0
384,Coletivo,57.52537476140667
384,Individual,30.392037373410226
384,A pé,9.976559316413322
384,Bicicleta,0
385,Coletivo,0
385,Individual,60
385,A pé,45
385,Bicicleta,0
386,Coletivo,55.01544788651129
386,Individual,37.23343864973674
386,A pé,12.593561664395498
386,Bicicleta,10
387,Coletivo,51.82639777581154
387,Individual,26.570430152602814
387,A pé,13.182717813514072
387,Bicicleta,27.081216619711974
388,Coletivo,43.07695844802793
388,Individual,23.89273311693443
388,A pé,10.596215168915123
388,Bicicleta,30
389,Coletivo,48.349521463683544
389,Individual,19.516216631260882
389,A pé,12.26392185056513
389,Bicicleta,29.03688144804555
390,Coletivo,35.30353979320447
390,Individual,25.372728289796797
390,A pé,12.89142245339033
390,Bicicleta,16.95819401249949
391,Coletivo,63.85566441055089
391,Individual,21.089843102100037
391,A pé,9.525540411506151
391,Bicicleta,0
392,Coletivo,77.74365321833932
392,Individual,0
392,A pé,0
392,Bicicleta,0
393,Coletivo,71.87597713907054
393,Individual,24.408186220408606
393,A pé,13.072758358439884
393,Bicicleta,20
394,Coletivo,73.02911294890679
394,Individual,33.941039405690205
394,A pé,8.634781489960126
394,Bicicleta,25
395,Coletivo,54.15916397237986
395,Individual,22.067577136892318
395,A pé,14.696419928258116
395,Bicicleta,22.685489206038802
396,Coletivo,70.89302756095503
396,Individual,20.148291619320954
396,A pé,12.965892088319665
396,Bicicleta,24.10813977991836
397,Coletivo,50.1218887224659
397,Individual,24.67114386169998
397,A pé,14.607466152237482
397,Bicicleta,24.387473442584998
398,Coletivo,72.18592437703764
398,Individual,23.10525710874855
398,A pé,13.288307856641659
398,Bicicleta,25.736315367235022
399,Coletivo,66.34284180265782
399,Individual,31.506635371670576
399,A pé,11.172922275212732
399,Bicicleta,30
400,Coletivo,68.54536427039365
400,Individual,32.272882145721255
400,A pé,10.469943690258656
400,Bicicleta,22.728629679070217
401,Coletivo,51.064788876058266
401,Individual,20.840710909921302
401,A pé,15.80061652369843
401,Bicicleta,22.619585209002416
402,Coletivo,58.97237332004019
402,Individual,37.68576980328467
402,A pé,12.62035530136984
402,Bicicleta,32.26793678054907
403,Coletivo,58.664221631335614
403,Individual,27.262406780960752
403,A pé,10.982533022644887
403,Bicicleta,21.89333899796007
404,Coletivo,53.22486547604815
404,Individual,16.47364572224679
404,A pé,15.497252216249038
404,Bicicleta,21.855192075753397
405,Coletivo,58.164495582244896
405,Individual,21.95984120985871
405,A pé,19.42970528892715
405,Bicicleta,28.2557940084708
406,Coletivo,52.41619210477796
406,Individual,21.495029489368623
406,A pé,20.333535552663548
406,Bicicleta,26.580944447257206
407,Coletivo,55.96694586404647
407,Individual,18.15460402945354
407,A pé,13.416599470401566
407,Bicicleta,30.82705536945134
408,Coletivo,62.83064445096789
408,Individual,28.814373332568394
408,A pé,18.30101561188232
408,Bicicleta,30
409,Coletivo,68.23504682415187
409,Individual,27.366998719292916
409,A pé,12.520988584808949
409,Bicicleta,0
410,Coletivo,68.53150495031105
410,Individual,21.1700782623029
410,A pé,15.292058098330712
410,Bicicleta,90.60591948700014
411,Coletivo,48.85478808843743
411,Individual,21.00510927997895
411,A pé,8.171474803333531
411,Bicicleta,20
412,Coletivo,50.553462943448565
412,Individual,25.906575489853513
412,A pé,16.850293467398007
412,Bicicleta,20
413,Coletivo,50.33847808213492
413,Individual,31.364853417799438
413,A pé,11.55206873215938
413,Bicicleta,40
414,Coletivo,36.578690074154125
414,Individual,21.95612710036606
414,A pé,16.561352091601726
414,Bicicleta,30.53402462669751
415,Coletivo,89.94271929953489
415,Individual,20.73823155322263
415,A pé,10.414355960122453
415,Bicicleta,17.749657751227566
416,Coletivo,31.94355614163565
416,Individual,29.8113170706478
416,A pé,12.578903282117242
416,Bicicleta,16.850752408560922
417,Coletivo,52.87581782207555
417,Individual,17.59536887311613
417,A pé,13.59952007746867
417,Bicicleta,11.045068334686997
418,Coletivo,53.373264635155714
418,Individual,19.959265523096605
418,A pé,15.418558470659587
418,Bicicleta,0
419,Coletivo,48.65252840705818
419,Individual,22.04080166451036
419,A pé,14.808479897440105
419,Bicicleta,13.001321490931238
420,Coletivo,52.7590301802178
420,Individual,29.719814463451566
420,A pé,13.838937148366764
420,Bicicleta,28.306574784194552
421,Coletivo,60.6338619812545
421,Individual,34.10878229455807
421,A pé,12.952242908320125
421,Bicicleta,16
422,Coletivo,53.5046605147547
422,Individual,24.432916904796283
422,A pé,15.08199752545112
422,Bicicleta,73.52018381681123
423,Coletivo,42.10638457434539
423,Individual,26.977133383985773
423,A pé,14.633597355013983
423,Bicicleta,0
424,Coletivo,58.98003731892088
424,Individual,24.261263460788477
424,A pé,16.47502357733157
424,Bicicleta,0
425,Coletivo,64.14297623928407
425,Individual,18.62115553108355
425,A pé,10.266418933198782
425,Bicicleta,20
426,Coletivo,53.83745059719064
426,Individual,21.006866135954702
426,A pé,17.324287239614243
426,Bicicleta,8.284954080067617
427,Coletivo,55.632254331183326
427,Individual,23.572471487599397
427,A pé,14.952248006023774
427,Bicicleta,0
428,Coletivo,57.50635435144281
428,Individual,17.989558633613925
428,A pé,10.472203419980714
428,Bicicleta,10
429,Coletivo,50.39090528184911
429,Individual,21.1588999769307
429,A pé,11.45446707120223
429,Bicicleta,0
430,Coletivo,76.08714855730422
430,Individual,16.91663859334184
430,A pé,11.699866062905173
430,Bicicleta,60
431,Coletivo,50.09111084001466
431,Individual,19.663483034637743
431,A pé,15.36182708197242
431,Bicicleta,50
432,Coletivo,59.201501883284315
432,Individual,20.72369076642698
432,A pé,13.174290364015787
432,Bicicleta,0
433,Coletivo,43.706929494020784
433,Individual,19.591671995743027
433,A pé,9.536315734734625
433,Bicicleta,56.47693252206018
434,Coletivo,62.60234143063277
434,Individual,49.85111823488919
434,A pé,14.818604613749429
434,Bicicleta,5
435,Coletivo,57.855277970910656
435,Individual,28.105998989505615
435,A pé,12.623161631067285
435,Bicicleta,0
436,Coletivo,43.49756301849777
436,Individual,23.20948163768779
436,A pé,12.572405084040607
436,Bicicleta,0
437,Coletivo,57.20208317199502
437,Individual,20.24437222990571
437,A pé,14.823649854729295
437,Bicicleta,0
438,Coletivo,56.53886383020726
438,Individual,20.571822959580654
438,A pé,13.276643595074873
438,Bicicleta,0
439,Coletivo,63.55671163359379
439,Individual,32.54668968874483
439,A pé,16.653219107670562
439,Bicicleta,0
440,Coletivo,54.71060226972468
440,Individual,25.578888134719517
440,A pé,14.28687963491184
440,Bicicleta,14.600598190227347
441,Coletivo,41.3964589084894
441,Individual,22.00799827000583
441,A pé,13.348505750440724
441,Bicicleta,30
442,Coletivo,60.92502510851247
442,Individual,32.28385678344459
442,A pé,15.651865969461504
442,Bicicleta,38.31599359993312
443,Coletivo,44.4906332890472
443,Individual,25.912787433642496
443,A pé,15.302628807104877
443,Bicicleta,0
444,Coletivo,48.933962777179374
444,Individual,24.580114232654726
444,A pé,15.242311200996346
444,Bicicleta,0
445,Coletivo,43.46027965739842
445,Individual,28.060418897942032
445,A pé,14.860334184778093
445,Bicicleta,0
446,Coletivo,57.5488171189613
446,Individual,26.148789085944298
446,A pé,12.731644059742003
446,Bicicleta,23.166973799641802
447,Coletivo,50.92468218134857
447,Individual,26.56161008905881
447,A pé,10.335960299009384
447,Bicicleta,27.997556416842727
448,Coletivo,47.27884633917678
448,Individual,22.000795093734354
448,A pé,11.696081239595287
448,Bicicleta,10.665090314237329
449,Coletivo,49.50683862869429
449,Individual,23.83176745066242
449,A pé,17.025815514747283
449,Bicicleta,10
450,Coletivo,44.65173992990222
450,Individual,27.650785857480425
450,A pé,10.934080510728267
450,Bicicleta,25
451,Coletivo,42.503263132623545
451,Individual,27.70608083744425
451,A pé,12.506352077543221
451,Bicicleta,0
452,Coletivo,47.60690435175302
452,Individual,25.66991557376202
452,A pé,10.018882113368717
452,Bicicleta,15
453,Coletivo,41.172728618610186
453,Individual,28.441567582349517
453,A pé,13.094557989858457
453,Bicicleta,0
454,Coletivo,48.85563413775637
454,Individual,28.48153770670839
454,A pé,9.22988929947639
454,Bicicleta,32.104293508400175
455,Coletivo,52.97979166139251
455,Individual,22.9120765516237
455,A pé,15.428618896400058
455,Bicicleta,17.95673416147075
456,Coletivo,48.77646390257994
456,Individual,20.638854492558774
456,A pé,12.631099384507882
456,Bicicleta,5
457,Coletivo,47.476104150041195
457,Individual,17.758046743316314
457,A pé,11.936943125507085
457,Bicicleta,17.945965127438797
458,Coletivo,47.65117753180208
458,Individual,22.083784346763988
458,A pé,14.064737302040784
458,Bicicleta,50
459,Coletivo,43.190815363549554
459,Individual,28.753307562456413
459,A pé,14.161536003030214
459,Bicicleta,0
460,Coletivo,57.62119501750951
460,Individual,22.660925293393618
460,A pé,16.17179567561044
460,Bicicleta,40
461,Coletivo,59.195213570335056
461,Individual,18.293564400218113
461,A pé,12.109122046410937
461,Bicicleta,42.09283317958489
462,Coletivo,54.111991516296285
462,Individual,24.364280109069945
462,A pé,12.263641397227937
462,Bicicleta,30.068391581799197
463,Coletivo,44.955008775180296
463,Individual,25.660950609238995
463,A pé,10.114451270431918
463,Bicicleta,0
464,Coletivo,67.53415605783148
464,Individual,28.73865059855889
464,A pé,10.96532413361865
464,Bicicleta,0
465,Coletivo,72.18695832194177
465,Individual,22.146464926753502
465,A pé,12.051467163192267
465,Bicicleta,17.29151149176643
466,Coletivo,44.09125051753588
466,Individual,34.620257487336545
466,A pé,14.1498336297106
466,Bicicleta,30
467,Coletivo,61.8318844827332
467,Individual,29.136678376544708
467,A pé,11.408254261012104
467,Bicicleta,40
468,Coletivo,58.08808529971355
468,Individual,20.930665382540926
468,A pé,14.175131961638352
468,Bicicleta,12.91832829974083
469,Coletivo,45.66484929243771
469,Individual,32.701446873532305
469,A pé,20.949950055318112
469,Bicicleta,0
470,Coletivo,47.131074984283714
470,Individual,23.22389617627621
470,A pé,15.214136580171822
470,Bicicleta,30
471,Coletivo,46.3957362644339
471,Individual,28.089491730234418
471,A pé,11.853693917669213
471,Bicicleta,0
472,Coletivo,56.73577389438459
472,Individual,16.401676744300573
472,A pé,17.708486219410933
472,Bicicleta,30
473,Coletivo,65.7119720406835
473,Individual,40.70344143938953
473,A pé,21.360254550865957
473,Bicicleta,16.666666666666668
474,Coletivo,52.028090656928626
474,Individual,24.435901147347582
474,A pé,17.859880679787196
474,Bicicleta,0
475,Coletivo,39.48953205608602
475,Individual,22.42166751489416
475,A pé,14.992428598097254
475,Bicicleta,15
476,Coletivo,43.403293350481114
476,Individual,21.71770885209809
476,A pé,13.715331829174804
476,Bicicleta,30
477,Coletivo,55.5632099323949
477,Individual,30.671042733921038
477,A pé,8.652302402031996
477,Bicicleta,7.413543693572244
478,Coletivo,68.22788939752819
478,Individual,37.12617495545573
478,A pé,8.206508658863166
478,Bicicleta,0
479,Coletivo,75.63994889491995
479,Individual,22.60313723715064
479,A pé,27.132750110101572
479,Bicicleta,0
480,Coletivo,43.82548632872996
480,Individual,18.298287494496982
480,A pé,9.096390486177814
480,Bicicleta,20
481,Coletivo,62.45838591298915
481,Individual,19.93061963224431
481,A pé,9.839840174600893
481,Bicicleta,0
482,Coletivo,57.475277927093565
482,Individual,23.281095100764112
482,A pé,12.777819280541618
482,Bicicleta,20.043871375214533
483,Coletivo,73.49032292076973
483,Individual,31.78805786248515
483,A pé,19.97154912275208
483,Bicicleta,0
484,Coletivo,51.00317989785634
484,Individual,29.920422322332925
484,A pé,14.007716245479655
484,Bicicleta,0
485,Coletivo,53.348683042682026
485,Individual,24.967146956811828
485,A pé,14.014952556723548
485,Bicicleta,30
486,Coletivo,60.82976881735874
486,Individual,20.334800714044192
486,A pé,11.006852443722048
486,Bicicleta,0
487,Coletivo,53.77530336684905
487,Individual,21.218046797029334
487,A pé,9.577704984233154
487,Bicicleta,50
488,Coletivo,50.6229057187447
488,Individual,32.65461914077897
488,A pé,13.418333290107128
488,Bicicleta,0
489,Coletivo,56.729111115466715
489,Individual,38.84814478603133
489,A pé,10.718191380156314
489,Bicicleta,0
490,Coletivo,55.78347014697695
490,Individual,28.64286274116734
490,A pé,11.35003189532227
490,Bicicleta,30
491,Coletivo,75.48674466622735
491,Individual,26.88761735940677
491,A pé,15.394830415718246
491,Bicicleta,30
492,Coletivo,58.65398951097233
492,Individual,26.172948216187788
492,A pé,10.597167788769463
492,Bicicleta,15
493,Coletivo,51.41209957308244
493,Individual,31.770696502578733
493,A pé,13.015982155365426
493,Bicicleta,15
494,Coletivo,56.15827692969289
494,Individual,27.603639316068044
494,A pé,12.438433948405848
494,Bicicleta,0
495,Coletivo,49.79826750680096
495,Individual,28.365437095617906
495,A pé,12.978227162201733
495,Bicicleta,27.70804430584771
496,Coletivo,64.28197920925726
496,Individual,18.631183620352456
496,A pé,11.72629191273728
496,Bicicleta,10
497,Coletivo,46.75323895648322
497,Individual,26.061484932374814
497,A pé,11.645292016548805
497,Bicicleta,13.382038479267724
498,Coletivo,57.0161367139926
498,Individual,24.887250872190528
498,A pé,15.557339250501654
498,Bicicleta,40
499,Coletivo,51.08488408148905
499,Individual,25.492201979046435
499,A pé,14.235831886052177
499,Bicicleta,18.382497096820238
500,Coletivo,48.40420393696948
500,Individual,21.435224830908027
500,A pé,14.391312379452657
500,Bicicleta,7.5
501,Coletivo,53.36959055796683
501,Individual,23.6664036713067
501,A pé,10.291480522465424
501,Bicicleta,9
502,Coletivo,68.2970822258373
502,Individual,39.87926933326562
502,A pé,13.701724343301173
502,Bicicleta,30
503,Coletivo,63.878282360081265
503,Individual,26.770112629135248
503,A pé,7.313547174490996
503,Bicicleta,0
504,Coletivo,70.08793035910597
504,Individual,18.138994987445574
504,A pé,11.148292542006272
504,Bicicleta,0
505,Coletivo,82.35218331503322
505,Individual,29.691424411841737
505,A pé,14.29314682352837
505,Bicicleta,0
506,Coletivo,63.08855843727709
506,Individual,31.44549548629041
506,A pé,11.749509102983513
506,Bicicleta,15
507,Coletivo,75.744267865204975
507,Individual,26.497739623294166
507,A pé,16.210069296919038
507,Bicicleta,0
508,Coletivo,49.08771619944076
508,Individual,25.540729459390533
508,A pé,14.808749383998075
508,Bicicleta,60
509,Coletivo,62.450876291617135
509,Individual,29.943293341980738
509,A pé,7.33932014586018
509,Bicicleta,0
510,Coletivo,0
510,Individual,0
510,A pé,0
510,Bicicleta,0
511,Coletivo,61.3077434873743
511,Individual,26.859228644366503
511,A pé,17.006334246008546
511,Bicicleta,60
512,Coletivo,49.760327198244084
512,Individual,26.7928996990388
512,A pé,20.274653824542504
512,Bicicleta,0
513,Coletivo,73.8118676945719
513,Individual,28.49663952175013
513,A pé,8.981860990389231
513,Bicicleta,60
514,Coletivo,63.53113618789152
514,Individual,17.66974922989152
514,A pé,13.51049140723487
514,Bicicleta,25
515,Coletivo,63.863890904218806
515,Individual,29.437886747729497
515,A pé,14.051754586565043
515,Bicicleta,22.159686930003943
516,Coletivo,48.96271808701005
516,Individual,28.185479459887638
516,A pé,7.115746495245073
516,Bicicleta,15
517,Coletivo,48.68507128215872
517,Individual,32.94263454324101
517,A pé,14.138487157478187
517,Bicicleta,0
