COD_ZONA,TIPO_VIAGEM,QTD
1,Coletivo,99471.99258128203
1,Individual,17176.130259037145
1,Modo Motorizado,116648.12284031918
1,Modo Não Motorizado,43854.802375346946
2,Coletivo,82266.1449344575
2,Individual,27434.252889691543
2,Modo Motorizado,109700.39782414904
2,Modo Não Motorizado,27531.337605891276
3,Coletivo,29068.262533236957
3,Individual,9807.025846492987
3,Modo Motorizado,38875.288379729944
3,Modo Não Motorizado,24095.70260197221
4,Coletivo,33109.633565239536
4,Individual,16763.50921624805
4,Modo Motorizado,49873.142781487586
4,Modo Não Motorizado,28310.826162456353
5,Coletivo,107280.83762024311
5,Individual,25663.30332200844
5,Modo Motorizado,132944.14094225154
5,Modo Não Motorizado,53275.47525595571
6,Coletivo,56126.557125791835
6,Individual,17890.3586355368
6,Modo Motorizado,74016.91576132864
6,Modo Não Motorizado,35774.25718559929
7,Coletivo,42235.57497917277
7,Individual,18592.39410341666
7,Modo Motorizado,60827.969082589436
7,Modo Não Motorizado,32333.045996642737
8,Coletivo,11976.481818335453
8,Individual,7883.015073368646
8,Modo Motorizado,19859.496891704097
8,Modo Não Motorizado,20363.208871255443
9,Coletivo,20488.67043689982
9,Individual,7261.051377059108
9,Modo Motorizado,27749.72181395893
9,Modo Não Motorizado,8519.089813889057
10,Coletivo,15796.613206142489
10,Individual,3570.1650242741366
10,Modo Motorizado,19366.778230416625
10,Modo Não Motorizado,4523.181087934929
11,Coletivo,3883.940692390329
11,Individual,5743.496914802447
11,Modo Motorizado,9627.437607192776
11,Modo Não Motorizado,1775.6030647594396
12,Coletivo,18773.407094339615
12,Individual,10554.424019984079
12,Modo Motorizado,29327.831114323693
12,Modo Não Motorizado,16808.002225664444
13,Coletivo,12453.880764394205
13,Individual,8518.542951322645
13,Modo Motorizado,20972.42371571685
13,Modo Não Motorizado,4158.344617555441
14,Coletivo,36373.16456133
14,Individual,14547.361359586479
14,Modo Motorizado,50920.52592091648
14,Modo Não Motorizado,15575.103797435972
15,Coletivo,21627.737725493505
15,Individual,5714.589092176558
15,Modo Motorizado,27342.326817670062
15,Modo Não Motorizado,8824.448484069731
16,Coletivo,25491.84101754194
16,Individual,8085.760734490795
16,Modo Motorizado,33577.60175203274
16,Modo Não Motorizado,15068.968214694223
17,Coletivo,14957.455238437256
17,Individual,5718.622985383214
17,Modo Motorizado,20676.07822382047
17,Modo Não Motorizado,10948.509385511697
18,Coletivo,29334.57708057899
18,Individual,24920.538644717555
18,Modo Motorizado,54255.11572529655
18,Modo Não Motorizado,20251.905020296268
19,Coletivo,17713.90988468215
19,Individual,28505.323788334896
19,Modo Motorizado,46219.23367301705
19,Modo Não Motorizado,11461.105479930578
20,Coletivo,17236.200734714494
20,Individual,15467.889231721452
20,Modo Motorizado,32704.089966435946
20,Modo Não Motorizado,14378.71826393709
21,Coletivo,13317.581337825282
21,Individual,21354.149295342744
21,Modo Motorizado,34671.73063316803
21,Modo Não Motorizado,9759.17769881872
22,Coletivo,15055.728214527808
22,Individual,9972.509368645196
22,Modo Motorizado,25028.237583173002
22,Modo Não Motorizado,12014.930385465897
23,Coletivo,45842.87702465226
23,Individual,16064.29124642881
23,Modo Motorizado,61907.16827108107
23,Modo Não Motorizado,12108.94092295286
24,Coletivo,56883.651072304536
24,Individual,14043.096456581712
24,Modo Motorizado,70926.74752888625
24,Modo Não Motorizado,18771.107319049686
25,Coletivo,14183.213019754407
25,Individual,8016.467998817443
25,Modo Motorizado,22199.68101857185
25,Modo Não Motorizado,18430.51138055285
26,Coletivo,20283.32362933073
26,Individual,16946.839294174184
26,Modo Motorizado,37230.16292350492
26,Modo Não Motorizado,17277.395793150426
27,Coletivo,56911.107294352354
27,Individual,30529.871837618124
27,Modo Motorizado,87440.97913197048
27,Modo Não Motorizado,30356.41812784708
28,Coletivo,37406.072142460005
28,Individual,21680.160182775217
28,Modo Motorizado,59086.23232523522
28,Modo Não Motorizado,17085.168269558348
29,Coletivo,49318.592412757636
29,Individual,23254.70934562542
29,Modo Motorizado,72573.30175838305
29,Modo Não Motorizado,22364.536774594286
30,Coletivo,20697.694170125254
30,Individual,21143.410643278865
30,Modo Motorizado,41841.10481340412
30,Modo Não Motorizado,21273.86756618444
31,Coletivo,62489.95731853499
31,Individual,27313.277429885264
31,Modo Motorizado,89803.23474842025
31,Modo Não Motorizado,29228.65087825574
32,Coletivo,62854.693296158555
32,Individual,17388.119415719608
32,Modo Motorizado,80242.81271187816
32,Modo Não Motorizado,31890.578382281677
33,Coletivo,2904.1431618195775
33,Individual,2535.05591061876
33,Modo Motorizado,5439.199072438338
33,Modo Não Motorizado,1489.9156128855288
34,Coletivo,7396.098941932667
34,Individual,17211.185753674486
34,Modo Motorizado,24607.28469560715
34,Modo Não Motorizado,7249.8699652442865
35,Coletivo,47010.16685292323
35,Individual,23231.368897911827
35,Modo Motorizado,70241.53575083506
35,Modo Não Motorizado,44093.36181032617
36,Coletivo,49194.10370466132
36,Individual,34563.87411298651
36,Modo Motorizado,83757.97781764783
36,Modo Não Motorizado,28889.986706504766
37,Coletivo,15945.698939615633
37,Individual,11601.313966633956
37,Modo Motorizado,27547.01290624959
37,Modo Não Motorizado,6227.445734239866
38,Coletivo,3256.745919412958
38,Individual,4207.923800737692
38,Modo Motorizado,7464.6697201506495
38,Modo Não Motorizado,4710.48954754526
39,Coletivo,15725.061346604996
39,Individual,7528.340779880651
39,Modo Motorizado,23253.40212648565
39,Modo Não Motorizado,3854.7314196796965
40,Coletivo,22626.204634726542
40,Individual,8754.563798194127
40,Modo Motorizado,31380.768432920668
40,Modo Não Motorizado,10884.75206484166
41,Coletivo,32104.011692423566
41,Individual,20954.353536981664
41,Modo Motorizado,53058.36522940523
41,Modo Não Motorizado,28242.815340022487
42,Coletivo,14834.960850080935
42,Individual,7530.154577523995
42,Modo Motorizado,22365.11542760493
42,Modo Não Motorizado,6989.634050762346
43,Coletivo,63648.71901942659
43,Individual,26279.760816354865
43,Modo Motorizado,89928.47983578146
43,Modo Não Motorizado,19403.174567982274
44,Coletivo,22844.20629286449
44,Individual,24871.56202985796
44,Modo Motorizado,47715.76832272245
44,Modo Não Motorizado,12601.382743798289
45,Coletivo,37890.447269780365
45,Individual,33564.60607893943
45,Modo Motorizado,71455.0533487198
45,Modo Não Motorizado,27264.784165842535
46,Coletivo,25168.21819380871
46,Individual,19453.44556075091
46,Modo Motorizado,44621.66375455962
46,Modo Não Motorizado,27228.2058416034
47,Coletivo,9423.54740015209
47,Individual,18377.998911063023
47,Modo Motorizado,27801.546311215112
47,Modo Não Motorizado,15640.736975102694
48,Coletivo,18540.65762083443
48,Individual,19246.92038386397
48,Modo Motorizado,37787.5780046984
48,Modo Não Motorizado,11373.557367945488
49,Coletivo,31671.43624364732
49,Individual,15164.771767091159
49,Modo Motorizado,46836.20801073848
49,Modo Não Motorizado,13363.161996345496
50,Coletivo,4743.235700260615
50,Individual,8985.975279253746
50,Modo Motorizado,13729.21097951436
50,Modo Não Motorizado,3072.782883557291
51,Coletivo,10796.922814475438
51,Individual,13095.179497638008
51,Modo Motorizado,23892.102312113446
51,Modo Não Motorizado,6067.92270150064
52,Coletivo,25042.42145420904
52,Individual,9928.541602024437
52,Modo Motorizado,34970.96305623348
52,Modo Não Motorizado,7004.622941476732
53,Coletivo,34909.749023371034
53,Individual,20064.82631552265
53,Modo Motorizado,54974.57533889369
53,Modo Não Motorizado,10803.61829096365
54,Coletivo,41146.28811863564
54,Individual,27624.16945554046
54,Modo Motorizado,68770.45757417611
54,Modo Não Motorizado,21127.70485665848
55,Coletivo,20819.831771617304
55,Individual,22880.805336648875
55,Modo Motorizado,43700.63710826618
55,Modo Não Motorizado,6764.919587151535
56,Coletivo,32368.675800258276
56,Individual,24532.381645123423
56,Modo Motorizado,56901.057445381695
56,Modo Não Motorizado,19951.8312520632
57,Coletivo,45464.108120621975
57,Individual,35204.673699046936
57,Modo Motorizado,80668.78181966892
57,Modo Não Motorizado,29945.908350408936
58,Coletivo,28276.881748644635
58,Individual,13884.011906414276
58,Modo Motorizado,42160.89365505891
58,Modo Não Motorizado,13478.399094180002
59,Coletivo,72043.31734706093
59,Individual,42645.531459447106
59,Modo Motorizado,114688.84880650803
59,Modo Não Motorizado,49772.236021917575
60,Coletivo,22198.049303386124
60,Individual,36525.36039928421
60,Modo Motorizado,58723.40970267034
60,Modo Não Motorizado,10624.674162778867
61,Coletivo,31090.237033705682
61,Individual,26940.327571833936
61,Modo Motorizado,58030.56460553962
61,Modo Não Motorizado,18050.212641948754
62,Coletivo,23844.732800829403
62,Individual,18534.542833523297
62,Modo Motorizado,42379.2756343527
62,Modo Não Motorizado,6357.334052071242
63,Coletivo,22513.021383142885
63,Individual,13197.628744493788
63,Modo Motorizado,35710.650127636676
63,Modo Não Motorizado,2433.241854417572
64,Coletivo,35778.24885871557
64,Individual,41709.566308141664
64,Modo Motorizado,77487.81516685724
64,Modo Não Motorizado,27117.963554633763
65,Coletivo,17404.889808661694
65,Individual,36515.05253329273
65,Modo Motorizado,53919.94234195442
65,Modo Não Motorizado,14411.221555160493
66,Coletivo,24181.318564822097
66,Individual,30059.52993264558
66,Modo Motorizado,54240.848497467676
66,Modo Não Motorizado,5697.380529497875
67,Coletivo,13475.583992029911
67,Individual,11558.542127087083
67,Modo Motorizado,25034.126119116994
67,Modo Não Motorizado,7670.5927049026195
68,Coletivo,58880.900050808115
68,Individual,54948.74758262287
68,Modo Motorizado,113829.64763343098
68,Modo Não Motorizado,58021.20712703614
69,Coletivo,19827.54848322456
69,Individual,23714.877804405016
69,Modo Motorizado,43542.426287629576
69,Modo Não Motorizado,17183.315555743233
70,Coletivo,22800.58372683482
70,Individual,19583.122332747604
70,Modo Motorizado,42383.70605958242
70,Modo Não Motorizado,12212.032106228977
71,Coletivo,20325.044827333408
71,Individual,31199.104307199526
71,Modo Motorizado,51524.149134532934
71,Modo Não Motorizado,15171.523863942677
72,Coletivo,24099.13014969966
72,Individual,23315.622993975772
72,Modo Motorizado,47414.753143675436
72,Modo Não Motorizado,13522.260730009206
73,Coletivo,71212.25725242107
73,Individual,50135.30881598618
73,Modo Motorizado,121347.56606840725
73,Modo Não Motorizado,59947.278732397775
74,Coletivo,37004.40351404218
74,Individual,18492.01853190389
74,Modo Motorizado,55496.42204594606
74,Modo Não Motorizado,21120.773050243708
75,Coletivo,15563.113591749338
75,Individual,15363.591111424063
75,Modo Motorizado,30926.7047031734
75,Modo Não Motorizado,11823.590368391733
76,Coletivo,16785.296103374476
76,Individual,23386.402121572377
76,Modo Motorizado,40171.69822494686
76,Modo Não Motorizado,10539.709017481033
77,Coletivo,46209.977511721525
77,Individual,28954.269696346804
77,Modo Motorizado,75164.24720806832
77,Modo Não Motorizado,20821.4214126354
78,Coletivo,20990.682255177533
78,Individual,22412.47550004558
78,Modo Motorizado,43403.15775522312
78,Modo Não Motorizado,14816.399512181215
79,Coletivo,62268.930879274725
79,Individual,34715.09956921643
79,Modo Motorizado,96984.03044849116
79,Modo Não Motorizado,28407.25301682251
80,Coletivo,32730.179516912394
80,Individual,24305.468036644474
80,Modo Motorizado,57035.64755355687
80,Modo Não Motorizado,23812.291994099996
81,Coletivo,35258.2244833453
81,Individual,32349.499810083402
81,Modo Motorizado,67607.7242934287
81,Modo Não Motorizado,19813.199801074756
82,Coletivo,82419.55553084002
82,Individual,47170.11483572594
82,Modo Motorizado,129589.67036656596
82,Modo Não Motorizado,34252.493098370636
83,Coletivo,36362.65034067257
83,Individual,31073.853174353615
83,Modo Motorizado,67436.50351502618
83,Modo Não Motorizado,22719.45906366077
84,Coletivo,16453.740372874832
84,Individual,24539.45678757882
84,Modo Motorizado,40993.19716045365
84,Modo Não Motorizado,13595.157989865611
85,Coletivo,7483.831545782513
85,Individual,8753.465704156735
85,Modo Motorizado,16237.297249939249
85,Modo Não Motorizado,4129.540702685396
86,Coletivo,4606.49646535722
86,Individual,3860.289266020314
86,Modo Motorizado,8466.785731377533
86,Modo Não Motorizado,1861.2258118596233
87,Coletivo,16757.87804790121
87,Individual,19365.906458566395
87,Modo Motorizado,36123.78450646761
87,Modo Não Motorizado,8380.34380935596
88,Coletivo,24778.781213979928
88,Individual,48055.219625755446
88,Modo Motorizado,72834.00083973538
88,Modo Não Motorizado,31119.435750763114
89,Coletivo,8373.527319507131
89,Individual,8652.941746086863
89,Modo Motorizado,17026.469065593992
89,Modo Não Motorizado,3592.7041049212967
90,Coletivo,11251.820888865985
90,Individual,23236.26190478475
90,Modo Motorizado,34488.082793650734
90,Modo Não Motorizado,10574.875644854534
91,Coletivo,42866.906976873826
91,Individual,13614.85238797636
91,Modo Motorizado,56481.759364850186
91,Modo Não Motorizado,4992.920613797434
92,Coletivo,13322.698964834559
92,Individual,9496.063274379112
92,Modo Motorizado,22818.76223921367
92,Modo Não Motorizado,8698.049390464432
93,Coletivo,85968.32805263891
93,Individual,20237.276301819682
93,Modo Motorizado,106205.6043544586
93,Modo Não Motorizado,13711.41046108285
94,Coletivo,24240.473840708146
94,Individual,16506.059579077668
94,Modo Motorizado,40746.53341978582
94,Modo Não Motorizado,13076.228408072824
95,Coletivo,11893.409827763358
95,Individual,21653.211711514094
95,Modo Motorizado,33546.621539277454
95,Modo Não Motorizado,8963.474593897385
96,Coletivo,12703.918205943033
96,Individual,17044.595731267967
96,Modo Motorizado,29748.513937211
96,Modo Não Motorizado,4178.74318668434
97,Coletivo,15249.114257710695
97,Individual,21429.691867880316
97,Modo Motorizado,36678.806125591014
97,Modo Não Motorizado,7097.4147660983
98,Coletivo,8982.886163263393
98,Individual,4522.799407373098
98,Modo Motorizado,13505.685570636491
98,Modo Não Motorizado,2296.6271198772974
99,Coletivo,22913.5284558079
99,Individual,15893.754597316994
99,Modo Motorizado,38807.28305312489
99,Modo Não Motorizado,4828.392806037914
100,Coletivo,81495.48150614806
100,Individual,46952.37779055198
100,Modo Motorizado,128447.85929670004
100,Modo Não Motorizado,21223.145845333067
101,Coletivo,17026.083887518787
101,Individual,23312.666541009312
101,Modo Motorizado,40338.7504285281
101,Modo Não Motorizado,7204.202321365042
102,Coletivo,12179.572659079759
102,Individual,15394.654688752838
102,Modo Motorizado,27574.227347832595
102,Modo Não Motorizado,4172.8956034721905
103,Coletivo,5347.024090681712
103,Individual,5309.141123910532
103,Modo Motorizado,10656.165214592244
103,Modo Não Motorizado,833.1995655590703
104,Coletivo,6643.456724558613
104,Individual,8699.90141984127
104,Modo Motorizado,15343.358144399883
104,Modo Não Motorizado,2625.529454530258
105,Coletivo,19260.11833447586
105,Individual,21115.604256152114
105,Modo Motorizado,40375.72259062798
105,Modo Não Motorizado,7328.812410576723
106,Coletivo,14664.02707443777
106,Individual,11012.190177690785
106,Modo Motorizado,25676.217252128554
106,Modo Não Motorizado,5132.592887043738
107,Coletivo,17957.190205438837
107,Individual,26070.114043325408
107,Modo Motorizado,44027.304248764245
107,Modo Não Motorizado,6242.1510787530315
108,Coletivo,11743.082461748523
108,Individual,12153.367216221044
108,Modo Motorizado,23896.44967796957
108,Modo Não Motorizado,1933.158862798988
109,Coletivo,88295.88088589052
109,Individual,41544.734156450904
109,Modo Motorizado,129840.61504234144
109,Modo Não Motorizado,50785.42570343889
110,Coletivo,38988.34199290862
110,Individual,26977.4849473961
110,Modo Motorizado,65965.82694030472
110,Modo Não Motorizado,24625.95310769244
111,Coletivo,25215.244303351836
111,Individual,28321.56150892298
111,Modo Motorizado,53536.80581227482
111,Modo Não Motorizado,29887.70069048735
112,Coletivo,21342.975317848497
112,Individual,12466.788176798878
112,Modo Motorizado,33809.76349464738
112,Modo Não Motorizado,24812.558321039476
113,Coletivo,23194.7204384962
113,Individual,22871.546577241235
113,Modo Motorizado,46066.26701573744
113,Modo Não Motorizado,11478.094246392793
114,Coletivo,0
114,Individual,0
114,Modo Motorizado,0
114,Modo Não Motorizado,238.7222365598744
115,Coletivo,30864.500936222135
115,Individual,15279.695813484883
115,Modo Motorizado,46144.196749707015
115,Modo Não Motorizado,23847.484234555523
116,Coletivo,116565.10802024872
116,Individual,35295.39214138315
116,Modo Motorizado,151860.50016163188
116,Modo Não Motorizado,88414.9819192431
117,Coletivo,28953.35246412471
117,Individual,21015.348181322508
117,Modo Motorizado,49968.700645447214
117,Modo Não Motorizado,9888.97182595164
118,Coletivo,7498.394692906511
118,Individual,6031.174136278032
118,Modo Motorizado,13529.568829184544
118,Modo Não Motorizado,8146.345263592732
119,Coletivo,61341.84221253597
119,Individual,14860.550454830067
119,Modo Motorizado,76202.39266736605
119,Modo Não Motorizado,34710.844887719286
120,Coletivo,0
120,Individual,0
120,Modo Motorizado,0
120,Modo Não Motorizado,0
121,Coletivo,36963.72119562999
121,Individual,18144.157075847234
121,Modo Motorizado,55107.878271477224
121,Modo Não Motorizado,39548.883194739225
122,Coletivo,28950.427065146538
122,Individual,13821.019787415873
122,Modo Motorizado,42771.44685256241
122,Modo Não Motorizado,29622.08659919973
123,Coletivo,41777.82047797342
123,Individual,10337.972379957162
123,Modo Motorizado,52115.79285793059
123,Modo Não Motorizado,32801.711385906216
124,Coletivo,51204.61991821898
124,Individual,32460.85792855699
124,Modo Motorizado,83665.47784677598
124,Modo Não Motorizado,45103.31703957946
125,Coletivo,24122.09183692609
125,Individual,13383.050403083269
125,Modo Motorizado,37505.14224000936
125,Modo Não Motorizado,42629.76803110941
126,Coletivo,24126.062454997424
126,Individual,24813.16745230034
126,Modo Motorizado,48939.22990729776
126,Modo Não Motorizado,22988.468565580883
127,Coletivo,40761.279888163284
127,Individual,48537.96246275706
127,Modo Motorizado,89299.24235092034
127,Modo Não Motorizado,39157.95678212848
128,Coletivo,16401.34782149553
128,Individual,15797.003289556771
128,Modo Motorizado,32198.3511110523
128,Modo Não Motorizado,3700.7673953661874
129,Coletivo,29760.247518453543
129,Individual,22648.16951454656
129,Modo Motorizado,52408.41703300011
129,Modo Não Motorizado,9972.995668094429
130,Coletivo,4069.2341242856783
130,Individual,4047.2954193168853
130,Modo Motorizado,8116.5295436025635
130,Modo Não Motorizado,1552.7742565416274
131,Coletivo,17590.95106702881
131,Individual,8236.07280517183
131,Modo Motorizado,25827.02387220064
131,Modo Não Motorizado,6526.003562398671
132,Coletivo,6893.611101246463
132,Individual,7109.851663439767
132,Modo Motorizado,14003.46276468623
132,Modo Não Motorizado,648.8967242799545
133,Coletivo,39447.284681321304
133,Individual,34387.05156253728
133,Modo Motorizado,73834.33624385859
133,Modo Não Motorizado,17629.452391431245
134,Coletivo,24840.328693448704
134,Individual,38014.45530890405
134,Modo Motorizado,62854.78400235275
134,Modo Não Motorizado,11163.151403108743
135,Coletivo,31949.120885456116
135,Individual,28381.312927463852
135,Modo Motorizado,60330.43381291997
135,Modo Não Motorizado,23525.06126018475
136,Coletivo,28627.500181079078
136,Individual,34184.70721120177
136,Modo Motorizado,62812.20739228085
136,Modo Não Motorizado,27437.06117384615
137,Coletivo,35058.786972625574
137,Individual,38424.275856908025
137,Modo Motorizado,73483.06282953359
137,Modo Não Motorizado,32735.57410999147
138,Coletivo,9167.072343867667
138,Individual,12818.485579306263
138,Modo Motorizado,21985.557923173932
138,Modo Não Motorizado,11405.99251364372
139,Coletivo,25726.067180990787
139,Individual,16626.73742076295
139,Modo Motorizado,42352.80460175374
139,Modo Não Motorizado,19741.510410397295
140,Coletivo,24576.204604678136
140,Individual,17539.045928098916
140,Modo Motorizado,42115.25053277705
140,Modo Não Motorizado,48741.6863429509
141,Coletivo,56014.12446460678
141,Individual,44869.29969377949
141,Modo Motorizado,100883.42415838627
141,Modo Não Motorizado,59614.57963450434
142,Coletivo,33906.2194356664
142,Individual,23976.849526540427
142,Modo Motorizado,57883.068962206824
142,Modo Não Motorizado,39979.105253951886
143,Coletivo,0
143,Individual,0
143,Modo Motorizado,0
143,Modo Não Motorizado,0
144,Coletivo,62062.2234828996
144,Individual,66891.43386443652
144,Modo Motorizado,128953.65734733612
144,Modo Não Motorizado,34901.83478006722
145,Coletivo,6991.773137709723
145,Individual,9415.58476834073
145,Modo Motorizado,16407.357906050453
145,Modo Não Motorizado,3122.9980315336925
146,Coletivo,0
146,Individual,0
146,Modo Motorizado,0
146,Modo Não Motorizado,0
147,Coletivo,24081.027673112243
147,Individual,18776.50296704817
147,Modo Motorizado,42857.53064016042
147,Modo Não Motorizado,30631.229461585644
148,Coletivo,13107.922390812497
148,Individual,14983.97952117458
148,Modo Motorizado,28091.90191198708
148,Modo Não Motorizado,20795.110756706275
149,Coletivo,0
149,Individual,77.55974274935924
149,Modo Motorizado,77.55974274935924
149,Modo Não Motorizado,350.1069641131846
150,Coletivo,27492.278213265137
150,Individual,12552.66590684266
150,Modo Motorizado,40044.9441201078
150,Modo Não Motorizado,22133.011862405747
151,Coletivo,50348.42687104571
151,Individual,51105.939433471336
151,Modo Motorizado,101454.36630451705
151,Modo Não Motorizado,77578.52548466777
152,Coletivo,23715.482237983968
152,Individual,26345.424111780165
152,Modo Motorizado,50060.90634976413
152,Modo Não Motorizado,29921.38368572627
153,Coletivo,19457.09790962579
153,Individual,16335.542519072114
153,Modo Motorizado,35792.64042869791
153,Modo Não Motorizado,5322.571527097816
154,Coletivo,35489.649273619005
154,Individual,48408.0207926431
154,Modo Motorizado,83897.6700662621
154,Modo Não Motorizado,17187.844400554866
155,Coletivo,14226.297999451748
155,Individual,9712.984831809425
155,Modo Motorizado,23939.282831261175
155,Modo Não Motorizado,18658.613961412153
156,Coletivo,34541.004853026214
156,Individual,28986.202813886786
156,Modo Motorizado,63527.207666913004
156,Modo Não Motorizado,25080.4145373691
157,Coletivo,11183.334560830153
157,Individual,12531.979060520212
157,Modo Motorizado,23715.313621350368
157,Modo Não Motorizado,10490.724953655093
158,Coletivo,30083.78433573341
158,Individual,19348.298537779636
158,Modo Motorizado,49432.08287351305
158,Modo Não Motorizado,25470.476708174734
159,Coletivo,27716.016868553408
159,Individual,35731.388266013746
159,Modo Motorizado,63447.405134567154
159,Modo Não Motorizado,38506.826334974634
160,Coletivo,22592.3695688848
160,Individual,17206.622732813004
160,Modo Motorizado,39798.9923016978
160,Modo Não Motorizado,15674.28500239137
161,Coletivo,28158.27759041035
161,Individual,43979.59627700738
161,Modo Motorizado,72137.87386741773
161,Modo Não Motorizado,50436.90362452172
162,Coletivo,27075.636595094475
162,Individual,20985.712155198602
162,Modo Motorizado,48061.34875029308
162,Modo Não Motorizado,20199.457155364416
163,Coletivo,25803.162701932568
163,Individual,48139.75743768633
163,Modo Motorizado,73942.92013961889
163,Modo Não Motorizado,22625.787527323446
164,Coletivo,8648.657845198752
164,Individual,9916.043848233612
164,Modo Motorizado,18564.701693432362
164,Modo Não Motorizado,7355.040108864417
165,Coletivo,16695.285867679497
165,Individual,15767.437913323063
165,Modo Motorizado,32462.72378100256
165,Modo Não Motorizado,4713.545910404954
166,Coletivo,52667.25626986682
166,Individual,45072.98531576406
166,Modo Motorizado,97740.24158563088
166,Modo Não Motorizado,22395.74678438176
167,Coletivo,55747.48406262274
167,Individual,38369.197945003056
167,Modo Motorizado,94116.68200762579
167,Modo Não Motorizado,22844.94030890036
168,Coletivo,34056.38498758626
168,Individual,22586.988022621335
168,Modo Motorizado,56643.37301020759
168,Modo Não Motorizado,17490.40265577395
169,Coletivo,50008.12037599047
169,Individual,23132.772725787123
169,Modo Motorizado,73140.89310177759
169,Modo Não Motorizado,12881.000839293825
170,Coletivo,45890.176517604625
170,Individual,28446.36398893365
170,Modo Motorizado,74336.54050653827
170,Modo Não Motorizado,23363.98020536151
171,Coletivo,35451.92588996067
171,Individual,23376.61002372437
171,Modo Motorizado,58828.535913685046
171,Modo Não Motorizado,22452.81133245468
172,Coletivo,18462.17558886391
172,Individual,20893.661329696337
172,Modo Motorizado,39355.83691856025
172,Modo Não Motorizado,13211.630519318138
173,Coletivo,15574.856851264465
173,Individual,10160.079818667904
173,Modo Motorizado,25734.93666993237
173,Modo Não Motorizado,19824.3745339449
174,Coletivo,32422.01168886818
174,Individual,14244.48786321265
174,Modo Motorizado,46666.49955208083
174,Modo Não Motorizado,39572.3726258661
175,Coletivo,18547.53025438352
175,Individual,16915.60484691643
175,Modo Motorizado,35463.13510129995
175,Modo Não Motorizado,25071.699684402407
176,Coletivo,19093.6189353713
176,Individual,20116.290248630277
176,Modo Motorizado,39209.909184001575
176,Modo Não Motorizado,19173.598729910693
177,Coletivo,4871.053234097128
177,Individual,3936.138781584697
177,Modo Motorizado,8807.192015681825
177,Modo Não Motorizado,5540.195845650667
178,Coletivo,2006.5881573283314
178,Individual,616.3956663186941
178,Modo Motorizado,2622.9838236470255
178,Modo Não Motorizado,1266.2676952357824
179,Coletivo,0
179,Individual,0
179,Modo Motorizado,0
179,Modo Não Motorizado,0
180,Coletivo,38223.63757541207
180,Individual,25005.173323376468
180,Modo Motorizado,63228.810898788535
180,Modo Não Motorizado,57140.64496965159
181,Coletivo,25582.154460234437
181,Individual,27495.938842645235
181,Modo Motorizado,53078.09330287967
181,Modo Não Motorizado,26827.795753679566
182,Coletivo,25631.856661397283
182,Individual,14251.648699225616
182,Modo Motorizado,39883.5053606229
182,Modo Não Motorizado,24038.551618996196
183,Coletivo,28883.728694172823
183,Individual,20165.406858445473
183,Modo Motorizado,49049.135552618296
183,Modo Não Motorizado,19065.56782495448
184,Coletivo,10330.369283160282
184,Individual,11060.145205182182
184,Modo Motorizado,21390.514488342465
184,Modo Não Motorizado,21564.718502449
185,Coletivo,11421.40071198095
185,Individual,6692.607917321428
185,Modo Motorizado,18114.008629302378
185,Modo Não Motorizado,11688.24916906353
186,Coletivo,8800.685197557577
186,Individual,3381.261147359951
186,Modo Motorizado,12181.946344917527
186,Modo Não Motorizado,5531.894018662556
187,Coletivo,22850.704454055918
187,Individual,11990.75687675234
187,Modo Motorizado,34841.46133080826
187,Modo Não Motorizado,28102.728835133275
188,Coletivo,33273.32685812815
188,Individual,20760.23124547382
188,Modo Motorizado,54033.55810360197
188,Modo Não Motorizado,22916.109437557807
189,Coletivo,31307.280083106423
189,Individual,27912.80442252905
189,Modo Motorizado,59220.084505635474
189,Modo Não Motorizado,31285.058703361985
190,Coletivo,39658.152975140765
190,Individual,24756.464948830053
190,Modo Motorizado,64414.617923970814
190,Modo Não Motorizado,20216.021461157765
191,Coletivo,20575.18000028951
191,Individual,6885.2196661543485
191,Modo Motorizado,27460.39966644386
191,Modo Não Motorizado,1001.1138114429212
192,Coletivo,18576.229553939425
192,Individual,10432.776203256455
192,Modo Motorizado,29009.005757195882
192,Modo Não Motorizado,22709.490184672602
193,Coletivo,13740.587163998713
193,Individual,8102.391896554257
193,Modo Motorizado,21842.97906055297
193,Modo Não Motorizado,15412.160988012916
194,Coletivo,13676.32205955836
194,Individual,4012.7867337851167
194,Modo Motorizado,17689.108793343476
194,Modo Não Motorizado,16252.779325041087
195,Coletivo,19492.639532503752
195,Individual,9280.086006780188
195,Modo Motorizado,28772.72553928394
195,Modo Não Motorizado,19545.379791443593
196,Coletivo,21493.05636620865
196,Individual,8855.396824151696
196,Modo Motorizado,30348.453190360346
196,Modo Não Motorizado,20607.41551207444
197,Coletivo,18764.849498714222
197,Individual,14601.69447203316
197,Modo Motorizado,33366.543970747385
197,Modo Não Motorizado,16875.061406933964
198,Coletivo,46520.51336327389
198,Individual,28359.528957909777
198,Modo Motorizado,74880.04232118366
198,Modo Não Motorizado,26641.58129945505
199,Coletivo,38308.138517116444
199,Individual,36760.27355312284
199,Modo Motorizado,75068.41207023928
199,Modo Não Motorizado,90375.86792048946
200,Coletivo,13635.963773282007
200,Individual,10714.551842627236
200,Modo Motorizado,24350.515615909244
200,Modo Não Motorizado,28372.584177717057
201,Coletivo,39250.09063979494
201,Individual,32425.125743878067
201,Modo Motorizado,71675.216383673
201,Modo Não Motorizado,68080.59270135396
202,Coletivo,51317.70497460959
202,Individual,18324.696787709414
202,Modo Motorizado,69642.401762319
202,Modo Não Motorizado,25547.741402989708
203,Coletivo,29004.77392649804
203,Individual,9782.826126086755
203,Modo Motorizado,38787.60005258479
203,Modo Não Motorizado,31450.552005962007
204,Coletivo,52495.70305503876
204,Individual,31501.44243398651
204,Modo Motorizado,83997.14548902526
204,Modo Não Motorizado,84829.69304159534
205,Coletivo,46116.82743765139
205,Individual,28364.78820968119
205,Modo Motorizado,74481.61564733258
205,Modo Não Motorizado,72216.86469087563
206,Coletivo,41511.34058686004
206,Individual,30077.987520180803
206,Modo Motorizado,71589.32810704084
206,Modo Não Motorizado,29894.710309412927
207,Coletivo,35283.28646229263
207,Individual,23604.57778164991
207,Modo Motorizado,58887.86424394254
207,Modo Não Motorizado,71792.25580910408
208,Coletivo,36985.4783168553
208,Individual,36856.66010726201
208,Modo Motorizado,73842.13842411731
208,Modo Não Motorizado,26129.6722635725
209,Coletivo,25935.977567843154
209,Individual,33803.7018305292
209,Modo Motorizado,59739.679398372355
209,Modo Não Motorizado,21368.862424117353
210,Coletivo,29791.238072795793
210,Individual,41831.498235241495
210,Modo Motorizado,71622.73630803729
210,Modo Não Motorizado,20539.762530752345
211,Coletivo,44222.17664820916
211,Individual,41718.34649867251
211,Modo Motorizado,85940.52314688166
211,Modo Não Motorizado,24163.798285370685
212,Coletivo,14541.700879057733
212,Individual,16026.980525921328
212,Modo Motorizado,30568.681404979063
212,Modo Não Motorizado,23751.093164430793
213,Coletivo,35238.54677014559
213,Individual,26714.87057953736
213,Modo Motorizado,61953.41734968295
213,Modo Não Motorizado,24270.032244294383
214,Coletivo,23076.8202042079
214,Individual,11101.27773881549
214,Modo Motorizado,34178.097943023386
214,Modo Não Motorizado,16895.99498436667
215,Coletivo,21025.871571161057
215,Individual,32165.562547190475
215,Modo Motorizado,53191.434118351535
215,Modo Não Motorizado,20290.15325283908
216,Coletivo,23330.05680477622
216,Individual,24313.539892500936
216,Modo Motorizado,47643.59669727716
216,Modo Não Motorizado,21932.46663212675
217,Coletivo,18762.45154892073
217,Individual,19558.346630491844
217,Modo Motorizado,38320.79817941257
217,Modo Não Motorizado,25693.509249366572
218,Coletivo,50541.00192837809
218,Individual,33035.03483618443
218,Modo Motorizado,83576.03676456252
218,Modo Não Motorizado,51980.77906177354
219,Coletivo,29049.78124602283
219,Individual,32044.381326617902
219,Modo Motorizado,61094.16257264074
219,Modo Não Motorizado,31463.57049877305
220,Coletivo,23448.184057847204
220,Individual,15273.201788958411
220,Modo Motorizado,38721.38584680561
220,Modo Não Motorizado,24508.895236200806
221,Coletivo,32742.1595911781
221,Individual,34671.187796767095
221,Modo Motorizado,67413.34738794519
221,Modo Não Motorizado,22119.91854504509
222,Coletivo,25223.733253247876
222,Individual,32629.913758021314
222,Modo Motorizado,57853.64701126919
222,Modo Não Motorizado,20251.47436753176
223,Coletivo,16351.541849358042
223,Individual,16723.74628369289
223,Modo Motorizado,33075.28813305093
223,Modo Não Motorizado,8980.521297509198
224,Coletivo,5818.530466557993
224,Individual,3449.226214686844
224,Modo Motorizado,9267.756681244837
224,Modo Não Motorizado,3404.009053911479
225,Coletivo,21481.717773045224
225,Individual,10717.025796668264
225,Modo Motorizado,32198.743569713486
225,Modo Não Motorizado,20239.208055169707
226,Coletivo,58253.278919776334
226,Individual,46057.0104988711
226,Modo Motorizado,104310.28941864744
226,Modo Não Motorizado,71489.91492004962
227,Coletivo,45556.87536322886
227,Individual,28367.312802175027
227,Modo Motorizado,73924.18816540389
227,Modo Não Motorizado,17442.963295501133
228,Coletivo,22455.070519852085
228,Individual,14533.01069125806
228,Modo Motorizado,36988.08121111014
228,Modo Não Motorizado,22412.24007127548
229,Coletivo,111516.58577056907
229,Individual,38053.90990194267
229,Modo Motorizado,149570.49567251175
229,Modo Não Motorizado,96098.6727030606
230,Coletivo,54026.164294887756
230,Individual,20529.861606792725
230,Modo Motorizado,74556.02590168048
230,Modo Não Motorizado,46637.5514147452
231,Coletivo,26352.40820433719
231,Individual,7258.473225821151
231,Modo Motorizado,33610.88143015834
231,Modo Não Motorizado,16404.9195331795
232,Coletivo,32233.6020824988
232,Individual,13191.758201252898
232,Modo Motorizado,45425.360283751696
232,Modo Não Motorizado,29543.385734560958
233,Coletivo,36106.85293252702
233,Individual,13638.790202041904
233,Modo Motorizado,49745.64313456893
233,Modo Não Motorizado,44703.03144370307
234,Coletivo,31685.173234402708
234,Individual,20186.705514318397
234,Modo Motorizado,51871.87874872111
234,Modo Não Motorizado,53796.91609921053
235,Coletivo,35501.07749554378
235,Individual,26647.228599370657
235,Modo Motorizado,62148.30609491444
235,Modo Não Motorizado,39076.625795739805
236,Coletivo,15338.392732238426
236,Individual,13135.31769041532
236,Modo Motorizado,28473.71042265375
236,Modo Não Motorizado,13874.529948671125
237,Coletivo,18170.914890758362
237,Individual,19987.024105412525
237,Modo Motorizado,38157.93899617089
237,Modo Não Motorizado,9921.739192767016
238,Coletivo,17703.35064376306
238,Individual,16939.489660693165
238,Modo Motorizado,34642.84030445623
238,Modo Não Motorizado,8952.745813741085
239,Coletivo,33194.905537614104
239,Individual,33644.86933985279
239,Modo Motorizado,66839.7748774669
239,Modo Não Motorizado,14109.291516872696
240,Coletivo,20157.64001708362
240,Individual,20539.44387602602
240,Modo Motorizado,40697.08389310964
240,Modo Não Motorizado,15257.952440802426
241,Coletivo,12660.827579417575
241,Individual,9707.45995298736
241,Modo Motorizado,22368.287532404935
241,Modo Não Motorizado,7714.83581003156
242,Coletivo,24163.83584536779
242,Individual,9180.205795988237
242,Modo Motorizado,33344.04164135603
242,Modo Não Motorizado,19275.484576043502
243,Coletivo,24786.682558839082
243,Individual,25633.21011298934
243,Modo Motorizado,50419.89267182842
243,Modo Não Motorizado,43253.739402392166
244,Coletivo,36427.96571843945
244,Individual,25832.535215813787
244,Modo Motorizado,62260.50093425324
244,Modo Não Motorizado,48771.574231199535
245,Coletivo,11062.337565636057
245,Individual,7767.628492890723
245,Modo Motorizado,18829.966058526777
245,Modo Não Motorizado,13965.82088442195
246,Coletivo,23447.79791684366
246,Individual,13237.410519361722
246,Modo Motorizado,36685.20843620539
246,Modo Não Motorizado,10205.17877399238
247,Coletivo,71495.8457830181
247,Individual,50186.867013682764
247,Modo Motorizado,121682.71279670086
247,Modo Não Motorizado,77677.9315424408
248,Coletivo,1514.1639250689273
248,Individual,4109.206100222686
248,Modo Motorizado,5623.370025291613
248,Modo Não Motorizado,359.2252408951388
249,Coletivo,19226.7690488152
249,Individual,24604.326919348438
249,Modo Motorizado,43831.09596816364
249,Modo Não Motorizado,20897.904681645774
250,Coletivo,15482.286471625212
250,Individual,18843.893062826635
250,Modo Motorizado,34326.17953445185
250,Modo Não Motorizado,12092.880615955968
251,Coletivo,15849.32747227978
251,Individual,15683.872217498243
251,Modo Motorizado,31533.199689778023
251,Modo Não Motorizado,6944.7535138044605
252,Coletivo,15666.67883867864
252,Individual,11620.391259035207
252,Modo Motorizado,27287.070097713848
252,Modo Não Motorizado,17661.235878822572
253,Coletivo,6740.933824699868
253,Individual,3430.0953311430103
253,Modo Motorizado,10171.029155842878
253,Modo Não Motorizado,3050.3013827861478
254,Coletivo,49972.78535572099
254,Individual,37298.49526372053
254,Modo Motorizado,87271.28061944152
254,Modo Não Motorizado,17898.87820055666
255,Coletivo,26176.779810477903
255,Individual,61645.623433317334
255,Modo Motorizado,87822.40324379524
255,Modo Não Motorizado,41937.78280248867
256,Coletivo,19420.055586579132
256,Individual,15476.626604643847
256,Modo Motorizado,34896.68219122298
256,Modo Não Motorizado,8443.474135814942
257,Coletivo,19103.62702650036
257,Individual,23546.680233357554
257,Modo Motorizado,42650.30725985792
257,Modo Não Motorizado,17522.649948549402
258,Coletivo,43386.069545356746
258,Individual,26721.219283536913
258,Modo Motorizado,70107.28882889365
258,Modo Não Motorizado,24451.96188492727
259,Coletivo,16384.52286945848
259,Individual,12797.532051219847
259,Modo Motorizado,29182.054920678325
259,Modo Não Motorizado,19550.272709677316
260,Coletivo,21973.907372089314
260,Individual,9116.504011979841
260,Modo Motorizado,31090.411384069157
260,Modo Não Motorizado,25878.931924445675
261,Coletivo,34177.06292817949
261,Individual,27488.747373599563
261,Modo Motorizado,61665.810301779056
261,Modo Não Motorizado,22804.170102570846
262,Coletivo,35251.575408662706
262,Individual,36082.36578383162
262,Modo Motorizado,71333.94119249433
262,Modo Não Motorizado,43038.183058751994
263,Coletivo,42049.61416034818
263,Individual,24953.90073179264
263,Modo Motorizado,67003.51489214083
263,Modo Não Motorizado,49245.607801456725
264,Coletivo,46736.260228932755
264,Individual,25888.30800252344
264,Modo Motorizado,72624.5682314562
264,Modo Não Motorizado,35553.87086791551
265,Coletivo,29913.704345662543
265,Individual,32100.807461520413
265,Modo Motorizado,62014.51180718296
265,Modo Não Motorizado,37922.24730111286
266,Coletivo,6369.23233661296
266,Individual,8178.208809476982
266,Modo Motorizado,14547.441146089943
266,Modo Não Motorizado,7581.17524420059
267,Coletivo,19764.51159313343
267,Individual,15891.23822155989
267,Modo Motorizado,35655.74981469332
267,Modo Não Motorizado,19004.574030439435
268,Coletivo,12900.220957829613
268,Individual,18364.817223468555
268,Modo Motorizado,31265.03818129817
268,Modo Não Motorizado,8520.0522202677
269,Coletivo,23295.12084596718
269,Individual,27440.479237627067
269,Modo Motorizado,50735.60008359425
269,Modo Não Motorizado,16286.80642049534
270,Coletivo,8486.48411109835
270,Individual,13776.019620550996
270,Modo Motorizado,22262.503731649347
270,Modo Não Motorizado,5261.276792165695
271,Coletivo,7546.540252351856
271,Individual,13947.66873893762
271,Modo Motorizado,21494.208991289477
271,Modo Não Motorizado,1302.1656763912754
272,Coletivo,11766.826664156662
272,Individual,21065.233448311094
272,Modo Motorizado,32832.060112467756
272,Modo Não Motorizado,8447.71690817073
273,Coletivo,39404.737927978
273,Individual,45357.24739764562
273,Modo Motorizado,84761.98532562362
273,Modo Não Motorizado,33678.531447722555
274,Coletivo,50134.60999887251
274,Individual,43101.45169651092
274,Modo Motorizado,93236.06169538343
274,Modo Não Motorizado,42689.480950655125
275,Coletivo,42547.885578607515
275,Individual,34913.170940894604
275,Modo Motorizado,77461.05651950212
275,Modo Não Motorizado,35718.058197458515
276,Coletivo,54959.85969918562
276,Individual,61959.73775398574
276,Modo Motorizado,116919.59745317136
276,Modo Não Motorizado,43022.380750243945
277,Coletivo,35041.84598514181
277,Individual,45955.73412630246
277,Modo Motorizado,80997.58011144426
277,Modo Não Motorizado,43164.42433603811
278,Coletivo,69162.17007638235
278,Individual,47042.8666201966
278,Modo Motorizado,116205.03669657894
278,Modo Não Motorizado,93472.82958914655
279,Coletivo,43859.96090783854
279,Individual,14001.841052805876
279,Modo Motorizado,57861.801960644414
279,Modo Não Motorizado,44159.534362338825
280,Coletivo,40529.873829849326
280,Individual,24371.469308252766
280,Modo Motorizado,64901.34313810209
280,Modo Não Motorizado,13593.194921917444
281,Coletivo,30806.771603250454
281,Individual,38066.3998444932
281,Modo Motorizado,68873.17144774366
281,Modo Não Motorizado,16146.083660495127
282,Coletivo,27288.864130014885
282,Individual,35810.93698186879
282,Modo Motorizado,63099.80111188367
282,Modo Não Motorizado,23788.471321982477
283,Coletivo,7448.144446394959
283,Individual,6235.769082746723
283,Modo Motorizado,13683.913529141682
283,Modo Não Motorizado,5518.411147196532
284,Coletivo,37542.87404409862
284,Individual,18594.79989569438
284,Modo Motorizado,56137.67393979301
284,Modo Não Motorizado,25836.17970884714
285,Coletivo,50090.09562016595
285,Individual,44648.51014309608
285,Modo Motorizado,94738.60576326202
285,Modo Não Motorizado,74876.47990246279
286,Coletivo,25695.956350287554
286,Individual,19787.363245849985
286,Modo Motorizado,45483.31959613754
286,Modo Não Motorizado,5377.773064027393
287,Coletivo,22023.66333018493
287,Individual,29119.89535441619
287,Modo Motorizado,51143.558684601114
287,Modo Não Motorizado,19599.609007988038
288,Coletivo,27060.722989011287
288,Individual,10488.79230783175
288,Modo Motorizado,37549.515296843034
288,Modo Não Motorizado,12285.223832374573
289,Coletivo,40388.268740947926
289,Individual,22142.18894825645
289,Modo Motorizado,62530.45768920438
289,Modo Não Motorizado,32283.863293786468
290,Coletivo,34716.13565174658
290,Individual,16809.11369984673
290,Modo Motorizado,51525.24935159332
290,Modo Não Motorizado,38359.28915399815
291,Coletivo,52270.93835584488
291,Individual,46386.41473580162
291,Modo Motorizado,98657.35309164651
291,Modo Não Motorizado,34541.522198477614
292,Coletivo,34617.85198468703
292,Individual,31264.243740050955
292,Modo Motorizado,65882.09572473798
292,Modo Não Motorizado,34577.53147584088
293,Coletivo,69232.71329026451
293,Individual,24097.098583034094
293,Modo Motorizado,93329.8118732986
293,Modo Não Motorizado,52772.715262165366
294,Coletivo,72792.13931941974
294,Individual,12486.660764589064
294,Modo Motorizado,85278.8000840088
294,Modo Não Motorizado,84813.24374645088
295,Coletivo,73270.60080116708
295,Individual,37119.8633061381
295,Modo Motorizado,110390.46410730518
295,Modo Não Motorizado,59071.939858690224
296,Coletivo,5009.651934012294
296,Individual,2907.605787954804
296,Modo Motorizado,7917.257721967098
296,Modo Não Motorizado,1127.916795309292
297,Coletivo,2025.4946435297377
297,Individual,1406.1867793711392
297,Modo Motorizado,3431.681422900877
297,Modo Não Motorizado,666.6210616378773
298,Coletivo,94124.804034734
298,Individual,35187.822930694536
298,Modo Motorizado,129312.62696542853
298,Modo Não Motorizado,91110.89845033096
299,Coletivo,5824.968412388572
299,Individual,2173.241575541728
299,Modo Motorizado,7998.2099879303
299,Modo Não Motorizado,2430.7945605551463
300,Coletivo,108576.16756538585
300,Individual,98191.74112304268
300,Modo Motorizado,206767.90868842852
300,Modo Não Motorizado,62029.62145783815
301,Coletivo,21540.85780884883
301,Individual,24335.32195449926
301,Modo Motorizado,45876.17976334809
301,Modo Não Motorizado,4510.168763669993
302,Coletivo,69378.03507690338
302,Individual,33482.27215595147
302,Modo Motorizado,102860.30723285486
302,Modo Não Motorizado,16677.341478071197
303,Coletivo,83482.47026804267
303,Individual,32108.54906463294
303,Modo Motorizado,115591.01933267561
303,Modo Não Motorizado,15780.679998784988
304,Coletivo,61554.71835137614
304,Individual,36340.665089082366
304,Modo Motorizado,97895.3834404585
304,Modo Não Motorizado,65044.88021536934
305,Coletivo,82733.75474113655
305,Individual,35817.989472155125
305,Modo Motorizado,118551.74421329168
305,Modo Não Motorizado,89040.16910616287
306,Coletivo,41851.793558364916
306,Individual,12162.160000359285
306,Modo Motorizado,54013.9535587242
306,Modo Não Motorizado,46699.48988442948
307,Coletivo,73557.71536906905
307,Individual,22792.582654371185
307,Modo Motorizado,96350.29802344023
307,Modo Não Motorizado,50117.77076863916
308,Coletivo,23412.336118038038
308,Individual,5256.7061844347945
308,Modo Motorizado,28669.042302472833
308,Modo Não Motorizado,32151.042112502822
309,Coletivo,41676.58586090312
309,Individual,12204.554226861585
309,Modo Motorizado,53881.1400877647
309,Modo Não Motorizado,24558.62930167844
310,Coletivo,12405.325351124695
310,Individual,6118.64230123044
310,Modo Motorizado,18523.967652355135
310,Modo Não Motorizado,10208.705230166646
311,Coletivo,65185.24137327253
311,Individual,30646.528536000453
311,Modo Motorizado,95831.76990927299
311,Modo Não Motorizado,54374.07469162462
312,Coletivo,34524.797830593816
312,Individual,32934.26681694951
312,Modo Motorizado,67459.06464754333
312,Modo Não Motorizado,26524.116744366667
313,Coletivo,16700.279840836134
313,Individual,10939.910696404886
313,Modo Motorizado,27640.19053724102
313,Modo Não Motorizado,17666.629561829814
314,Coletivo,89469.66520897251
314,Individual,27785.791300487614
314,Modo Motorizado,117255.45650946013
314,Modo Não Motorizado,69050.86018136717
315,Coletivo,71357.98685991183
315,Individual,25844.3139175125
315,Modo Motorizado,97202.30077742433
315,Modo Não Motorizado,77869.32471331126
316,Coletivo,15465.67788873363
316,Individual,25941.54421754428
316,Modo Motorizado,41407.22210627791
316,Modo Não Motorizado,5593.743961214971
317,Coletivo,7486.649382478787
317,Individual,10079.102480214224
317,Modo Motorizado,17565.75186269301
317,Modo Não Motorizado,802.589289005419
318,Coletivo,19354.27610560945
318,Individual,17499.272056880858
318,Modo Motorizado,36853.548162490304
318,Modo Não Motorizado,10977.715428491458
319,Coletivo,18085.39487570594
319,Individual,16579.51475868618
319,Modo Motorizado,34664.90963439212
319,Modo Não Motorizado,5188.282073308877
320,Coletivo,33487.136387762825
320,Individual,15612.535561273804
320,Modo Motorizado,49099.67194903663
320,Modo Não Motorizado,51166.421430019946
321,Coletivo,28916.20263179569
321,Individual,45147.92990072951
321,Modo Motorizado,74064.1325325252
321,Modo Não Motorizado,25967.254257064153
322,Coletivo,29232.273618543975
322,Individual,37740.41894347564
322,Modo Motorizado,66972.69256201961
322,Modo Não Motorizado,16476.53502772564
323,Coletivo,42932.41335888889
323,Individual,23457.35776585864
323,Modo Motorizado,66389.77112474752
323,Modo Não Motorizado,30003.898716244537
324,Coletivo,50795.01745640658
324,Individual,17773.048875453387
324,Modo Motorizado,68568.06633185997
324,Modo Não Motorizado,28986.282566189362
325,Coletivo,25942.93376713131
325,Individual,30361.808020193163
325,Modo Motorizado,56304.74178732447
325,Modo Não Motorizado,31618.29010968108
326,Coletivo,29165.05800165559
326,Individual,24413.26202191711
326,Modo Motorizado,53578.3200235727
326,Modo Não Motorizado,12375.260831789337
327,Coletivo,8062.469513135214
327,Individual,15607.421241079799
327,Modo Motorizado,23669.890754215012
327,Modo Não Motorizado,7946.270638689351
328,Coletivo,17221.11290106127
328,Individual,25924.310899470376
328,Modo Motorizado,43145.423800531644
328,Modo Não Motorizado,8481.498735434132
329,Coletivo,25437.627640270697
329,Individual,46682.344370697414
329,Modo Motorizado,72119.97201096811
329,Modo Não Motorizado,17785.674483230043
330,Coletivo,19661.29698421035
330,Individual,29835.051760421837
330,Modo Motorizado,49496.34874463218
330,Modo Não Motorizado,13938.055311065576
331,Coletivo,27899.716227042285
331,Individual,24284.21811937613
331,Modo Motorizado,52183.93434641842
331,Modo Não Motorizado,18017.79177474759
332,Coletivo,23922.950328804764
332,Individual,21342.521382416162
332,Modo Motorizado,45265.471711220925
332,Modo Não Motorizado,36397.71899765271
333,Coletivo,15054.343386622488
333,Individual,10774.31823810662
333,Modo Motorizado,25828.66162472911
333,Modo Não Motorizado,8660.617775281515
334,Coletivo,21054.002534092142
334,Individual,29223.74123442512
334,Modo Motorizado,50277.74376851726
334,Modo Não Motorizado,17911.654261905413
335,Coletivo,21090.55607991694
335,Individual,23314.33105339096
335,Modo Motorizado,44404.8871333079
335,Modo Não Motorizado,24367.183343929584
336,Coletivo,30565.915835195075
336,Individual,15800.625562832316
336,Modo Motorizado,46366.54139802739
336,Modo Não Motorizado,14394.619038765644
337,Coletivo,21712.400659798765
337,Individual,21189.722846285145
337,Modo Motorizado,42902.12350608391
337,Modo Não Motorizado,9409.822174706056
338,Coletivo,26184.466211716775
338,Individual,20491.234984480958
338,Modo Motorizado,46675.70119619773
338,Modo Não Motorizado,24766.999712527428
339,Coletivo,46394.741353813566
339,Individual,34519.65938747503
339,Modo Motorizado,80914.4007412886
339,Modo Não Motorizado,8789.161143731584
340,Coletivo,16889.66399402669
340,Individual,18599.669117143363
340,Modo Motorizado,35489.33311117005
340,Modo Não Motorizado,4016.6072598316523
341,Coletivo,8239.71065010278
341,Individual,14439.197991552403
341,Modo Motorizado,22678.90864165518
341,Modo Não Motorizado,7336.769868965333
342,Coletivo,20112.13322815096
342,Individual,32637.317492907863
342,Modo Motorizado,52749.45072105882
342,Modo Não Motorizado,16910.758983371386
343,Coletivo,1179.1714019850904
343,Individual,1958.7972794085842
343,Modo Motorizado,3137.9686813936746
343,Modo Não Motorizado,661.4672031877974
344,Coletivo,37216.14145285807
344,Individual,39526.34756411339
344,Modo Motorizado,76742.48901697146
344,Modo Não Motorizado,32461.356919307927
345,Coletivo,12243.397375085035
345,Individual,8560.164075108278
345,Modo Motorizado,20803.561450193312
345,Modo Não Motorizado,17870.158914896376
346,Coletivo,0
346,Individual,124.9083550802389
346,Modo Motorizado,124.9083550802389
346,Modo Não Motorizado,0
347,Coletivo,40084.70204383968
347,Individual,27066.659160893614
347,Modo Motorizado,67151.36120473329
347,Modo Não Motorizado,51081.1904424377
348,Coletivo,3629.826880334495
348,Individual,2665.6041939671295
348,Modo Motorizado,6295.431074301625
348,Modo Não Motorizado,2854.12446484443
349,Coletivo,0
349,Individual,292.31016966941223
349,Modo Motorizado,292.31016966941223
349,Modo Não Motorizado,0
350,Coletivo,26851.19687498032
350,Individual,12816.213805046258
350,Modo Motorizado,39667.41068002658
350,Modo Não Motorizado,25293.536497749203
351,Coletivo,46165.84941313244
351,Individual,26725.656745848642
351,Modo Motorizado,72891.50615898108
351,Modo Não Motorizado,44225.50285332821
352,Coletivo,1882.3814793779616
352,Individual,4525.529444268323
352,Modo Motorizado,6407.910923646285
352,Modo Não Motorizado,425.01686568909037
353,Coletivo,378.79517236044063
353,Individual,0
353,Modo Motorizado,378.79517236044063
353,Modo Não Motorizado,0
354,Coletivo,0
354,Individual,492.59609863247334
354,Modo Motorizado,492.59609863247334
354,Modo Não Motorizado,0
355,Coletivo,25573.661143681566
355,Individual,19897.02583357426
355,Modo Motorizado,45470.68697725583
355,Modo Não Motorizado,42332.86990538857
356,Coletivo,44687.467027704355
356,Individual,15409.74167926166
356,Modo Motorizado,60097.20870696602
356,Modo Não Motorizado,71536.04162203858
357,Coletivo,1421.128167358393
357,Individual,627.5930785935276
357,Modo Motorizado,2048.7212459519205
357,Modo Não Motorizado,2745.521398606784
358,Coletivo,13183.660599170173
358,Individual,21623.020734011545
358,Modo Motorizado,34806.68133318172
358,Modo Não Motorizado,20478.200399062636
359,Coletivo,5546.002800090822
359,Individual,11295.626662078055
359,Modo Motorizado,16841.62946216888
359,Modo Não Motorizado,7714.595422286236
360,Coletivo,8861.303644631531
360,Individual,6422.461144770099
360,Modo Motorizado,15283.76478940163
360,Modo Não Motorizado,11921.410865278654
361,Coletivo,5974.783144019542
361,Individual,3979.186323925822
361,Modo Motorizado,9953.969467945364
361,Modo Não Motorizado,6387.459550518836
362,Coletivo,55900.647173029414
362,Individual,47516.71089106708
362,Modo Motorizado,103417.3580640965
362,Modo Não Motorizado,18186.069623478754
363,Coletivo,36951.001128553806
363,Individual,55751.08736152845
363,Modo Motorizado,92702.08849008226
363,Modo Não Motorizado,34761.41036457677
364,Coletivo,16864.240524662862
364,Individual,14413.623311424077
364,Modo Motorizado,31277.863836086937
364,Modo Não Motorizado,11246.546682817978
365,Coletivo,13020.484950849699
365,Individual,8661.448806758319
365,Modo Motorizado,21681.933757608018
365,Modo Não Motorizado,4106.084990816039
366,Coletivo,32999.141191859504
366,Individual,44022.078660502186
366,Modo Motorizado,77021.21985236168
366,Modo Não Motorizado,20888.24036648255
367,Coletivo,13459.967810200422
367,Individual,20116.12390725947
367,Modo Motorizado,33576.09171745989
367,Modo Não Motorizado,16734.099205824277
368,Coletivo,21445.482255640978
368,Individual,32939.51880789422
368,Modo Motorizado,54385.0010635352
368,Modo Não Motorizado,38488.57919812909
369,Coletivo,33468.02090871165
369,Individual,46479.406976124126
369,Modo Motorizado,79947.42788483578
369,Modo Não Motorizado,34905.55860946755
370,Coletivo,52364.63282893525
370,Individual,69883.32568699865
370,Modo Motorizado,122247.9585159339
370,Modo Não Motorizado,38502.150455343544
371,Coletivo,26597.407884489614
371,Individual,44745.26795335938
371,Modo Motorizado,71342.67583784899
371,Modo Não Motorizado,34352.802436260616
372,Coletivo,38815.678536642044
372,Individual,32263.657623365732
372,Modo Motorizado,71079.33616000778
372,Modo Não Motorizado,31290.368157677935
373,Coletivo,38349.91432534884
373,Individual,62506.33127474521
373,Modo Motorizado,100856.24560009404
373,Modo Não Motorizado,43985.46803641998
374,Coletivo,20304.70516173064
374,Individual,20183.492158415775
374,Modo Motorizado,40488.19732014641
374,Modo Não Motorizado,427.53641298268496
375,Coletivo,40768.85698942099
375,Individual,34752.31624886301
375,Modo Motorizado,75521.173238284
375,Modo Não Motorizado,52457.745671062374
376,Coletivo,21331.058562841587
376,Individual,25362.15428606875
376,Modo Motorizado,46693.212848910334
376,Modo Não Motorizado,45756.64621118641
377,Coletivo,88929.6777220481
377,Individual,100621.68204015837
377,Modo Motorizado,189551.35976220647
377,Modo Não Motorizado,175189.30707263458
378,Coletivo,47244.23078418999
378,Individual,35542.85345683075
378,Modo Motorizado,82787.08424102074
378,Modo Não Motorizado,50629.59103985211
379,Coletivo,21970.30984727541
379,Individual,28463.96636795413
379,Modo Motorizado,50434.27621522954
379,Modo Não Motorizado,40707.22318846233
380,Coletivo,54969.79182454334
380,Individual,18279.988257419052
380,Modo Motorizado,73249.7800819624
380,Modo Não Motorizado,63940.73962800577
381,Coletivo,0
381,Individual,0
381,Modo Motorizado,0
381,Modo Não Motorizado,0
382,Coletivo,60078.97298016331
382,Individual,47051.74572940951
382,Modo Motorizado,107130.71870957281
382,Modo Não Motorizado,70910.76013395745
383,Coletivo,36558.184185274375
383,Individual,17113.563638430653
383,Modo Motorizado,53671.74782370502
383,Modo Não Motorizado,56246.85143224293
384,Coletivo,14928.260812243752
384,Individual,10445.032861449046
384,Modo Motorizado,25373.2936736928
384,Modo Não Motorizado,24536.848962659846
385,Coletivo,0
385,Individual,512.22928146433
385,Modo Motorizado,512.22928146433
385,Modo Não Motorizado,331.61414276298257
386,Coletivo,2703.3075237265166
386,Individual,2838.706636297795
386,Modo Motorizado,5542.014160024311
386,Modo Não Motorizado,4487.453366300571
387,Coletivo,40900.15644238517
387,Individual,34414.84997174129
387,Modo Motorizado,75315.00641412646
387,Modo Não Motorizado,56215.27195980694
388,Coletivo,2829.8832955085772
388,Individual,3566.5987244495004
388,Modo Motorizado,6396.482019958077
388,Modo Não Motorizado,3575.942245705483
389,Coletivo,15824.774824560574
389,Individual,23808.401037185515
389,Modo Motorizado,39633.17586174609
389,Modo Não Motorizado,36716.75605645937
390,Coletivo,4940.219584269167
390,Individual,6986.278337457257
390,Modo Motorizado,11926.497921726424
390,Modo Não Motorizado,4457.168067176747
391,Coletivo,42926.793916568226
391,Individual,29328.89508841722
391,Modo Motorizado,72255.68900498544
391,Modo Não Motorizado,36880.56166131281
392,Coletivo,977.5650447747068
392,Individual,0
392,Modo Motorizado,977.5650447747068
392,Modo Não Motorizado,0
393,Coletivo,40284.52469491506
393,Individual,40362.91189737671
393,Modo Motorizado,80647.43659229178
393,Modo Não Motorizado,64357.63192336973
394,Coletivo,9357.386551170004
394,Individual,7468.438433220578
394,Modo Motorizado,16825.824984390583
394,Modo Não Motorizado,17437.182645419918
395,Coletivo,47625.82721168232
395,Individual,34480.336587377926
395,Modo Motorizado,82106.16379906025
395,Modo Não Motorizado,65623.92269628405
396,Coletivo,44625.543444466595
396,Individual,59359.03115419572
396,Modo Motorizado,103984.57459866232
396,Modo Não Motorizado,87448.05818761601
397,Coletivo,42966.65936699632
397,Individual,23093.275490748358
397,Modo Motorizado,66059.93485774468
397,Modo Não Motorizado,51312.24561247269
398,Coletivo,28711.15170030307
398,Individual,48550.639564144454
398,Modo Motorizado,77261.79126444753
398,Modo Não Motorizado,74015.98901711691
399,Coletivo,30028.58931633822
399,Individual,11870.10587236208
399,Modo Motorizado,41898.6951887003
399,Modo Não Motorizado,36486.10048846381
400,Coletivo,49633.71741946055
400,Individual,32873.425530214925
400,Modo Motorizado,82507.14294967547
400,Modo Não Motorizado,81898.15001124184
401,Coletivo,82223.25336750042
401,Individual,80432.35687626619
401,Modo Motorizado,162655.61024376663
401,Modo Não Motorizado,141395.6053048148
402,Coletivo,9809.792976542294
402,Individual,6468.88128289039
402,Modo Motorizado,16278.674259432684
402,Modo Não Motorizado,13217.319294380075
403,Coletivo,8732.556751824337
403,Individual,3630.5173295853565
403,Modo Motorizado,12363.074081409693
403,Modo Não Motorizado,10787.220856348302
404,Coletivo,47417.00407861232
404,Individual,110067.87836744131
404,Modo Motorizado,157484.88244605364
404,Modo Não Motorizado,88598.31737671333
405,Coletivo,29167.74430155407
405,Individual,28893.476547852835
405,Modo Motorizado,58061.220849406905
405,Modo Não Motorizado,20551.078586987605
406,Coletivo,37311.95860835055
406,Individual,37190.080265991804
406,Modo Motorizado,74502.03887434235
406,Modo Não Motorizado,18023.034936341435
407,Coletivo,48159.9020836393
407,Individual,63958.01138842558
407,Modo Motorizado,112117.91347206489
407,Modo Não Motorizado,82036.74606596223
408,Coletivo,21293.55510367506
408,Individual,12731.914545187432
408,Modo Motorizado,34025.46964886249
408,Modo Não Motorizado,30915.55740277831
409,Coletivo,7923.739503645515
409,Individual,6457.673779315777
409,Modo Motorizado,14381.413282961292
409,Modo Não Motorizado,10320.36189796487
410,Coletivo,5444.119762393797
410,Individual,7284.493150462099
410,Modo Motorizado,12728.612912855897
410,Modo Não Motorizado,3899.150219183712
411,Coletivo,6939.122449692654
411,Individual,10788.840778632019
411,Modo Motorizado,17727.963228324672
411,Modo Não Motorizado,6758.974631652601
412,Coletivo,15689.732052201934
412,Individual,19866.98342823735
412,Modo Motorizado,35556.715480439285
412,Modo Não Motorizado,19341.132255013148
413,Coletivo,12980.290839643287
413,Individual,8463.56642008574
413,Modo Motorizado,21443.857259729026
413,Modo Não Motorizado,15024.873710872063
414,Coletivo,8740.207192160666
414,Individual,16303.14799578405
414,Modo Motorizado,25043.355187944715
414,Modo Não Motorizado,30181.68770027897
415,Coletivo,5798.738999969451
415,Individual,6564.689419816544
415,Modo Motorizado,12363.428419785994
415,Modo Não Motorizado,19329.205565332235
416,Coletivo,6202.739287368837
416,Individual,14878.338447773987
416,Modo Motorizado,21081.077735142826
416,Modo Não Motorizado,25692.7517152594
417,Coletivo,17803.809905465918
417,Individual,48671.993779321536
417,Modo Motorizado,66475.80368478745
417,Modo Não Motorizado,44611.70725580089
418,Coletivo,17820.693852220884
418,Individual,44362.879087342946
418,Modo Motorizado,62183.572939563834
418,Modo Não Motorizado,29954.837299460753
419,Coletivo,19624.729904025728
419,Individual,40440.55367980466
419,Modo Motorizado,60065.28358383039
419,Modo Não Motorizado,34971.993446692366
420,Coletivo,4905.714011033009
420,Individual,9913.449494106473
420,Modo Motorizado,14819.163505139482
420,Modo Não Motorizado,4363.061885338384
421,Coletivo,28112.940652982234
421,Individual,29049.312260487746
421,Modo Motorizado,57162.25291346998
421,Modo Não Motorizado,22160.172176463628
422,Coletivo,126279.17693921238
422,Individual,157268.41783582311
422,Modo Motorizado,283547.5947750355
422,Modo Não Motorizado,52038.73465428329
423,Coletivo,11507.027819042525
423,Individual,30810.03634569722
423,Modo Motorizado,42317.06416473974
423,Modo Não Motorizado,6664.540292178849
424,Coletivo,17950.286695831655
424,Individual,18743.447638879043
424,Modo Motorizado,36693.734334710694
424,Modo Não Motorizado,11270.967573939528
425,Coletivo,6168.500913290154
425,Individual,15138.37530744042
425,Modo Motorizado,21306.876220730574
425,Modo Não Motorizado,15922.110831906293
426,Coletivo,17117.53747454687
426,Individual,21845.06719157126
426,Modo Motorizado,38962.60466611813
426,Modo Não Motorizado,11393.854268149325
427,Coletivo,16885.943012940334
427,Individual,30488.470363752185
427,Modo Motorizado,47374.41337669252
427,Modo Não Motorizado,24963.338465954494
428,Coletivo,21254.161898462327
428,Individual,42503.62009590367
428,Modo Motorizado,63757.781994366
428,Modo Não Motorizado,27236.559240801147
429,Coletivo,20961.12995576107
429,Individual,44427.62589729377
429,Modo Motorizado,65388.75585305484
429,Modo Não Motorizado,35334.09715183002
430,Coletivo,22407.039158976047
430,Individual,25603.833661282126
430,Modo Motorizado,48010.87282025817
430,Modo Não Motorizado,19797.909774342086
431,Coletivo,49672.54124979241
431,Individual,78496.58448421334
431,Modo Motorizado,128169.12573400575
431,Modo Não Motorizado,54495.922012347335
432,Coletivo,42909.658951913036
432,Individual,100753.3907921866
432,Modo Motorizado,143663.04974409964
432,Modo Não Motorizado,38362.61284597749
433,Coletivo,49409.10662640387
433,Individual,46981.42596143158
433,Modo Motorizado,96390.53258783545
433,Modo Não Motorizado,43702.81134798603
434,Coletivo,1997.2706882475318
434,Individual,3628.0163573862237
434,Modo Motorizado,5625.287045633755
434,Modo Não Motorizado,745.9772748041792
435,Coletivo,34439.63324343301
435,Individual,26644.764137076276
435,Modo Motorizado,61084.39738050928
435,Modo Não Motorizado,15017.829671144707
436,Coletivo,86392.57999052253
436,Individual,87049.87860113739
436,Modo Motorizado,173442.4585916599
436,Modo Não Motorizado,89274.27845186855
437,Coletivo,71742.87602073919
437,Individual,50744.707934980244
437,Modo Motorizado,122487.58395571943
437,Modo Não Motorizado,108525.75225696505
438,Coletivo,42195.28780910786
438,Individual,29871.22059597178
438,Modo Motorizado,72066.50840507964
438,Modo Não Motorizado,51182.09816996101
439,Coletivo,8950.360880795037
439,Individual,9446.563629252925
439,Modo Motorizado,18396.92451004796
439,Modo Não Motorizado,8170.253823309209
440,Coletivo,66120.19082204551
440,Individual,65977.59318944083
440,Modo Motorizado,132097.78401148634
440,Modo Não Motorizado,44320.12557453932
441,Coletivo,12171.235778486023
441,Individual,7470.948200558495
441,Modo Motorizado,19642.18397904452
441,Modo Não Motorizado,6880.785574505033
442,Coletivo,7638.409307696019
442,Individual,6245.021884092411
442,Modo Motorizado,13883.43119178843
442,Modo Não Motorizado,4348.4784034980075
443,Coletivo,6482.67249471763
443,Individual,2724.8045884408693
443,Modo Motorizado,9207.4770831585
443,Modo Não Motorizado,5230.406468323952
444,Coletivo,15478.892259640295
444,Individual,7336.472326301126
444,Modo Motorizado,22815.36458594142
444,Modo Não Motorizado,24475.377841776186
445,Coletivo,52444.761291213465
445,Individual,81856.22705901074
445,Modo Motorizado,134300.98835022422
445,Modo Não Motorizado,43684.9487367743
446,Coletivo,29049.764859581042
446,Individual,48689.416830789334
446,Modo Motorizado,77739.18169037037
446,Modo Não Motorizado,39825.24568647598
447,Coletivo,26096.3907342225
447,Individual,53219.46720155455
447,Modo Motorizado,79315.85793577705
447,Modo Não Motorizado,25211.09364292096
448,Coletivo,40228.77612812996
448,Individual,58505.34785644247
448,Modo Motorizado,98734.12398457243
448,Modo Não Motorizado,40035.940789099666
449,Coletivo,90896.49811088442
449,Individual,117727.95401190738
449,Modo Motorizado,208624.4521227918
449,Modo Não Motorizado,44051.274027472
450,Coletivo,70388.639067724
450,Individual,73688.54534947142
450,Modo Motorizado,144077.1844171954
450,Modo Não Motorizado,106187.09633155212
451,Coletivo,52816.162944746815
451,Individual,60906.63350671463
451,Modo Motorizado,113722.79645146144
451,Modo Não Motorizado,52093.193560190106
452,Coletivo,15681.774081587937
452,Individual,17279.642080755235
452,Modo Motorizado,32961.41616234317
452,Modo Não Motorizado,28091.81992837272
453,Coletivo,13427.588982243742
453,Individual,10388.847805136891
453,Modo Motorizado,23816.436787380633
453,Modo Não Motorizado,10628.844718293847
454,Coletivo,66449.37113654483
454,Individual,56961.22913616732
454,Modo Motorizado,123410.60027271215
454,Modo Não Motorizado,102520.52909352786
455,Coletivo,49445.21224878756
455,Individual,58753.17547582155
455,Modo Motorizado,108198.38772460911
455,Modo Não Motorizado,70503.83873598733
456,Coletivo,46424.34568280431
456,Individual,49222.98374319562
456,Modo Motorizado,95647.32942599992
456,Modo Não Motorizado,71002.0652662539
457,Coletivo,31211.984775811816
457,Individual,56341.261997027716
457,Modo Motorizado,87553.24677283953
457,Modo Não Motorizado,96187.05361149089
458,Coletivo,27736.919324182338
458,Individual,26426.721795606165
458,Modo Motorizado,54163.6411197885
458,Modo Não Motorizado,37944.67067147262
459,Coletivo,30266.762765961317
459,Individual,14105.26297365461
459,Modo Motorizado,44372.02573961593
459,Modo Não Motorizado,39511.07521029241
460,Coletivo,43883.11337534331
460,Individual,43651.69462991594
460,Modo Motorizado,87534.80800525926
460,Modo Não Motorizado,36788.322583042
461,Coletivo,19369.087656943204
461,Individual,29874.008820723822
461,Modo Motorizado,49243.09647766703
461,Modo Não Motorizado,29075.183355154775
462,Coletivo,45062.93846232749
462,Individual,36491.225864224565
462,Modo Motorizado,81554.16432655205
462,Modo Não Motorizado,65530.88863554996
463,Coletivo,27808.15832409048
463,Individual,20922.75403170935
463,Modo Motorizado,48730.91235579983
463,Modo Não Motorizado,68287.76782599946
464,Coletivo,29614.431303310124
464,Individual,33784.88551712574
464,Modo Motorizado,63399.316820435866
464,Modo Não Motorizado,53362.22471757208
465,Coletivo,48777.83533652716
465,Individual,64231.51646299377
465,Modo Motorizado,113009.35179952093
465,Modo Não Motorizado,73850.89578018217
466,Coletivo,42738.99275531882
466,Individual,46523.85933271546
466,Modo Motorizado,89262.85208803427
466,Modo Não Motorizado,48457.94159743506
467,Coletivo,12686.971196274882
467,Individual,10895.029924970937
467,Modo Motorizado,23582.00112124582
467,Modo Não Motorizado,9396.819347774952
468,Coletivo,85827.33137692684
468,Individual,89679.90994814459
468,Modo Motorizado,175507.24132507143
468,Modo Não Motorizado,84484.98613759746
469,Coletivo,2531.586725133485
469,Individual,2113.018508371786
469,Modo Motorizado,4644.605233505271
469,Modo Não Motorizado,2013.4644966484943
470,Coletivo,4895.430852790564
470,Individual,6620.657218752305
470,Modo Motorizado,11516.088071542868
470,Modo Não Motorizado,3711.2122062961985
471,Coletivo,5617.974854828355
471,Individual,5563.923400854266
471,Modo Motorizado,11181.898255682621
471,Modo Não Motorizado,8961.154098423325
472,Coletivo,23576.74111874354
472,Individual,27685.43139928929
472,Modo Motorizado,51262.17251803283
472,Modo Não Motorizado,20474.78064293705
473,Coletivo,11806.46594799139
473,Individual,9323.949107546076
473,Modo Motorizado,21130.415055537465
473,Modo Não Motorizado,4386.179636798486
474,Coletivo,6002.72367080922
474,Individual,1766.9365574238168
474,Modo Motorizado,7769.660228233037
474,Modo Não Motorizado,996.6856035098085
475,Coletivo,15113.731322124577
475,Individual,13189.62760365405
475,Modo Motorizado,28303.358925778626
475,Modo Não Motorizado,15556.169536747115
476,Coletivo,62643.295115348556
476,Individual,72907.4062132524
476,Modo Motorizado,135550.70132860096
476,Modo Não Motorizado,39268.38138367297
477,Coletivo,32673.14323186857
477,Individual,50172.63190480453
477,Modo Motorizado,82845.7751366731
477,Modo Não Motorizado,36676.19162384505
478,Coletivo,47304.51749992866
478,Individual,66228.09906794925
478,Modo Motorizado,113532.6165678779
478,Modo Não Motorizado,13985.10728447576
479,Coletivo,6424.562312681909
479,Individual,6049.948621994845
479,Modo Motorizado,12474.510934676753
479,Modo Não Motorizado,3225.75624782482
480,Coletivo,20506.26045578092
480,Individual,21174.595567561242
480,Modo Motorizado,41680.85602334216
480,Modo Não Motorizado,20345.527185066607
481,Coletivo,25994.848546765028
481,Individual,40454.08655111908
481,Modo Motorizado,66448.93509788411
481,Modo Não Motorizado,40670.85373006872
482,Coletivo,10314.995849840467
482,Individual,16232.766772716226
482,Modo Motorizado,26547.762622556693
482,Modo Não Motorizado,16068.419380618365
483,Coletivo,4291.708612946538
483,Individual,6776.489611510352
483,Modo Motorizado,11068.19822445689
483,Modo Não Motorizado,936.8819447465041
484,Coletivo,63265.03990064482
484,Individual,33255.588787806424
484,Modo Motorizado,96520.62868845125
484,Modo Não Motorizado,52731.15837805267
485,Coletivo,73021.2861704347
485,Individual,45928.3649113527
485,Modo Motorizado,118949.6510817874
485,Modo Não Motorizado,75629.06865241604
486,Coletivo,25984.05397637373
486,Individual,42026.192409237905
486,Modo Motorizado,68010.24638561164
486,Modo Não Motorizado,47823.48880287312
487,Coletivo,16050.336817736796
487,Individual,14887.773898690815
487,Modo Motorizado,30938.11071642761
487,Modo Não Motorizado,11413.127649071525
488,Coletivo,14096.199171999291
488,Individual,18037.522052415607
488,Modo Motorizado,32133.721224414898
488,Modo Não Motorizado,35446.13134398489
489,Coletivo,45265.09868949877
489,Individual,36075.582482844795
489,Modo Motorizado,81340.68117234357
489,Modo Não Motorizado,8768.172684499834
490,Coletivo,31068.593291929035
490,Individual,33874.35485370859
490,Modo Motorizado,64942.94814563762
490,Modo Não Motorizado,8851.523952573558
491,Coletivo,30047.060424489668
491,Individual,27319.509503927016
491,Modo Motorizado,57366.569928416684
491,Modo Não Motorizado,15941.513346750215
492,Coletivo,41161.48211793302
492,Individual,68161.99335049686
492,Modo Motorizado,109323.47546842988
492,Modo Não Motorizado,50003.48441000023
493,Coletivo,13287.367342351463
493,Individual,9414.667376398467
493,Modo Motorizado,22702.03471874993
493,Modo Não Motorizado,13049.178949892126
494,Coletivo,26551.712975888815
494,Individual,22661.18364090816
494,Modo Motorizado,49212.89661679698
494,Modo Não Motorizado,37075.42731924859
495,Coletivo,49529.11478634841
495,Individual,47234.3518894006
495,Modo Motorizado,96763.466675749
495,Modo Não Motorizado,51992.780036115495
496,Coletivo,26426.016610114217
496,Individual,53692.4495328214
496,Modo Motorizado,80118.46614293562
496,Modo Não Motorizado,30026.51798257558
497,Coletivo,5554.870373287933
497,Individual,7977.796368711104
497,Modo Motorizado,13532.666741999037
497,Modo Não Motorizado,8396.14371885555
498,Coletivo,14774.014282397164
498,Individual,19730.678033088534
498,Modo Motorizado,34504.6923154857
498,Modo Não Motorizado,12683.531178626841
499,Coletivo,51836.946026353806
499,Individual,39981.383346055314
499,Modo Motorizado,91818.32937240912
499,Modo Não Motorizado,68021.50408965712
500,Coletivo,22403.157829472148
500,Individual,22074.0530994534
500,Modo Motorizado,44477.210928925546
500,Modo Não Motorizado,33572.69189734977
501,Coletivo,25485.68643658093
501,Individual,26626.200390171536
501,Modo Motorizado,52111.88682675247
501,Modo Não Motorizado,43698.79859970014
502,Coletivo,20155.550443582953
502,Individual,13734.008329970246
502,Modo Motorizado,33889.5587735532
502,Modo Não Motorizado,12155.562922601663
503,Coletivo,8797.33236028661
503,Individual,12734.915864402716
503,Modo Motorizado,21532.248224689327
503,Modo Não Motorizado,5512.998781239134
504,Coletivo,31406.222051892844
504,Individual,49047.20665758442
504,Modo Motorizado,80453.42870947727
504,Modo Não Motorizado,68912.65610184002
505,Coletivo,2423.425469041979
505,Individual,6014.468737019217
505,Modo Motorizado,8437.894206061195
505,Modo Não Motorizado,1594.7704914505948
506,Coletivo,29031.84986353243
506,Individual,38718.76920394388
506,Modo Motorizado,67750.6190674763
506,Modo Não Motorizado,13641.330057711211
507,Coletivo,17974.604212988495
507,Individual,29465.792908497584
507,Modo Motorizado,47440.39712148608
507,Modo Não Motorizado,8317.634062291825
508,Coletivo,67860.22849917864
508,Individual,102706.29008881026
508,Modo Motorizado,170566.51858798892
508,Modo Não Motorizado,74080.31760416998
509,Coletivo,2546.378643383029
509,Individual,2883.9967541046176
509,Modo Motorizado,5430.375397487647
509,Modo Não Motorizado,1461.1138261911237
510,Coletivo,0
510,Individual,0
510,Modo Motorizado,0
510,Modo Não Motorizado,0
511,Coletivo,12080.707491533693
511,Individual,17980.96638197561
511,Modo Motorizado,30061.673873509302
511,Modo Não Motorizado,27696.137172568084
512,Coletivo,21750.872028861584
512,Individual,35744.56385811388
512,Modo Motorizado,57495.435886975465
512,Modo Não Motorizado,38647.12246784214
513,Coletivo,976.4027498201372
513,Individual,1595.909369346609
513,Modo Motorizado,2572.312119166746
513,Modo Não Motorizado,395.7886180974502
514,Coletivo,52357.026944213125
514,Individual,44217.60510582414
514,Modo Motorizado,96574.63205003727
514,Modo Não Motorizado,60314.11081346508
515,Coletivo,54071.22741154438
515,Individual,46896.563997205674
515,Modo Motorizado,100967.79140875005
515,Modo Não Motorizado,53982.52608892252
516,Coletivo,64903.23531314176
516,Individual,95400.49713044016
516,Modo Motorizado,160303.73244358192
516,Modo Não Motorizado,53303.02000877906
517,Coletivo,6246.481342756613
517,Individual,2950.4942519154993
517,Modo Motorizado,9196.975594672112
517,Modo Não Motorizado,13722.931262386595
