COD_ZONA,VIAGENS_ATRAIDAS_POR_TIPO,QTD
1,Coletivo,101862.29400011411
1,Individual,16479.34904615694
1,Modo Motorizado,118341.64304627106
1,Modo Não Motorizado,41815.84330316735
2,Coletivo,82358.27315688787
2,Individual,28982.452055403217
2,Modo Motorizado,111340.72521229109
2,Modo Não Motorizado,26965.6854615313
3,Coletivo,29626.482800436923
3,Individual,9207.787430169834
3,Modo Motorizado,38834.27023060676
3,Modo Não Motorizado,23668.56680623884
4,Coletivo,33763.72147466583
4,Individual,15819.633239139048
4,Modo Motorizado,49583.354713804874
4,Modo Não Motorizado,28702.207560930125
5,Coletivo,108309.78349412997
5,Individual,25823.18311195966
5,Modo Motorizado,134132.9666060896
5,Modo Não Motorizado,53019.77690869596
6,Coletivo,53941.532469248945
6,Individual,17582.39364303142
6,Modo Motorizado,71523.92611228037
6,Modo Não Motorizado,37826.59154107509
7,Coletivo,42867.56224141982
7,Individual,18502.061181968413
7,Modo Motorizado,61369.623423388235
7,Modo Não Motorizado,32310.91308712168
8,Coletivo,11854.880392922323
8,Individual,6842.310924124425
8,Modo Motorizado,18697.19131704675
8,Modo Não Motorizado,21472.80518232751
9,Coletivo,20452.63745551634
9,Individual,7212.532605358336
9,Modo Motorizado,27665.170060874676
9,Modo Não Motorizado,8856.706687674834
10,Coletivo,15848.60891520696
10,Individual,3679.4800254721554
10,Modo Motorizado,19528.088940679114
10,Modo Não Motorizado,4502.366176553273
11,Coletivo,3873.749361946422
11,Individual,5724.017459917356
11,Modo Motorizado,9597.766821863777
11,Modo Não Motorizado,1783.028748648542
12,Coletivo,18030.674390814824
12,Individual,10374.796814954814
12,Modo Motorizado,28405.471205769638
12,Modo Não Motorizado,16518.35330641546
13,Coletivo,12106.448385440697
13,Individual,8238.51599539768
13,Modo Motorizado,20344.964380838377
13,Modo Não Motorizado,4216.592869041944
14,Coletivo,36286.69023106789
14,Individual,14972.280642132138
14,Modo Motorizado,51258.97087320003
14,Modo Não Motorizado,15521.294712970846
15,Coletivo,21491.456025704545
15,Individual,5499.590962769329
15,Modo Motorizado,26991.046988473874
15,Modo Não Motorizado,9250.27618067643
16,Coletivo,25204.56675954893
16,Individual,7715.010782985833
16,Modo Motorizado,32919.57754253476
16,Modo Não Motorizado,15277.605143003317
17,Coletivo,15236.665193222443
17,Individual,5383.5426190837825
17,Modo Motorizado,20620.207812306224
17,Modo Não Motorizado,10887.026698485333
18,Coletivo,28519.23622608778
18,Individual,24226.236160956887
18,Modo Motorizado,52745.47238704467
18,Modo Não Motorizado,20492.182856152955
19,Coletivo,18550.66348914225
19,Individual,28211.805955466058
19,Modo Motorizado,46762.46944460831
19,Modo Não Motorizado,11140.357585166394
20,Coletivo,15620.831877899058
20,Individual,15714.41180182064
20,Modo Motorizado,31335.2436797197
20,Modo Não Motorizado,14694.437135646605
21,Coletivo,13587.903835932346
21,Individual,21181.072688243556
21,Modo Motorizado,34768.9765241759
21,Modo Não Motorizado,9548.690554566558
22,Coletivo,15436.170038681514
22,Individual,10029.20206008105
22,Modo Motorizado,25465.372098762564
22,Modo Não Motorizado,11773.494855139214
23,Coletivo,46880.05919088396
23,Individual,15610.16717934163
23,Modo Motorizado,62490.226370225595
23,Modo Não Motorizado,11197.41075613853
24,Coletivo,54861.02787325072
24,Individual,14667.543348081934
24,Modo Motorizado,69528.57122133265
24,Modo Não Motorizado,20005.278825927715
25,Coletivo,13498.201326492015
25,Individual,8223.236683789539
25,Modo Motorizado,21721.438010281556
25,Modo Não Motorizado,19107.859444366288
26,Coletivo,20049.4215381051
26,Individual,17493.917514915458
26,Modo Motorizado,37543.33905302056
26,Modo Não Motorizado,17137.175429611238
27,Coletivo,58845.04504806878
27,Individual,32252.243783527145
27,Modo Motorizado,91097.28883159593
27,Modo Não Motorizado,29217.272869506327
28,Coletivo,39498.27036233483
28,Individual,19775.550120368574
28,Modo Motorizado,59273.820482703406
28,Modo Não Motorizado,17498.11114757499
29,Coletivo,50478.44329642741
29,Individual,21918.252361992203
29,Modo Motorizado,72396.69565841962
29,Modo Não Motorizado,22391.406915318013
30,Coletivo,21075.37598600446
30,Individual,21157.125826849133
30,Modo Motorizado,42232.50181285359
30,Modo Não Motorizado,20497.914133278355
31,Coletivo,62723.331290980714
31,Individual,27229.77095510941
31,Modo Motorizado,89953.10224609013
31,Modo Não Motorizado,29435.205038257205
32,Coletivo,61675.492470141144
32,Individual,17057.3301451465
32,Modo Motorizado,78732.82261528765
32,Modo Não Motorizado,33818.804251137975
33,Coletivo,2840.725943167653
33,Individual,2500.6363829455386
33,Modo Motorizado,5341.362326113192
33,Modo Não Motorizado,1585.1764055854728
34,Coletivo,8228.139691814345
34,Individual,17996.684695084616
34,Modo Motorizado,26224.82438689896
34,Modo Não Motorizado,6658.086762900111
35,Coletivo,46980.79670917647
35,Individual,21541.073708920416
35,Modo Motorizado,68521.87041809689
35,Modo Não Motorizado,43735.583453215826
36,Coletivo,47754.85810669877
36,Individual,35914.71930559524
36,Modo Motorizado,83669.577412294
36,Modo Não Motorizado,28872.159076975815
37,Coletivo,16071.138553133811
37,Individual,11091.714196219393
37,Modo Motorizado,27162.852749353202
37,Modo Não Motorizado,6387.992568004946
38,Coletivo,3265.414098238253
38,Individual,4089.7512395059866
38,Modo Motorizado,7355.16533774424
38,Modo Não Motorizado,4799.200852897895
39,Coletivo,14630.244953041507
39,Individual,7265.41282028267
39,Modo Motorizado,21895.657773324176
39,Modo Não Motorizado,3686.038523050115
40,Coletivo,22895.8324262423
40,Individual,9186.426436185004
40,Modo Motorizado,32082.258862427305
40,Modo Não Motorizado,10872.19613665769
41,Coletivo,31256.54485430465
41,Individual,21580.459374347643
41,Modo Motorizado,52837.004228652295
41,Modo Não Motorizado,28146.99317874247
42,Coletivo,14630.066355547564
42,Individual,7847.140561164473
42,Modo Motorizado,22477.206916712035
42,Modo Não Motorizado,6774.445116141207
43,Coletivo,63288.1498085783
43,Individual,26056.50828167009
43,Modo Motorizado,89344.65809024838
43,Modo Não Motorizado,20766.882551085637
44,Coletivo,24743.511912060025
44,Individual,24364.824568727778
44,Modo Motorizado,49108.3364807878
44,Modo Não Motorizado,12042.348842805093
45,Coletivo,36247.62864568681
45,Individual,34188.29599606443
45,Modo Motorizado,70435.92464175125
45,Modo Não Motorizado,26933.001112756217
46,Coletivo,24701.34377911515
46,Individual,19540.62703871925
46,Modo Motorizado,44241.9708178344
46,Modo Não Motorizado,26630.734821508093
47,Coletivo,10157.968938615193
47,Individual,17997.923530673103
47,Modo Motorizado,28155.892469288294
47,Modo Não Motorizado,15198.808504710725
48,Coletivo,18461.764734877223
48,Individual,18663.258895804138
48,Modo Motorizado,37125.02363068136
48,Modo Não Motorizado,11776.522643404263
49,Coletivo,32078.100456647036
49,Individual,15567.691559580271
49,Modo Motorizado,47645.79201622731
49,Modo Não Motorizado,13181.085186601342
50,Coletivo,4829.060890871857
50,Individual,9077.079426017966
50,Modo Motorizado,13906.140316889823
50,Modo Não Motorizado,2982.627460426114
51,Coletivo,9767.88885676743
51,Individual,13845.633012348517
51,Modo Motorizado,23613.521869115946
51,Modo Não Motorizado,6273.342552378724
52,Coletivo,24570.05506395411
52,Individual,10272.407823314861
52,Modo Motorizado,34842.46288726897
52,Modo Não Motorizado,6109.770292113275
53,Coletivo,35842.200271035836
53,Individual,20719.601741110615
53,Modo Motorizado,56561.80201214645
53,Modo Não Motorizado,10418.720836292865
54,Coletivo,42088.645084356154
54,Individual,26974.29793898692
54,Modo Motorizado,69062.94302334308
54,Modo Não Motorizado,22508.263906508764
55,Coletivo,21780.05780780157
55,Individual,22972.51871527893
55,Modo Motorizado,44752.5765230805
55,Modo Não Motorizado,6433.8080110766805
56,Coletivo,32528.671569947557
56,Individual,25058.060521283016
56,Modo Motorizado,57586.73209123057
56,Modo Não Motorizado,19740.338595142457
57,Coletivo,43962.42548563251
57,Individual,37663.630856987686
57,Modo Motorizado,81626.0563426202
57,Modo Não Motorizado,29699.851766670356
58,Coletivo,28153.32932275738
58,Individual,14121.743000830445
58,Modo Motorizado,42275.072323587825
58,Modo Não Motorizado,13286.913994077995
59,Coletivo,70655.89783845015
59,Individual,43784.99342288442
59,Modo Motorizado,114440.89126133457
59,Modo Não Motorizado,50554.17538948344
60,Coletivo,22465.14114484331
60,Individual,36031.622613235464
60,Modo Motorizado,58496.76375807877
60,Modo Não Motorizado,9821.149793423941
61,Coletivo,32121.12960372211
61,Individual,26131.25953900754
61,Modo Motorizado,58252.38914272965
61,Modo Não Motorizado,17860.06812155297
62,Coletivo,23903.20987514887
62,Individual,18331.25627410772
62,Modo Motorizado,42234.466149256594
62,Modo Não Motorizado,6371.157247101122
63,Coletivo,21882.19437988025
63,Individual,13474.980322381856
63,Modo Motorizado,35357.174702262106
63,Modo Não Motorizado,1708.0284468215284
64,Coletivo,36879.45481423261
64,Individual,42873.75848792702
64,Modo Motorizado,79753.21330215962
64,Modo Não Motorizado,26415.17542178336
65,Coletivo,17161.659905250657
65,Individual,36764.6309895178
65,Modo Motorizado,53926.290894768455
65,Modo Não Motorizado,14635.81957044637
66,Coletivo,21855.882755502396
66,Individual,32273.762107921866
66,Modo Motorizado,54129.64486342426
66,Modo Não Motorizado,6782.229800262179
67,Coletivo,12389.336701704682
67,Individual,12060.94581607654
67,Modo Motorizado,24450.282517781223
67,Modo Não Motorizado,8182.968191101441
68,Coletivo,58295.36679015554
68,Individual,55147.770837255775
68,Modo Motorizado,113443.13762741131
68,Modo Não Motorizado,57712.43729137497
69,Coletivo,20581.13796665893
69,Individual,22588.709729538303
69,Modo Motorizado,43169.847696197234
69,Modo Não Motorizado,17554.70817448057
70,Coletivo,23209.309823651325
70,Individual,19441.886474510564
70,Modo Motorizado,42651.196298161885
70,Modo Não Motorizado,12495.23548557377
71,Coletivo,20348.795195202325
71,Individual,30592.849425805387
71,Modo Motorizado,50941.64462100771
71,Modo Não Motorizado,15440.770148824478
72,Coletivo,23674.568034487347
72,Individual,23899.842116516535
72,Modo Motorizado,47574.41015100388
72,Modo Não Motorizado,13465.50821619936
73,Coletivo,71346.4768209242
73,Individual,49488.4589873268
73,Modo Motorizado,120834.935808251
73,Modo Não Motorizado,60371.485462613964
74,Coletivo,38462.00345605793
74,Individual,18873.589460638206
74,Modo Motorizado,57335.592916696136
74,Modo Não Motorizado,18911.610830192178
75,Coletivo,15188.405959943571
75,Individual,13981.836807471816
75,Modo Motorizado,29170.242767415388
75,Modo Não Motorizado,13374.546660593542
76,Coletivo,17243.03556343629
76,Individual,23507.480951365076
76,Modo Motorizado,40750.51651480136
76,Modo Não Motorizado,9893.52543180028
77,Coletivo,47372.52662891832
77,Individual,27782.31036952002
77,Modo Motorizado,75154.83699843835
77,Modo Não Motorizado,20142.579683241776
78,Coletivo,21717.375836334184
78,Individual,21488.315784322127
78,Modo Motorizado,43205.69162065631
78,Modo Não Motorizado,15128.425318991616
79,Coletivo,64096.75827306079
79,Individual,33923.274710566955
79,Modo Motorizado,98020.03298362775
79,Modo Não Motorizado,27671.969636587903
80,Coletivo,32794.320654533636
80,Individual,24534.381448475986
80,Modo Motorizado,57328.70210300962
80,Modo Não Motorizado,23846.40054092432
81,Coletivo,35707.18974807698
81,Individual,32661.780405708476
81,Modo Motorizado,68368.97015378546
81,Modo Não Motorizado,19386.550109466112
82,Coletivo,81775.7424837159
82,Individual,47869.16160726338
82,Modo Motorizado,129644.90409097928
82,Modo Não Motorizado,34712.11920021848
83,Coletivo,35676.5699036921
83,Individual,33016.790457842435
83,Modo Motorizado,68693.36036153453
83,Modo Não Motorizado,21513.251545352563
84,Coletivo,16043.092875425971
84,Individual,25342.0594048529
84,Modo Motorizado,41385.15228027887
84,Modo Não Motorizado,13320.22894394815
85,Coletivo,7265.710390145934
85,Individual,8881.52775169591
85,Modo Motorizado,16147.238141841844
85,Modo Não Motorizado,4202.471278584344
86,Coletivo,4625.051246976809
86,Individual,3786.383685586847
86,Modo Motorizado,8411.434932563656
86,Modo Não Motorizado,1834.6928988038999
87,Coletivo,16594.33846278388
87,Individual,19943.276782606154
87,Modo Motorizado,36537.61524539003
87,Modo Não Motorizado,8063.481830940478
88,Coletivo,24920.046007309273
88,Individual,47513.10672098208
88,Modo Motorizado,72433.15272829136
88,Modo Não Motorizado,32178.86668185955
89,Coletivo,8150.751226045538
89,Individual,9000.254186008116
89,Modo Motorizado,17151.005412053655
89,Modo Não Motorizado,3694.7182241166133
90,Coletivo,11430.589029729566
90,Individual,23648.329095086552
90,Modo Motorizado,35078.91812481612
90,Modo Não Motorizado,9980.274572101856
91,Coletivo,44064.97222287568
91,Individual,13249.051793869276
91,Modo Motorizado,57314.02401674495
91,Modo Não Motorizado,5001.210897858403
92,Coletivo,14645.783643206205
92,Individual,7897.187418095392
92,Modo Motorizado,22542.971061301596
92,Modo Não Motorizado,8269.901117744717
93,Coletivo,87082.19181143283
93,Individual,18349.1560600567
93,Modo Motorizado,105431.34787148953
93,Modo Não Motorizado,13253.3992326381
94,Coletivo,24470.74538043515
94,Individual,16445.973477000163
94,Modo Motorizado,40916.71885743531
94,Modo Não Motorizado,12756.27275461927
95,Coletivo,12335.267363204759
95,Individual,20352.326468482934
95,Modo Motorizado,32687.593831687693
95,Modo Não Motorizado,9723.720972630905
96,Coletivo,12328.763990018837
96,Individual,17085.072597018698
96,Modo Motorizado,29413.836587037535
96,Modo Não Motorizado,4346.995762022727
97,Coletivo,14268.666579979872
97,Individual,22014.263307689293
97,Modo Motorizado,36282.92988766916
97,Modo Não Motorizado,7097.4147660983
98,Coletivo,8779.464370033314
98,Individual,4796.360377238826
98,Modo Motorizado,13575.824747272141
98,Modo Não Motorizado,2296.6271198772974
99,Coletivo,22762.17318964989
99,Individual,15762.572832993017
99,Modo Motorizado,38524.74602264291
99,Modo Não Motorizado,4954.729494694452
100,Coletivo,83315.69177803193
100,Individual,44806.55949803345
100,Modo Motorizado,128122.25127606539
100,Modo Não Motorizado,21538.879770606352
101,Coletivo,16456.385986213532
101,Individual,22759.184028280455
101,Modo Motorizado,39215.57001449399
101,Modo Não Motorizado,7699.031084342256
102,Coletivo,12122.509247355867
102,Individual,15706.947638876709
102,Modo Motorizado,27829.456886232576
102,Modo Não Motorizado,4345.667092748639
103,Coletivo,5744.268105096244
103,Individual,5036.415597662594
103,Modo Motorizado,10780.683702758837
103,Modo Não Motorizado,811.9851193606324
104,Coletivo,6130.533938492601
104,Individual,9149.171828634817
104,Modo Motorizado,15279.705767127418
104,Modo Não Motorizado,2566.5486809167783
105,Coletivo,20829.970364529967
105,Individual,20512.683443299546
105,Modo Motorizado,41342.65380782951
105,Modo Não Motorizado,7256.419011763938
106,Coletivo,14313.706683477847
106,Individual,12145.870668838306
106,Modo Motorizado,26459.577352316155
106,Modo Não Motorizado,5132.592887043738
107,Coletivo,16777.440846692956
107,Individual,27182.990264305816
107,Modo Motorizado,43960.431110998776
107,Modo Não Motorizado,6367.211644446746
108,Coletivo,12432.35836077762
108,Individual,11733.470352427637
108,Modo Motorizado,24165.828713205257
108,Modo Não Motorizado,1973.82240433924
109,Coletivo,88482.31958700116
109,Individual,42839.73815055797
109,Modo Motorizado,131322.05773755914
109,Modo Não Motorizado,50737.76404395302
110,Coletivo,39740.38296295146
110,Individual,27178.228464849817
110,Modo Motorizado,66918.61142780128
110,Modo Não Motorizado,24625.95310769244
111,Coletivo,25597.810059272353
111,Individual,28225.30894289579
111,Modo Motorizado,53823.11900216814
111,Modo Não Motorizado,30313.018848671723
112,Coletivo,20082.833560288003
112,Individual,13106.973918141966
112,Modo Motorizado,33189.80747842997
112,Modo Não Motorizado,24337.35830561501
113,Coletivo,23530.473995403732
113,Individual,22278.571650367998
113,Modo Motorizado,45809.04564577173
113,Modo Não Motorizado,11765.818467630177
114,Coletivo,0
114,Individual,0
114,Modo Motorizado,0
114,Modo Não Motorizado,238.7222365598744
115,Coletivo,31217.643565842092
115,Individual,14682.291022906356
115,Modo Motorizado,45899.93458874845
115,Modo Não Motorizado,24029.574979291967
116,Coletivo,117256.93221818414
116,Individual,33949.04381370608
116,Modo Motorizado,151205.97603189023
116,Modo Não Motorizado,88393.28020307345
117,Coletivo,28596.28317771138
117,Individual,21675.277571932376
117,Modo Motorizado,50271.56074964376
117,Modo Não Motorizado,9888.97182595164
118,Coletivo,7751.041219634514
118,Individual,6172.842233759245
118,Modo Motorizado,13923.883453393759
118,Modo Não Motorizado,8131.408283229305
119,Coletivo,61420.212072640636
119,Individual,15747.941209409795
119,Modo Motorizado,77168.15328205044
119,Modo Não Motorizado,34710.844887719286
120,Coletivo,0
120,Individual,0
120,Modo Motorizado,0
120,Modo Não Motorizado,0
121,Coletivo,37598.2168848703
121,Individual,17943.30688481615
121,Modo Motorizado,55541.52376968645
121,Modo Não Motorizado,39073.404195044204
122,Coletivo,26923.121769750433
122,Individual,15898.646170926504
122,Modo Motorizado,42821.76794067694
122,Modo Não Motorizado,30119.267315064408
123,Coletivo,42097.20921828653
123,Individual,9864.30779513392
123,Modo Motorizado,51961.51701342045
123,Modo Não Motorizado,32042.013403879424
124,Coletivo,53185.411416934636
124,Individual,31945.04344011384
124,Modo Motorizado,85130.45485704848
124,Modo Não Motorizado,45103.31703957946
125,Coletivo,23371.143735045785
125,Individual,13383.050403083267
125,Modo Motorizado,36754.19413812905
125,Modo Não Motorizado,43389.46601313621
126,Coletivo,25338.438653106135
126,Individual,23492.555248171706
126,Modo Motorizado,48830.99390127784
126,Modo Não Motorizado,23042.07372831141
127,Coletivo,38979.51090773379
127,Individual,50150.94375535066
127,Modo Motorizado,89130.45466308444
127,Modo Não Motorizado,39014.35084900178
128,Coletivo,16232.405750859854
128,Individual,16598.46435786587
128,Modo Motorizado,32830.87010872572
128,Modo Não Motorizado,2926.310959964321
129,Coletivo,30254.657594447035
129,Individual,22169.899936634585
129,Modo Motorizado,52424.55753108162
129,Modo Não Motorizado,10293.828315206321
130,Coletivo,4028.7765016800527
130,Individual,4080.2497672598465
130,Modo Motorizado,8109.026268939899
130,Modo Não Motorizado,1552.7742565416274
131,Coletivo,17764.72767491862
131,Individual,7713.3028441730075
131,Modo Motorizado,25478.030519091626
131,Modo Não Motorizado,6582.3961616108245
132,Coletivo,7025.004493304087
132,Individual,7245.190371901263
132,Modo Motorizado,14270.19486520535
132,Modo Não Motorizado,603.7345105870095
133,Coletivo,35666.92128923398
133,Individual,37218.407811282814
133,Modo Motorizado,72885.3291005168
133,Modo Não Motorizado,19231.454930645672
134,Coletivo,23470.470084014847
134,Individual,37046.25627382575
134,Modo Motorizado,60516.7263578406
134,Modo Não Motorizado,12176.366243943441
135,Coletivo,30318.026772498135
135,Individual,30279.620077091848
135,Modo Motorizado,60597.64684958998
135,Modo Não Motorizado,23067.34662592753
136,Coletivo,28299.61502400968
136,Individual,33033.4500201867
136,Modo Motorizado,61333.06504419638
136,Modo Não Motorizado,28938.35976791058
137,Coletivo,37989.34574166392
137,Individual,39958.22646316068
137,Modo Motorizado,77947.5722048246
137,Modo Não Motorizado,28930.90730665313
138,Coletivo,8709.277786834933
138,Individual,14126.099262457179
138,Modo Motorizado,22835.37704929211
138,Modo Não Motorizado,11721.3207335403
139,Coletivo,24909.738671485782
139,Individual,18282.157330418882
139,Modo Motorizado,43191.896001904664
139,Modo Não Motorizado,19831.511180793466
140,Coletivo,23756.482212829953
140,Individual,17976.581496408075
140,Modo Motorizado,41733.06370923803
140,Modo Não Motorizado,48093.047549716226
141,Coletivo,58368.65082375816
141,Individual,41917.065750293106
141,Modo Motorizado,100285.71657405127
141,Modo Não Motorizado,60419.66471532546
142,Coletivo,32988.223490006705
142,Individual,24782.039437793643
142,Modo Motorizado,57770.262927800344
142,Modo Não Motorizado,40428.75560012784
143,Coletivo,0
143,Individual,0
143,Modo Motorizado,0
143,Modo Não Motorizado,0
144,Coletivo,67610.78094314238
144,Individual,62428.63016128681
144,Modo Motorizado,130039.4111044292
144,Modo Não Motorizado,33647.09935307015
145,Coletivo,4810.196307133463
145,Individual,11295.781493087852
145,Modo Motorizado,16105.977800221315
145,Modo Não Motorizado,4166.301917665346
146,Coletivo,0
146,Individual,0
146,Modo Motorizado,0
146,Modo Não Motorizado,0
147,Coletivo,25107.18952517777
147,Individual,18492.858198373102
147,Modo Motorizado,43600.04772355087
147,Modo Não Motorizado,28774.401703995114
148,Coletivo,12530.260249331943
148,Individual,15538.516533234488
148,Modo Motorizado,28068.77678256643
148,Modo Não Motorizado,20795.110756706275
149,Coletivo,0
149,Individual,77.55974274935924
149,Modo Motorizado,77.55974274935924
149,Modo Não Motorizado,350.1069641131846
150,Coletivo,27140.093641331372
150,Individual,12738.177984140257
150,Modo Motorizado,39878.27162547163
150,Modo Não Motorizado,23666.777610806952
151,Coletivo,51051.06524618356
151,Individual,52145.241705005355
151,Modo Motorizado,103196.30695118892
151,Modo Não Motorizado,75981.22284632473
152,Coletivo,21830.939733542087
152,Individual,30467.731128724095
152,Modo Motorizado,52298.67086226618
152,Modo Não Motorizado,27157.589721039454
153,Coletivo,18860.16631257028
153,Individual,17243.323952692797
153,Modo Motorizado,36103.49026526308
153,Modo Não Motorizado,5322.571527097816
154,Coletivo,35336.457021110735
154,Individual,44455.07102150928
154,Modo Motorizado,79791.52804262002
154,Modo Não Motorizado,20508.174220908033
155,Coletivo,14599.152701582861
155,Individual,9398.855752494006
155,Modo Motorizado,23998.008454076866
155,Modo Não Motorizado,18605.695334391286
156,Coletivo,33253.942707783586
156,Individual,30168.42764046398
156,Modo Motorizado,63422.37034824757
156,Modo Não Motorizado,24851.104665690676
157,Coletivo,10999.212528919172
157,Individual,14049.849154692734
157,Modo Motorizado,25049.061683611908
157,Modo Não Motorizado,9544.699730091179
158,Coletivo,31804.176122620305
158,Individual,19047.248404714617
158,Modo Motorizado,50851.42452733492
158,Modo Não Motorizado,25018.05056384431
159,Coletivo,28730.287438967633
159,Individual,32185.619767969914
159,Modo Motorizado,60915.90720693755
159,Modo Não Motorizado,39478.31123820448
160,Coletivo,22422.634672312768
160,Individual,15401.118320429676
160,Modo Motorizado,37823.75299274245
160,Modo Não Motorizado,15674.28500239137
161,Coletivo,27798.027476055315
161,Individual,43331.49838299414
161,Modo Motorizado,71129.52585904946
161,Modo Não Motorizado,50833.60147181515
162,Coletivo,27007.10481085942
162,Individual,21908.572796821518
162,Modo Motorizado,48915.67760768093
162,Modo Não Motorizado,19851.694590747305
163,Coletivo,26159.579871634425
163,Individual,48209.155314614334
163,Modo Motorizado,74368.73518624876
163,Modo Não Motorizado,23153.06906199205
164,Coletivo,9126.233449469173
164,Individual,9210.909640495873
164,Modo Motorizado,18337.143089965044
164,Modo Não Motorizado,7398.074983718177
165,Coletivo,18093.095639310395
165,Individual,14719.942348094184
165,Modo Motorizado,32813.037987404576
165,Modo Não Motorizado,4748.580162869464
166,Coletivo,51203.031187370216
166,Individual,45728.729429003295
166,Modo Motorizado,96931.7606163735
166,Modo Não Motorizado,22395.74678438176
167,Coletivo,56550.89264893969
167,Individual,38836.80186908008
167,Modo Motorizado,95387.69451801977
167,Modo Não Motorizado,22746.63883076331
168,Coletivo,32925.01766930666
168,Individual,23116.992274557655
168,Modo Motorizado,56042.009943864316
168,Modo Não Motorizado,18037.089360198082
169,Coletivo,50739.777433319956
169,Individual,23523.174068745637
169,Modo Motorizado,74262.9515020656
169,Modo Não Motorizado,13013.332043166285
170,Coletivo,48028.85372271296
170,Individual,25145.819420806863
170,Modo Motorizado,73174.67314351982
170,Modo Não Motorizado,24130.035363724168
171,Coletivo,38241.93959478595
171,Individual,21902.51726238471
171,Modo Motorizado,60144.45685717066
171,Modo Não Motorizado,21017.626106318516
172,Coletivo,18932.732277418072
172,Individual,20596.056241500482
172,Modo Motorizado,39528.788518918554
172,Modo Não Motorizado,12447.339402585636
173,Coletivo,15460.53543942155
173,Individual,10822.56957232558
173,Modo Motorizado,26283.10501174713
173,Modo Não Motorizado,18833.592973980165
174,Coletivo,31912.93428089444
174,Individual,14010.581621170393
174,Modo Motorizado,45923.51590206483
174,Modo Não Motorizado,40115.49069997823
175,Coletivo,18561.226274330296
175,Individual,16847.112053776327
175,Modo Motorizado,35408.33832810662
175,Modo Não Motorizado,24741.6184316602
176,Coletivo,18701.754275998283
176,Individual,20249.20802158144
176,Modo Motorizado,38950.962297579725
176,Modo Não Motorizado,19552.012734551838
177,Coletivo,4246.693466209103
177,Individual,4317.880005965183
177,Modo Motorizado,8564.573472174285
177,Modo Não Motorizado,5367.364473036417
178,Coletivo,2065.8889495925328
178,Individual,616.3956663186941
178,Modo Motorizado,2682.284615911227
178,Modo Não Motorizado,1266.2676952357824
179,Coletivo,0
179,Individual,0
179,Modo Motorizado,0
179,Modo Não Motorizado,0
180,Coletivo,37786.50621281849
180,Individual,24836.328985958346
180,Modo Motorizado,62622.83519877683
180,Modo Não Motorizado,57140.64496965159
181,Coletivo,28091.733620276285
181,Individual,27844.622042674946
181,Modo Motorizado,55936.35566295123
181,Modo Não Motorizado,26605.68228012739
182,Coletivo,25008.170778993033
182,Individual,15375.206082665718
182,Modo Motorizado,40383.37686165875
182,Modo Não Motorizado,25070.738262886094
183,Coletivo,27748.614504114557
183,Individual,20858.536142342335
183,Modo Motorizado,48607.150646456896
183,Modo Não Motorizado,19100.247916513348
184,Coletivo,10781.993603872897
184,Individual,10935.87065884855
184,Modo Motorizado,21717.864262721447
184,Modo Não Motorizado,21194.31173789496
185,Coletivo,12411.043242652066
185,Individual,5792.711165674974
185,Modo Motorizado,18203.75440832704
185,Modo Não Motorizado,11688.24916906353
186,Coletivo,8926.579336956169
186,Individual,2926.8122603099546
186,Modo Motorizado,11853.391597266123
186,Modo Não Motorizado,5531.894018662556
187,Coletivo,22645.096524063323
187,Individual,12183.27656012329
187,Modo Motorizado,34828.37308418661
187,Modo Não Motorizado,28324.842308685453
188,Coletivo,32658.82021025003
188,Individual,21315.23785732818
188,Modo Motorizado,53974.05806757821
188,Modo Não Motorizado,23185.607468402744
189,Coletivo,31814.005556023163
189,Individual,28625.643903546505
189,Modo Motorizado,60439.64945956967
189,Modo Não Motorizado,31511.467190495958
190,Coletivo,38215.382857188655
190,Individual,24497.395338128514
190,Modo Motorizado,62712.778195317165
190,Modo Não Motorizado,20953.74827202687
191,Coletivo,20304.62257033437
191,Individual,6495.515541490894
191,Modo Motorizado,26800.138111825265
191,Modo Não Motorizado,1575.24012849787
192,Coletivo,19155.144826108306
192,Individual,9647.375707662253
192,Modo Motorizado,28802.52053377056
192,Modo Não Motorizado,22754.04964001217
193,Coletivo,12977.960401464732
193,Individual,9296.458433863103
193,Modo Motorizado,22274.418835327837
193,Modo Não Motorizado,14980.72121323805
194,Coletivo,14504.371361811844
194,Individual,3560.9554402325793
194,Modo Motorizado,18065.326802044423
194,Modo Não Motorizado,16252.779325041087
195,Coletivo,20136.52709238126
195,Individual,8593.461016494413
195,Modo Motorizado,28729.988108875674
195,Modo Não Motorizado,19545.379791443593
196,Coletivo,21528.156309988146
196,Individual,8470.404809132306
196,Modo Motorizado,29998.56111912045
196,Modo Não Motorizado,20651.67171808806
197,Coletivo,20972.115161188787
197,Individual,13614.767783783314
197,Modo Motorizado,34586.8829449721
197,Modo Não Motorizado,15222.847858573736
198,Coletivo,46703.158447344416
198,Individual,28016.19522565508
198,Modo Motorizado,74719.3536729995
198,Modo Não Motorizado,27080.143859310276
199,Coletivo,38424.75036734161
199,Individual,36798.50379340568
199,Modo Motorizado,75223.25416074728
199,Modo Não Motorizado,88348.01971208167
200,Coletivo,14351.414382056932
200,Individual,10579.79812807362
200,Modo Motorizado,24931.21251013055
200,Modo Não Motorizado,27750.411996679235
201,Coletivo,39380.9190606273
201,Individual,31453.942244845577
201,Modo Motorizado,70834.86130547288
201,Modo Não Motorizado,70041.1051876569
202,Coletivo,49767.96482536626
202,Individual,19105.56213917144
202,Modo Motorizado,68873.5269645377
202,Modo Não Motorizado,25392.369517774816
203,Coletivo,29603.493123076303
203,Individual,8924.821307891245
203,Modo Motorizado,38528.31443096755
203,Modo Não Motorizado,31450.552005962007
204,Coletivo,50035.62876962256
204,Individual,32222.004233023876
204,Modo Motorizado,82257.63300264644
204,Modo Não Motorizado,84863.87281791226
205,Coletivo,45621.91504609847
205,Individual,28895.18718319149
205,Modo Motorizado,74517.10222928996
205,Modo Não Motorizado,71614.50144454735
206,Coletivo,38907.22570535167
206,Individual,31558.04452010239
206,Modo Motorizado,70465.27022545406
206,Modo Não Motorizado,30588.477619613237
207,Coletivo,37294.19277823459
207,Individual,21309.039406462136
207,Modo Motorizado,58603.232184696724
207,Modo Não Motorizado,71619.40216365104
208,Coletivo,37498.2869620755
208,Individual,36595.14143931178
208,Modo Motorizado,74093.42840138728
208,Modo Não Motorizado,26398.174773183182
209,Coletivo,26889.83276782526
209,Individual,32483.88690688527
209,Modo Motorizado,59373.71967471053
209,Modo Não Motorizado,21368.862424117353
210,Coletivo,32377.865158331944
210,Individual,41947.061458162345
210,Modo Motorizado,74324.92661649428
210,Modo Não Motorizado,20306.08308207196
211,Coletivo,44421.29883414232
211,Individual,43659.339772274456
211,Modo Motorizado,88080.63860641677
211,Modo Não Motorizado,23286.10539646164
212,Coletivo,14329.925583638264
212,Individual,15729.829706957747
212,Modo Motorizado,30059.75529059601
212,Modo Não Motorizado,24372.814599169367
213,Coletivo,36701.34595338219
213,Individual,25031.701921528645
213,Modo Motorizado,61733.04787491083
213,Modo Não Motorizado,24270.032244294383
214,Coletivo,24715.616581192968
214,Individual,11206.233799740989
214,Modo Motorizado,35921.85038093396
214,Modo Não Motorizado,16526.167494921458
215,Coletivo,21489.23353508702
215,Individual,32428.431176385104
215,Modo Motorizado,53917.66471147213
215,Modo Não Motorizado,20467.718724571667
216,Coletivo,24251.99210525539
216,Individual,23958.0777946
216,Modo Motorizado,48210.06989985539
216,Modo Não Motorizado,21932.46663212675
217,Coletivo,19919.67881138046
217,Individual,17632.81303520686
217,Modo Motorizado,37552.49184658732
217,Modo Não Motorizado,26898.217217125206
218,Coletivo,51266.670428960075
218,Individual,32623.40573136082
218,Modo Motorizado,83890.0761603209
218,Modo Não Motorizado,51498.678086445376
219,Coletivo,29157.68614216066
219,Individual,32078.69979219488
219,Modo Motorizado,61236.38593435554
219,Modo Não Motorizado,31440.823044356024
220,Coletivo,21104.129639124614
220,Individual,17688.732506531145
220,Modo Motorizado,38792.86214565576
220,Modo Não Motorizado,24361.484437098465
221,Coletivo,33116.914821081176
221,Individual,35025.700995515705
221,Modo Motorizado,68142.61581659688
221,Modo Não Motorizado,22041.756288083932
222,Coletivo,25184.2704205078
222,Individual,33585.10486343161
222,Modo Motorizado,58769.375283939415
222,Modo Não Motorizado,20037.306680594247
223,Coletivo,16541.222061404922
223,Individual,15424.387227818095
223,Modo Motorizado,31965.609289223015
223,Modo Não Motorizado,9096.629314182814
224,Coletivo,5829.825939815019
224,Individual,3449.226214686844
224,Modo Motorizado,9279.052154501864
224,Modo Não Motorizado,3404.009053911479
225,Coletivo,20864.809774016972
225,Individual,10980.293784761743
225,Modo Motorizado,31845.103558778716
225,Modo Não Motorizado,20370.1418787944
226,Coletivo,57473.72445269702
226,Individual,47799.271853594124
226,Modo Motorizado,105272.99630629114
226,Modo Não Motorizado,70125.27205909305
227,Coletivo,46816.128554689385
227,Individual,25978.382108848782
227,Modo Motorizado,72794.51066353817
227,Modo Não Motorizado,18353.42146005752
228,Coletivo,23226.764401635315
228,Individual,14290.418728722316
228,Modo Motorizado,37517.18313035763
228,Modo Não Motorizado,23001.291186410202
229,Coletivo,109834.90335092206
229,Individual,40886.889515689836
229,Modo Motorizado,150721.7928666119
229,Modo Não Motorizado,95546.80692429277
230,Coletivo,52443.55752336388
230,Individual,19234.880610531163
230,Modo Motorizado,71678.43813389505
230,Modo Não Motorizado,47472.474616727966
231,Coletivo,26266.840586356353
231,Individual,6707.187811664483
231,Modo Motorizado,32974.02839802083
231,Modo Não Motorizado,16500.388307557812
232,Coletivo,32425.613289451903
232,Individual,13064.338298204011
232,Modo Motorizado,45489.951587655916
232,Modo Não Motorizado,29512.004106774064
233,Coletivo,36076.80834782292
233,Individual,13239.270253091181
233,Modo Motorizado,49316.0786009141
233,Modo Não Motorizado,45227.98783036655
234,Coletivo,31665.96815138921
234,Individual,19900.08434486782
234,Modo Motorizado,51566.052496257034
234,Modo Não Motorizado,53796.91609921053
235,Coletivo,39505.17524426643
235,Individual,23537.576188228417
235,Modo Motorizado,63042.75143249484
235,Modo Não Motorizado,38056.83805259521
236,Coletivo,15970.432910569447
236,Individual,13081.015446918098
236,Modo Motorizado,29051.448357487545
236,Modo Não Motorizado,13417.333785407687
237,Coletivo,15798.495331016746
237,Individual,19453.72646722701
237,Modo Motorizado,35252.22179824376
237,Modo Não Motorizado,12051.501749458312
238,Coletivo,19282.299679057385
238,Individual,16723.106536492476
238,Modo Motorizado,36005.40621554986
238,Modo Não Motorizado,7743.74982385986
239,Coletivo,33808.25790740885
239,Individual,33287.03243805445
239,Modo Motorizado,67095.29034546329
239,Modo Não Motorizado,14112.17546528443
240,Coletivo,19821.65429391295
240,Individual,20607.599349066295
240,Modo Motorizado,40429.253642979245
240,Modo Não Motorizado,15762.020699740096
241,Coletivo,12483.905335230227
241,Individual,9464.462418886296
241,Modo Motorizado,21948.367754116523
241,Modo Não Motorizado,7619.428460506838
242,Coletivo,23250.016872150292
242,Individual,9573.544414848246
242,Modo Motorizado,32823.561286998534
242,Modo Não Motorizado,19239.328602179565
243,Coletivo,24603.920765178493
243,Individual,25763.75862330985
243,Modo Motorizado,50367.67938848834
243,Modo Não Motorizado,43281.09874167352
244,Coletivo,34827.43058260665
244,Individual,25912.446321537882
244,Modo Motorizado,60739.876904144534
244,Modo Não Motorizado,49573.55505471408
245,Coletivo,11750.419071426495
245,Individual,7666.917704151619
245,Modo Motorizado,19417.336775578115
245,Modo Não Motorizado,13710.499372310915
246,Coletivo,23437.8784324484
246,Individual,13728.669229184208
246,Modo Motorizado,37166.547661632605
246,Modo Não Motorizado,9758.525491323031
247,Coletivo,69482.71597951415
247,Individual,52544.98271307237
247,Modo Motorizado,122027.69869258652
247,Modo Não Motorizado,78276.25480562277
248,Coletivo,1441.2497018591898
248,Individual,4182.120323432422
248,Modo Motorizado,5623.3700252916115
248,Modo Não Motorizado,359.2252408951388
249,Coletivo,19432.43323735256
249,Individual,24540.057633131302
249,Modo Motorizado,43972.49087048386
249,Modo Não Motorizado,20793.469174730504
250,Coletivo,16873.929870848027
250,Individual,18117.823500685266
250,Modo Motorizado,34991.7533715333
250,Modo Não Motorizado,11388.951283508648
251,Coletivo,15416.753249914877
251,Individual,17271.1524530472
251,Modo Motorizado,32687.905702962078
251,Modo Não Motorizado,6744.841632424808
252,Coletivo,15540.617644224927
252,Individual,11306.627795186087
252,Modo Motorizado,26847.245439411014
252,Modo Não Motorizado,17743.531017904384
253,Coletivo,6899.633505106938
253,Individual,3161.8193278441804
253,Modo Motorizado,10061.45283295112
253,Modo Não Motorizado,3077.7768705766066
254,Coletivo,48663.607013468754
254,Individual,38157.29717915518
254,Modo Motorizado,86820.90419262394
254,Modo Não Motorizado,18922.744743208037
255,Coletivo,25845.098269985407
255,Individual,61888.473287005516
255,Modo Motorizado,87733.57155699092
255,Modo Não Motorizado,41474.22792665303
256,Coletivo,19194.946463247874
256,Individual,15420.757821284813
256,Modo Motorizado,34615.70428453269
256,Modo Não Motorizado,7915.7260525901
257,Coletivo,19379.367609225395
257,Individual,22666.451574653216
257,Modo Motorizado,42045.819183878615
257,Modo Não Motorizado,18050.398031774246
258,Coletivo,42854.63427407538
258,Individual,26695.943603680833
258,Modo Motorizado,69550.57787775621
258,Modo Não Motorizado,24451.96188492727
259,Coletivo,16440.79155430409
259,Individual,12176.952855549061
259,Modo Motorizado,28617.744409853152
259,Modo Não Motorizado,19962.388885618246
260,Coletivo,21386.34956125991
260,Individual,9546.38413004618
260,Modo Motorizado,30932.733691306094
260,Modo Não Motorizado,25712.24154688665
261,Coletivo,35034.14288568973
261,Individual,26776.182884748014
261,Modo Motorizado,61810.32577043775
261,Modo Não Motorizado,22638.404823717847
262,Coletivo,34679.91209883506
262,Individual,37093.68858420444
262,Modo Motorizado,71773.6006830395
262,Modo Não Motorizado,42578.830375977246
263,Coletivo,42342.08823274289
263,Individual,24370.71551892319
263,Modo Motorizado,66712.80375166608
263,Modo Não Motorizado,48969.24501540523
264,Coletivo,46356.695020823914
264,Individual,27453.03157373642
264,Modo Motorizado,73809.72659456034
264,Modo Não Motorizado,35563.745172057505
265,Coletivo,30779.1384784727
265,Individual,29718.67353997144
265,Modo Motorizado,60497.81201844414
265,Modo Não Motorizado,39690.686369835916
266,Coletivo,6237.309526812173
266,Individual,7819.804474361402
266,Modo Motorizado,14057.114001173575
266,Modo Não Motorizado,7928.597865738716
267,Coletivo,20318.531209558776
267,Individual,16351.80602707488
267,Modo Motorizado,36670.337236633655
267,Modo Não Motorizado,18174.10021495314
268,Coletivo,12899.445091939624
268,Individual,18128.518119369757
268,Modo Motorizado,31027.963211309383
268,Modo Não Motorizado,8756.792566838612
269,Coletivo,22969.666687137436
269,Individual,26481.468636535326
269,Modo Motorizado,49451.13532367276
269,Modo Não Motorizado,16886.281516418247
270,Coletivo,8211.275754921335
270,Individual,13943.479135610753
270,Modo Motorizado,22154.754890532087
270,Modo Não Motorizado,5318.479723192954
271,Coletivo,7571.3585899621785
271,Individual,13686.361095265127
271,Modo Motorizado,21257.719685227305
271,Modo Não Motorizado,1144.7723079564566
272,Coletivo,13209.015692166064
272,Individual,20722.90758197917
272,Modo Motorizado,33931.92327414523
272,Modo Não Motorizado,7927.562126704455
273,Coletivo,41770.50015755512
273,Individual,44003.76571517668
273,Modo Motorizado,85774.2658727318
273,Modo Não Motorizado,34084.24595469046
274,Coletivo,48421.963280965996
274,Individual,43526.770207942114
274,Modo Motorizado,91948.73348890811
274,Modo Não Motorizado,42543.620809340064
275,Coletivo,39875.61723110418
275,Individual,35413.064916709525
275,Modo Motorizado,75288.6821478137
275,Modo Não Motorizado,37122.85215878176
276,Coletivo,53592.49213872866
276,Individual,63338.44471955211
276,Modo Motorizado,116930.93685828077
276,Modo Não Motorizado,43409.72813581239
277,Coletivo,34791.42253843286
277,Individual,45063.40208608155
277,Modo Motorizado,79854.82462451441
277,Modo Não Motorizado,44521.36176800521
278,Coletivo,72062.01230635325
278,Individual,46137.29004176973
278,Modo Motorizado,118199.30234812299
278,Modo Não Motorizado,91624.94015129335
279,Coletivo,43691.67144016114
279,Individual,12805.840448523915
279,Modo Motorizado,56497.511888685054
279,Modo Não Motorizado,45270.35891883567
280,Coletivo,40106.32385137999
280,Individual,24964.999939821926
280,Modo Motorizado,65071.32379120191
280,Modo Não Motorizado,13757.34026060454
281,Coletivo,32236.778850984363
281,Individual,38463.6145671393
281,Modo Motorizado,70700.39341812367
281,Modo Não Motorizado,14531.553144869027
282,Coletivo,26851.774041632052
282,Individual,35942.981169792285
282,Modo Motorizado,62794.75521142434
282,Modo Não Motorizado,23930.293945320733
283,Coletivo,8046.497779581181
283,Individual,5495.535884043973
283,Modo Motorizado,13542.033663625154
283,Modo Não Motorizado,5662.245653572164
284,Coletivo,37292.33780524318
284,Individual,18868.308831863607
284,Modo Motorizado,56160.64663710679
284,Modo Não Motorizado,26147.442180038848
285,Coletivo,49458.69715733923
285,Individual,45942.30544368483
285,Modo Motorizado,95401.00260102405
285,Modo Não Motorizado,74639.70154161326
286,Coletivo,25493.842842058104
286,Individual,19794.531830660726
286,Modo Motorizado,45288.374672718826
286,Modo Não Motorizado,5220.925446175488
287,Coletivo,20351.827683875457
287,Individual,29616.42999292025
287,Modo Motorizado,49968.25767679571
287,Modo Não Motorizado,19650.865900415854
288,Coletivo,26533.834028924754
288,Individual,10748.773938190956
288,Modo Motorizado,37282.607967115706
288,Modo Não Motorizado,12752.545907339261
289,Coletivo,40832.074980385725
289,Individual,24105.872131918306
289,Modo Motorizado,64937.94711230403
289,Modo Não Motorizado,30746.86482798137
290,Coletivo,34644.22663539724
290,Individual,14595.955273125312
290,Modo Motorizado,49240.18190852255
290,Modo Não Motorizado,40837.31325589994
291,Coletivo,53243.35119998079
291,Individual,44602.85398863259
291,Modo Motorizado,97846.20518861338
291,Modo Não Motorizado,34800.286596141574
292,Coletivo,31631.092501776846
292,Individual,32422.684536791367
292,Modo Motorizado,64053.77703856821
292,Modo Não Motorizado,34201.17766897091
293,Coletivo,66475.83069687302
293,Individual,27510.76345848655
293,Modo Motorizado,93986.59415535956
293,Modo Não Motorizado,51406.48424399471
294,Coletivo,71978.7860684442
294,Individual,13288.986744831274
294,Modo Motorizado,85267.77281327547
294,Modo Não Motorizado,84813.24374645088
295,Coletivo,75044.35475016227
295,Individual,36010.02920440519
295,Modo Motorizado,111054.38395456746
295,Modo Não Motorizado,58324.42431290976
296,Coletivo,4114.283146083826
296,Individual,2907.6057879548016
296,Modo Motorizado,7021.888934038628
296,Modo Não Motorizado,1950.905057405044
297,Coletivo,1939.6652493325664
297,Individual,1726.5363017533432
297,Modo Motorizado,3666.2015510859096
297,Modo Não Motorizado,666.6210616378773
298,Coletivo,94625.73901138332
298,Individual,34453.04239479265
298,Modo Motorizado,129078.78140617597
298,Modo Não Motorizado,91110.89845033096
299,Coletivo,5144.280414980995
299,Individual,2555.701986373776
299,Modo Motorizado,7699.982401354771
299,Modo Não Motorizado,2430.7945605551463
300,Coletivo,108000.35397437995
300,Individual,101420.6482879199
300,Modo Motorizado,209421.00226229985
300,Modo Não Motorizado,61005.63654215863
301,Coletivo,21194.109525893506
301,Individual,24215.02887046097
301,Modo Motorizado,45409.13839635448
301,Modo Não Motorizado,4510.168763669993
302,Coletivo,66893.1484718021
302,Individual,34587.44814029101
302,Modo Motorizado,101480.5966120931
302,Modo Não Motorizado,18651.339485432145
303,Coletivo,86720.7533717404
303,Individual,31389.0003224386
303,Modo Motorizado,118109.753694179
303,Modo Não Motorizado,13775.947199853108
304,Coletivo,62728.76675399454
304,Individual,36382.86865676886
304,Modo Motorizado,99111.6354107634
304,Modo Não Motorizado,65454.87138642356
305,Coletivo,84667.69303485652
305,Individual,32607.892826732696
305,Modo Motorizado,117275.58586158922
305,Modo Não Motorizado,89001.51705004215
306,Coletivo,42400.0116332019
306,Individual,11681.475349137409
306,Modo Motorizado,54081.48698233931
306,Modo Não Motorizado,46699.48988442948
307,Coletivo,72299.85301393594
307,Individual,23517.16475279682
307,Modo Motorizado,95817.01776673275
307,Modo Não Motorizado,50117.77076863916
308,Coletivo,25366.863250143713
308,Individual,5553.771794492895
308,Modo Motorizado,30920.63504463661
308,Modo Não Motorizado,30495.806273753366
309,Coletivo,42127.751601602205
309,Individual,11861.65566069477
309,Modo Motorizado,53989.407262296976
309,Modo Não Motorizado,24536.34044669253
310,Coletivo,12348.235232366029
310,Individual,6714.896670988698
310,Modo Motorizado,19063.131903354726
310,Modo Não Motorizado,10081.111152528376
311,Coletivo,64657.21966303015
311,Individual,32249.667849670575
311,Modo Motorizado,96906.88751270072
311,Modo Não Motorizado,55855.18457557333
312,Coletivo,35562.30200718438
312,Individual,31296.62662086227
312,Modo Motorizado,66858.92862804665
312,Modo Não Motorizado,26473.12589884751
313,Coletivo,16800.123253401678
313,Individual,11169.446885417317
313,Modo Motorizado,27969.570138818995
313,Modo Não Motorizado,17574.857369525525
314,Coletivo,88013.97876484845
314,Individual,28814.101120858853
314,Modo Motorizado,116828.0798857073
314,Modo Não Motorizado,69462.36759901018
315,Coletivo,69221.16992668291
315,Individual,26185.278492212947
315,Modo Motorizado,95406.44841889586
315,Modo Não Motorizado,79420.29362685801
316,Coletivo,16626.536683776147
316,Individual,25782.753853956307
316,Modo Motorizado,42409.29053773245
316,Modo Não Motorizado,5319.3370296499
317,Coletivo,6440.483008474948
317,Individual,10128.823351685473
317,Modo Motorizado,16569.306360160423
317,Modo Não Motorizado,802.589289005419
318,Coletivo,19313.661528082925
318,Individual,17580.15888739466
318,Modo Motorizado,36893.82041547759
318,Modo Não Motorizado,11252.122360056528
319,Coletivo,17988.245588528393
319,Individual,16565.603011021565
319,Modo Motorizado,34553.84859954996
319,Modo Não Motorizado,5506.928980704343
320,Coletivo,35859.795027973785
320,Individual,15833.34332455256
320,Modo Motorizado,51693.138352526345
320,Modo Não Motorizado,48254.81627317147
321,Coletivo,27421.92546850327
321,Individual,46838.49732775321
321,Modo Motorizado,74260.42279625648
321,Modo Não Motorizado,25567.628651580864
322,Coletivo,26841.801759094884
322,Individual,36974.281673504804
322,Modo Motorizado,63816.083432599684
322,Modo Não Motorizado,18463.07120266131
323,Coletivo,42364.81457223575
323,Individual,24069.201052537963
323,Modo Motorizado,66434.01562477372
323,Modo Não Motorizado,29693.768339767208
324,Coletivo,51749.29736807257
324,Individual,17542.95421012295
324,Modo Motorizado,69292.25157819552
324,Modo Não Motorizado,28706.072684263872
325,Coletivo,24364.22985015931
325,Individual,32614.840197556958
325,Modo Motorizado,56979.07004771627
325,Modo Não Motorizado,31588.257800776795
326,Coletivo,29561.138302091284
326,Individual,21236.691996809455
326,Modo Motorizado,50797.830298900735
326,Modo Não Motorizado,13277.860704831182
327,Coletivo,8057.878054242985
327,Individual,15633.51480897038
327,Modo Motorizado,23691.392863213365
327,Modo Não Motorizado,8068.413744933519
328,Coletivo,17275.213291729633
328,Individual,27156.715801853647
328,Modo Motorizado,44431.92909358328
328,Modo Não Motorizado,8737.46562182628
329,Coletivo,25468.989464630864
329,Individual,46706.14241916617
329,Modo Motorizado,72175.13188379703
329,Modo Não Motorizado,17922.947361346625
330,Coletivo,20474.316223587663
330,Individual,30413.31733518468
330,Modo Motorizado,50887.633558772344
330,Modo Não Motorizado,12945.385162577217
331,Coletivo,27672.314183906252
331,Individual,24434.7700330981
331,Modo Motorizado,52107.08421700435
331,Modo Não Motorizado,18017.79177474759
332,Coletivo,22896.28014170869
332,Individual,22511.50217316488
332,Modo Motorizado,45407.78231487357
332,Modo Não Motorizado,36397.71899765271
333,Coletivo,15351.779761343252
333,Individual,10482.898166727373
333,Modo Motorizado,25834.677928070625
333,Modo Não Motorizado,8660.617775281515
334,Coletivo,21789.079121791216
334,Individual,28763.59547022196
334,Modo Motorizado,50552.67459201318
334,Modo Não Motorizado,17824.48333375778
335,Coletivo,21285.293851058603
335,Individual,23509.021809685182
335,Modo Motorizado,44794.315660743785
335,Modo Não Motorizado,24172.527328621883
336,Coletivo,30231.54742633976
336,Individual,15408.950487363147
336,Modo Motorizado,45640.49791370291
336,Modo Não Motorizado,14883.825805003407
337,Coletivo,21551.256198658582
337,Individual,21356.859917769543
337,Modo Motorizado,42908.11611642812
337,Modo Não Motorizado,9946.348956870603
338,Coletivo,25178.373988617364
338,Individual,21377.227380484317
338,Modo Motorizado,46555.601369101685
338,Modo Não Motorizado,24559.619889745
339,Coletivo,45983.61101164711
339,Individual,34414.6767509684
339,Modo Motorizado,80398.28776261551
339,Modo Não Motorizado,9246.587081501213
340,Coletivo,16835.736901608525
340,Individual,18641.190216200073
340,Modo Motorizado,35476.9271178086
340,Modo Não Motorizado,4033.4657341154843
341,Coletivo,9236.842087211397
341,Individual,12903.145383971292
341,Modo Motorizado,22139.98747118269
341,Modo Não Motorizado,7522.460876054058
342,Coletivo,20622.059188410934
342,Individual,32302.55474666912
342,Modo Motorizado,52924.61393508005
342,Modo Não Motorizado,16785.242060882247
343,Coletivo,1163.3705440022875
343,Individual,1953.7174229428738
343,Modo Motorizado,3117.0879669451615
343,Modo Não Motorizado,661.4672031877974
344,Coletivo,37462.64528438957
344,Individual,39526.3475641134
344,Modo Motorizado,76988.99284850297
344,Modo Não Motorizado,32461.356919307927
345,Coletivo,12243.397375085038
345,Individual,8560.16407510828
345,Modo Motorizado,20803.561450193316
345,Modo Não Motorizado,17870.158914896376
346,Coletivo,0
346,Individual,124.9083550802389
346,Modo Motorizado,124.9083550802389
346,Modo Não Motorizado,0
347,Coletivo,39081.46752030663
347,Individual,27986.44491246486
347,Modo Motorizado,67067.9124327715
347,Modo Não Motorizado,51081.1904424377
348,Coletivo,3629.8268803344945
348,Individual,2575.58385280306
348,Modo Motorizado,6205.410733137554
348,Modo Não Motorizado,2854.12446484443
349,Coletivo,0
349,Individual,292.31016966941223
349,Modo Motorizado,292.31016966941223
349,Modo Não Motorizado,0
350,Coletivo,25854.853651201658
350,Individual,12666.526854020995
350,Modo Motorizado,38521.38050522265
350,Modo Não Motorizado,25443.22344877447
351,Coletivo,46180.66739381854
351,Individual,26201.09287938983
351,Modo Motorizado,72381.76027320838
351,Modo Não Motorizado,44075.815902302944
352,Coletivo,1882.3814793779616
352,Individual,5199.7802617524085
352,Modo Motorizado,7082.1617411303705
352,Modo Não Motorizado,425.01686568909037
353,Coletivo,378.79517236044063
353,Individual,0
353,Modo Motorizado,378.79517236044063
353,Modo Não Motorizado,0
354,Coletivo,0
354,Individual,492.59609863247334
354,Modo Motorizado,492.59609863247334
354,Modo Não Motorizado,0
355,Coletivo,25047.990959405444
355,Individual,19726.264354441082
355,Modo Motorizado,44774.25531384653
355,Modo Não Motorizado,42626.67395543228
356,Coletivo,45238.61614464514
356,Individual,14696.453883472659
356,Modo Motorizado,59935.0700281178
356,Modo Não Motorizado,71174.6688816393
357,Coletivo,1337.9322133427904
357,Individual,627.5930785935276
357,Modo Motorizado,1965.525291936318
357,Modo Não Motorizado,2813.090088962359
358,Coletivo,13213.495259192465
358,Individual,20996.55397700226
358,Modo Motorizado,34210.049236194725
358,Modo Não Motorizado,20478.200399062636
359,Coletivo,5840.156994413563
359,Individual,10646.546507018527
359,Modo Motorizado,16486.70350143209
359,Modo Não Motorizado,7909.343982285431
360,Coletivo,9328.891666807966
360,Individual,6302.557835143808
360,Modo Motorizado,15631.449501951774
360,Modo Não Motorizado,11726.66230527946
361,Coletivo,5901.162590533568
361,Individual,4276.839417978178
361,Modo Motorizado,10178.002008511747
361,Modo Não Motorizado,6387.459550518836
362,Coletivo,53665.00343531429
362,Individual,48998.006557017696
362,Modo Motorizado,102663.009992332
362,Modo Não Motorizado,18555.822012338762
363,Coletivo,37180.02785732982
363,Individual,55675.2542070269
363,Modo Motorizado,92855.28206435672
363,Modo Não Motorizado,35925.73779407298
364,Coletivo,15144.151454339115
364,Individual,16497.375676932523
364,Modo Motorizado,31641.527131271636
364,Modo Não Motorizado,11246.546682817978
365,Coletivo,13266.55064444322
365,Individual,8422.417180957022
365,Modo Motorizado,21688.967825400243
365,Modo Não Motorizado,2830.0043230711663
366,Coletivo,34430.76985461199
366,Individual,40571.211166968584
366,Modo Motorizado,75001.98102158058
366,Modo Não Motorizado,21564.847965325574
367,Coletivo,13155.073334460467
367,Individual,20037.041111075298
367,Modo Motorizado,33192.114445535764
367,Modo Não Motorizado,16734.099205824277
368,Coletivo,21033.364093805747
368,Individual,34136.37544065548
368,Modo Motorizado,55169.73953446123
368,Modo Não Motorizado,37814.102496782005
369,Coletivo,33387.73514729461
369,Individual,47061.9264989633
369,Modo Motorizado,80449.66164625791
369,Modo Não Motorizado,34287.51925300802
370,Coletivo,50445.588493197276
370,Individual,70817.51903552067
370,Modo Motorizado,121263.10752871796
370,Modo Não Motorizado,39340.17126982986
371,Coletivo,27092.16882045797
371,Individual,45475.83923318891
371,Modo Motorizado,72568.00805364689
371,Modo Não Motorizado,33453.75466491985
372,Coletivo,38787.244368009706
372,Individual,32778.61619909661
372,Modo Motorizado,71565.86056710631
372,Modo Não Motorizado,30939.564599640587
373,Coletivo,40260.95567311813
373,Individual,59255.26284697126
373,Modo Motorizado,99516.21852008939
373,Modo Não Motorizado,45493.74568380033
374,Coletivo,19383.896878550113
374,Individual,17297.13421348855
374,Modo Motorizado,36681.03109203866
374,Modo Não Motorizado,427.53641298268496
375,Coletivo,39040.124632613726
375,Individual,36268.43189488519
375,Modo Motorizado,75308.5565274989
375,Modo Não Motorizado,52902.89518225833
376,Coletivo,22272.714678755543
376,Individual,26489.090694355484
376,Modo Motorizado,48761.80537311103
376,Modo Não Motorizado,45160.592476571044
377,Coletivo,85721.66372631206
377,Individual,102510.61940348394
377,Modo Motorizado,188232.283129796
377,Modo Não Motorizado,176039.08101571957
378,Coletivo,46794.954776231265
378,Individual,34910.78227078038
378,Modo Motorizado,81705.73704701164
378,Modo Não Motorizado,50629.59103985211
379,Coletivo,22089.657969585318
379,Individual,27793.008384473735
379,Modo Motorizado,49882.66635405905
379,Modo Não Motorizado,41378.181171942735
380,Coletivo,55278.419036046726
380,Individual,17981.802387696636
380,Modo Motorizado,73260.22142374337
380,Modo Não Motorizado,63331.50975196618
381,Coletivo,0
381,Individual,0
381,Modo Motorizado,0
381,Modo Não Motorizado,0
382,Coletivo,59489.316020089915
382,Individual,47166.30289127476
382,Modo Motorizado,106655.61891136467
382,Modo Não Motorizado,72163.50180661949
383,Coletivo,39108.750570197815
383,Individual,15778.757696847877
383,Modo Motorizado,54887.50826704569
383,Modo Não Motorizado,55496.345864740295
384,Coletivo,14887.307003806147
384,Individual,10464.750600426065
384,Modo Motorizado,25352.057604232214
384,Modo Não Motorizado,24185.517080919846
385,Coletivo,0
385,Individual,512.22928146433
385,Modo Motorizado,512.22928146433
385,Modo Não Motorizado,331.61414276298257
386,Coletivo,2676.5643395782286
386,Individual,2999.464028888507
386,Modo Motorizado,5676.028368466736
386,Modo Não Motorizado,4487.453366300571
387,Coletivo,40112.79587857214
387,Individual,32647.649477988776
387,Modo Motorizado,72760.44535656091
387,Modo Não Motorizado,56215.27195980694
388,Coletivo,2984.9458580343453
388,Individual,3675.6332900414473
388,Modo Motorizado,6660.5791480757925
388,Modo Não Motorizado,3575.942245705483
389,Coletivo,15903.958525930504
389,Individual,24242.69518482938
389,Modo Motorizado,40146.653710759885
389,Modo Não Motorizado,36716.75605645937
390,Coletivo,4800.0518905266545
390,Individual,6499.065562792517
390,Modo Motorizado,11299.117453319172
390,Modo Não Motorizado,4457.168067176747
391,Coletivo,44774.841531393075
391,Individual,28827.488425981534
391,Modo Motorizado,73602.3299573746
391,Modo Não Motorizado,38976.32008608461
392,Coletivo,977.5650447747068
392,Individual,0
392,Modo Motorizado,977.5650447747068
392,Modo Não Motorizado,0
393,Coletivo,39585.07560136614
393,Individual,40737.56789186994
393,Modo Motorizado,80322.64349323607
393,Modo Não Motorizado,61486.60734588973
394,Coletivo,9480.045016993126
394,Individual,7964.759606360215
394,Modo Motorizado,17444.804623353342
394,Modo Não Motorizado,17446.67332335215
395,Coletivo,47090.444882932075
395,Individual,34042.43958240861
395,Modo Motorizado,81132.88446534068
395,Modo Não Motorizado,66556.70442053495
396,Coletivo,45281.083478040644
396,Individual,58759.735467312974
396,Modo Motorizado,104040.81894535362
396,Modo Não Motorizado,87143.97278935486
397,Coletivo,42589.918973346794
397,Individual,24171.20549604338
397,Modo Motorizado,66761.12446939017
397,Modo Não Motorizado,51616.33101073385
398,Coletivo,29421.023519692913
398,Individual,48154.62151221504
398,Modo Motorizado,77575.64503190794
398,Modo Não Motorizado,74015.98901711691
399,Coletivo,29705.29514688895
399,Individual,11686.84822279897
399,Modo Motorizado,41392.143369687925
399,Modo Não Motorizado,36486.10048846381
400,Coletivo,50328.80756291019
400,Individual,33156.801358290075
400,Modo Motorizado,83485.60892120027
400,Modo Não Motorizado,81946.14563899444
401,Coletivo,82646.96397215975
401,Individual,79443.84424009673
401,Modo Motorizado,162090.80821225647
401,Modo Não Motorizado,141256.10178496517
402,Coletivo,9809.792976542287
402,Individual,6468.881282890392
402,Modo Motorizado,16278.674259432679
402,Modo Não Motorizado,13217.319294380075
403,Coletivo,8463.391940449199
403,Individual,3813.533113779401
403,Modo Motorizado,12276.925054228599
403,Modo Não Motorizado,10878.72874844532
404,Coletivo,44172.68622464149
404,Individual,111925.26557078473
404,Modo Motorizado,156097.95179542623
404,Modo Não Motorizado,89643.57853663256
405,Coletivo,30284.05518425972
405,Individual,28515.794999649388
405,Modo Motorizado,58799.850183909104
405,Modo Não Motorizado,19705.840250321264
406,Coletivo,36510.86310769061
406,Individual,35777.940477416254
406,Modo Motorizado,72288.80358510686
406,Modo Não Motorizado,19973.22519521071
407,Coletivo,50473.764877675254
407,Individual,63649.393272986046
407,Modo Motorizado,114123.1581506613
407,Modo Não Motorizado,79980.11769531245
408,Coletivo,22559.254040424563
408,Individual,12731.914545187437
408,Modo Motorizado,35291.168585612
408,Modo Não Motorizado,30915.55740277831
409,Coletivo,7300.703431806285
409,Individual,7129.7260877909675
409,Modo Motorizado,14430.429519597252
409,Modo Não Motorizado,10320.36189796487
410,Coletivo,5326.325768383013
410,Individual,7390.182503203683
410,Modo Motorizado,12716.508271586696
410,Modo Não Motorizado,3805.565507711331
411,Coletivo,6976.666769341675
411,Individual,10829.751746846972
411,Modo Motorizado,17806.41851618865
411,Modo Não Motorizado,6799.64020524792
412,Coletivo,15546.307326116637
412,Individual,20445.314318686535
412,Modo Motorizado,35991.62164480317
412,Modo Não Motorizado,19300.46668141783
413,Coletivo,12980.290839643283
413,Individual,8463.56642008574
413,Modo Motorizado,21443.857259729026
413,Modo Não Motorizado,15024.873710872063
414,Coletivo,8695.878085508237
414,Individual,16303.147995784062
414,Modo Motorizado,24999.0260812923
414,Modo Não Motorizado,30134.635088988503
415,Coletivo,5798.738999969455
415,Individual,7003.228871740311
415,Modo Motorizado,12801.967871709767
415,Modo Não Motorizado,19376.2581766227
416,Coletivo,6202.739287368838
416,Individual,14878.338447773995
416,Modo Motorizado,21081.077735142833
416,Modo Não Motorizado,25692.7517152594
417,Coletivo,17891.23492192572
417,Individual,48004.87824684871
417,Modo Motorizado,65896.11316877443
417,Modo Não Motorizado,44870.23870362942
418,Coletivo,17225.315268047467
418,Individual,44716.33436433184
418,Modo Motorizado,61941.6496323793
418,Modo Não Motorizado,30030.244917009535
419,Coletivo,20668.34887370859
419,Individual,39562.21507413721
419,Modo Motorizado,60230.5639478458
419,Modo Não Motorizado,34665.7220888944
420,Coletivo,4935.918568434194
420,Individual,9903.259632081274
420,Modo Motorizado,14839.178200515467
420,Modo Não Motorizado,4363.061885338384
421,Coletivo,30048.186717052675
421,Individual,27160.500577539457
421,Modo Motorizado,57208.687294592135
421,Modo Não Motorizado,22293.526294408202
422,Coletivo,128485.7439919046
422,Individual,155601.1806717219
422,Modo Motorizado,284086.9246636265
422,Modo Não Motorizado,51976.72813158192
423,Coletivo,10993.265697802017
423,Individual,31241.30239881276
423,Modo Motorizado,42234.56809661478
423,Modo Não Motorizado,6804.889760368513
424,Coletivo,15578.537975145102
424,Individual,20369.675684120164
424,Modo Motorizado,35948.21365926527
424,Modo Não Motorizado,11302.399851549555
425,Coletivo,6559.038130466519
425,Individual,15543.120859950885
425,Modo Motorizado,22102.158990417403
425,Modo Não Motorizado,15126.828062219463
426,Coletivo,16262.52076703641
426,Individual,22104.144467122096
426,Modo Motorizado,38366.66523415851
426,Modo Não Motorizado,11792.493591423534
427,Coletivo,16953.318748276906
427,Individual,31118.849092639313
427,Modo Motorizado,48072.16784091622
427,Modo Não Motorizado,24299.042853177914
428,Coletivo,20647.58480952882
428,Individual,42437.37512835087
428,Modo Motorizado,63084.959937879685
428,Modo Não Motorizado,27705.784754651384
429,Coletivo,22562.57894744645
429,Individual,42954.81952059325
429,Modo Motorizado,65517.3984680397
429,Modo Não Motorizado,35528.6146783976
430,Coletivo,21660.21000781695
430,Individual,27035.209329668807
430,Modo Motorizado,48695.41933748576
430,Modo Não Motorizado,19445.999201514653
431,Coletivo,50310.27103156256
431,Individual,78195.90935838544
431,Modo Motorizado,128506.180389948
431,Modo Não Motorizado,53828.73785094056
432,Coletivo,41530.71110040541
432,Individual,102333.40027634008
432,Modo Motorizado,143864.11137674548
432,Modo Não Motorizado,38516.547802676265
433,Coletivo,45988.1139857029
433,Individual,49347.862946892485
433,Modo Motorizado,95335.97693259538
433,Modo Não Motorizado,43702.81134798603
434,Coletivo,1911.7853390358334
434,Individual,3567.9905945483883
434,Modo Motorizado,5479.775933584222
434,Modo Não Motorizado,745.9772748041792
435,Coletivo,33157.69610294866
435,Individual,27855.30171222943
435,Modo Motorizado,61012.997815178096
435,Modo Não Motorizado,15217.808006793828
436,Coletivo,84949.85265387082
436,Individual,87685.1549683727
436,Modo Motorizado,172635.00762224355
436,Modo Não Motorizado,90198.06584517403
437,Coletivo,72953.5597998178
437,Individual,51998.5481381303
437,Modo Motorizado,124952.10793794811
437,Modo Não Motorizado,108370.35743203857
438,Coletivo,42675.79674646538
438,Individual,29146.2044629357
438,Modo Motorizado,71822.00120940107
438,Modo Não Motorizado,50570.63659570919
439,Coletivo,8873.815971101534
439,Individual,9803.472959029199
439,Modo Motorizado,18677.288930130733
439,Modo Não Motorizado,7813.344493532932
440,Coletivo,65897.42512068835
440,Individual,66177.0557392326
440,Modo Motorizado,132074.48085992096
440,Modo Não Motorizado,44320.12557453932
441,Coletivo,12892.101681364737
441,Individual,7119.288605897653
441,Modo Motorizado,20011.390287262388
441,Modo Não Motorizado,6880.785574505033
442,Coletivo,7936.026785224092
442,Individual,6337.002819426923
442,Modo Motorizado,14273.029604651016
442,Modo Não Motorizado,4348.4784034980075
443,Coletivo,6490.639052800019
443,Individual,2821.26948954468
443,Modo Motorizado,9311.9085423447
443,Modo Não Motorizado,5167.082706957215
444,Coletivo,15739.94614219031
444,Individual,7186.255496528157
444,Modo Motorizado,22926.201638718467
444,Modo Não Motorizado,24538.701603142923
445,Coletivo,54477.574632466705
445,Individual,79615.53989489168
445,Modo Motorizado,134093.11452735838
445,Modo Não Motorizado,43684.9487367743
446,Coletivo,29572.885532836182
446,Individual,48954.13505976126
446,Modo Motorizado,78527.02059259744
446,Modo Não Motorizado,38749.43167338166
447,Coletivo,25805.427354949054
447,Individual,53023.300727311165
447,Modo Motorizado,78828.72808226022
447,Modo Não Motorizado,26208.46343183575
448,Coletivo,43846.7814136847
448,Individual,57074.65540830636
448,Modo Motorizado,100921.43682199105
448,Modo Não Motorizado,38828.42643087241
449,Coletivo,87067.90593238598
449,Individual,120581.07951940353
449,Modo Motorizado,207648.98545178951
449,Modo Não Motorizado,44705.393868004205
450,Coletivo,69072.58326690066
450,Individual,74128.13190237789
450,Modo Motorizado,143200.71516927856
450,Modo Não Motorizado,106737.02147022131
451,Coletivo,51853.03256350763
451,Individual,61949.691025026885
451,Modo Motorizado,113802.72358853451
451,Modo Não Motorizado,52282.52393009928
452,Coletivo,16479.137237312614
452,Individual,16417.730918605186
452,Modo Motorizado,32896.8681559178
452,Modo Não Motorizado,28091.81992837272
453,Coletivo,13164.458060981913
453,Individual,10763.706064944474
453,Modo Motorizado,23928.164125926385
453,Modo Não Motorizado,10628.844718293847
454,Coletivo,66341.490491217
454,Individual,56481.490096672984
454,Modo Motorizado,122822.98058789
454,Modo Não Motorizado,102520.52909352786
455,Coletivo,51363.32775404875
455,Individual,56938.702510437855
455,Modo Motorizado,108302.0302644866
455,Modo Não Motorizado,71015.71640467703
456,Coletivo,45531.52898679269
456,Individual,50568.659313524986
456,Modo Motorizado,96100.18830031768
456,Modo Não Motorizado,70939.81591736346
457,Coletivo,31273.262485512005
457,Individual,56341.26199702768
457,Modo Motorizado,87614.52448253968
457,Modo Não Motorizado,96187.05361149089
458,Coletivo,27373.580705054796
458,Individual,26980.60533439183
458,Modo Motorizado,54354.18603944662
458,Modo Não Motorizado,37944.67067147262
459,Coletivo,29475.49896637302
459,Individual,13596.98217068003
459,Modo Motorizado,43072.48113705305
459,Modo Não Motorizado,39511.07521029241
460,Coletivo,45636.9713575904
460,Individual,42909.79537783413
460,Modo Motorizado,88546.766735424535
460,Modo Não Motorizado,36213.51759716932
461,Coletivo,18801.84554526605
461,Individual,29848.031265068916
461,Modo Motorizado,48649.876810334965
461,Modo Não Motorizado,29075.81536930492
462,Coletivo,44295.66206864866
462,Individual,35741.93406962926
462,Modo Motorizado,80037.5961382779
462,Modo Não Motorizado,68591.48458061091
463,Coletivo,29110.92789492381
463,Individual,20340.687738149223
463,Modo Motorizado,49451.61563307303
463,Modo Não Motorizado,65091.04548402187
464,Coletivo,30103.37280726951
464,Individual,31550.74200769188
464,Modo Motorizado,61654.11481496139
464,Modo Não Motorizado,54057.26790092572
465,Coletivo,49298.84054946696
465,Individual,63030.298041151415
465,Modo Motorizado,112329.13859061837
465,Modo Não Motorizado,73850.89578018217
466,Coletivo,41947.49331846314
466,Individual,47838.615641536984
466,Modo Motorizado,89786.10896000013
466,Modo Não Motorizado,48035.072847519245
467,Coletivo,12549.182649141001
467,Individual,11013.010798904765
467,Modo Motorizado,23562.193448045764
467,Modo Não Motorizado,9532.851426190424
468,Coletivo,82675.42673929007
468,Individual,91187.97098505171
468,Modo Motorizado,173863.39772434178
468,Modo Não Motorizado,83922.15326278846
469,Coletivo,2665.8617173850575
469,Individual,2022.754497546315
469,Modo Motorizado,4688.616214931372
469,Modo Não Motorizado,2013.4644966484943
470,Coletivo,4842.167850859079
470,Individual,6620.657218752305
470,Modo Motorizado,11462.825069611385
470,Modo Não Motorizado,3711.2122062961985
471,Coletivo,5659.167327697237
471,Individual,5630.477134830361
471,Modo Motorizado,11289.644462527598
471,Modo Não Motorizado,8961.154098423325
472,Coletivo,23746.05624982473
472,Individual,27056.762810854387
472,Modo Motorizado,50802.81906067912
472,Modo Não Motorizado,20474.78064293705
473,Coletivo,11735.57908706605
473,Individual,9323.949107546068
473,Modo Motorizado,21059.528194612118
473,Modo Não Motorizado,4386.179636798486
474,Coletivo,6002.723670809221
474,Individual,1838.2551577304416
474,Modo Motorizado,7840.978828539663
474,Modo Não Motorizado,996.6856035098085
475,Coletivo,15327.898100618952
475,Individual,13332.656941123038
475,Modo Motorizado,28660.555041741987
475,Modo Não Motorizado,15556.169536747115
476,Coletivo,64003.732585726786
476,Individual,74366.91370572799
476,Modo Motorizado,138370.6462914548
476,Modo Não Motorizado,37300.966417859665
477,Coletivo,29824.68640751874
477,Individual,51611.33971176235
477,Modo Motorizado,81436.0261192811
477,Modo Não Motorizado,36378.53924158376
478,Coletivo,48166.105045381315
478,Individual,66483.53047983749
478,Modo Motorizado,114649.6355252188
478,Modo Não Motorizado,13985.10728447576
479,Coletivo,5961.202556393042
479,Individual,6513.308378283712
479,Modo Motorizado,12474.510934676753
479,Modo Não Motorizado,3225.75624782482
480,Coletivo,20815.917163676804
480,Individual,19997.397850513666
480,Modo Motorizado,40813.31501419047
480,Modo Não Motorizado,21285.212477046854
481,Coletivo,25305.14747369567
481,Individual,41063.08093054923
481,Modo Motorizado,66368.2284042449
481,Modo Não Motorizado,40618.51490789367
482,Coletivo,10096.340203392312
482,Individual,15840.898404515336
482,Modo Motorizado,25937.238607907646
482,Modo Não Motorizado,16543.329827508704
483,Coletivo,4937.880023531162
483,Individual,6190.345173301951
483,Modo Motorizado,11128.225196833113
483,Modo Não Motorizado,934.474781814368
484,Coletivo,64355.278887594206
484,Individual,33440.499452276905
484,Modo Motorizado,97795.77833987112
484,Modo Não Motorizado,51700.2126484892
485,Coletivo,73225.14924221652
485,Individual,44931.09903515846
485,Modo Motorizado,118156.24827737498
485,Modo Não Motorizado,75159.2260064259
486,Coletivo,25136.363806365924
486,Individual,41190.21156229555
486,Modo Motorizado,66326.57536866148
486,Modo Não Motorizado,49324.27717842672
487,Coletivo,16547.73849141271
487,Individual,14766.6281230033
487,Modo Motorizado,31314.36661441601
487,Modo Não Motorizado,11413.127649071525
488,Coletivo,14470.058929656067
488,Individual,17792.484057907186
488,Modo Motorizado,32262.542987563254
488,Modo Não Motorizado,34506.44605200464
489,Coletivo,44666.05072326906
489,Individual,35293.25996299634
489,Modo Motorizado,79959.3106862654
489,Modo Não Motorizado,10904.841363238307
490,Coletivo,30345.311802925407
490,Individual,33593.75006075966
490,Modo Motorizado,63939.06186368507
490,Modo Não Motorizado,9725.901625825178
491,Coletivo,26335.526013823222
491,Individual,28815.37863838185
491,Modo Motorizado,55150.90465220508
491,Modo Não Motorizado,14394.780241447397
492,Coletivo,39421.04411042429
492,Individual,71823.98723632944
492,Modo Motorizado,111245.03134675373
492,Modo Não Motorizado,48184.46978591694
493,Coletivo,12971.122846177503
493,Individual,9437.138755935837
493,Modo Motorizado,22408.26160211334
493,Modo Não Motorizado,13049.178949892126
494,Coletivo,27212.78269826878
494,Individual,21455.166577932378
494,Modo Motorizado,48667.94927620116
494,Modo Não Motorizado,36086.98767212077
495,Coletivo,49883.93369005234
495,Individual,47227.36586271955
495,Modo Motorizado,97111.29955277189
495,Modo Não Motorizado,53536.27999641988
496,Coletivo,26991.555849492477
496,Individual,54968.57699658532
496,Modo Motorizado,81960.13284607779
496,Modo Não Motorizado,29980.953763843274
497,Coletivo,5300.570346719734
497,Individual,8274.377365798204
497,Modo Motorizado,13574.947712517936
497,Modo Não Motorizado,8224.832806787588
498,Coletivo,15655.125040459396
498,Individual,19627.994859458315
498,Modo Motorizado,35283.119899917714
498,Modo Não Motorizado,12094.419538234655
499,Coletivo,54084.70024665155
499,Individual,37747.33509994035
499,Modo Motorizado,91832.0353465919
499,Modo Não Motorizado,68380.17445955942
500,Coletivo,20745.86672947703
500,Individual,23498.8433024624
500,Modo Motorizado,44244.71003193943
500,Modo Não Motorizado,33586.60960296463
501,Coletivo,25497.297710351868
501,Individual,27416.084390101685
501,Modo Motorizado,52913.38210045356
501,Modo Não Motorizado,43349.04917967063
502,Coletivo,20207.24608037313
502,Individual,13667.985151454837
502,Modo Motorizado,33875.231231827966
502,Modo Não Motorizado,12065.18105458265
503,Coletivo,9084.733806272357
503,Individual,12685.98400569945
503,Modo Motorizado,21770.71781197181
503,Modo Não Motorizado,5548.681707634606
504,Coletivo,32344.372342231418
504,Individual,46579.205720293845
504,Modo Motorizado,78923.57806252527
504,Modo Não Motorizado,70371.88485729965
505,Coletivo,2474.038357327509
505,Individual,5894.9883542221005
505,Modo Motorizado,8369.02671154961
505,Modo Não Motorizado,1593.2413369084195
506,Coletivo,28068.11621971172
506,Individual,38596.64224648047
506,Modo Motorizado,66664.75846619219
506,Modo Não Motorizado,13641.330057711211
507,Coletivo,18106.4020028649
507,Individual,29513.212337120152
507,Modo Motorizado,47619.614339985055
507,Modo Não Motorizado,8317.634062291825
508,Coletivo,67941.11285431198
508,Individual,103944.56923188674
508,Modo Motorizado,171885.6820861987
508,Modo Não Motorizado,73772.1551494534
509,Coletivo,2834.3420648494257
509,Individual,2631.2173745094283
509,Modo Motorizado,5465.559439358854
509,Modo Não Motorizado,1461.1138261911237
510,Coletivo,0
510,Individual,0
510,Modo Motorizado,0
510,Modo Não Motorizado,0
511,Coletivo,11839.856387016558
511,Individual,17980.96638197561
511,Modo Motorizado,29820.82276899217
511,Modo Não Motorizado,27696.137172568084
512,Coletivo,21519.378083356263
512,Individual,35770.079890224624
512,Modo Motorizado,57289.45797358089
512,Modo Não Motorizado,38955.28492255871
513,Coletivo,1086.3486795174138
513,Individual,1434.1866103910602
513,Modo Motorizado,2520.5352899084737
513,Modo Não Motorizado,395.7886180974502
514,Coletivo,53887.710846984795
514,Individual,44052.91192753659
514,Modo Motorizado,97940.62277452138
514,Modo Não Motorizado,60367.9787901823
515,Coletivo,52428.34488165647
515,Individual,47887.475581840925
515,Modo Motorizado,100315.8204634974
515,Modo Não Motorizado,53982.52608892252
516,Coletivo,66984.54756408493
516,Individual,94454.01793226537
516,Modo Motorizado,161438.5654963503
516,Modo Não Motorizado,53303.02000877906
517,Coletivo,6337.125724005462
517,Individual,2867.177452403953
517,Modo Motorizado,9204.303176409416
517,Modo Não Motorizado,13722.931262386595
